{"address":"","progress_loop":{"progress_with_timeout":{"num":9,"min":0.000002861,"max":0.101079702,"avg":0.011401070,"var":0.009048125,"sum":0.102609634},"progress_timeout_value_msec":{"num":9,"min":100.000000000.0,"max":100.000000000.0,"avg":100.000000000.0,"var":0.000000000.0,"sum":900.000000000.0},"progress_without_timeout":{"num":0,"min":0.000000000.0,"max":0.000000000.0,"avg":0.000000000.0,"var":0.000000000.0,"sum":0.000000000.0},"trigger":{"num":5,"min":0.000000238,"max":0.000000954,"avg":0.000000477,"var":0.000000000,"sum":0.000002384}},"rpcs":{"65535:65535:5386877029230641151:0":{"rpc_id":5386877029230641151,"provider_id":0,"parent_rpc_id":65535,"parent_provider_id":65535,"name":"bedrock_query_config","origin":{"sent to ofi+cxi://0x2001d400":{"iforward":{"duration":{"num":2,"min":0.000015020,"max":0.000056505,"avg":0.000035763,"var":0.000000001,"sum":0.000071526},"relative_timestamp_from_create":{"num":2,"min":0.000000238,"max":0.000003576,"avg":0.000001907,"var":0.000000000,"sum":0.000003815}},"forward_cb":{"duration":{"num":2,"min":0.000000238,"max":0.000000477,"avg":0.000000358,"var":0.000000000,"sum":0.000000715},"relative_timestamp_from_iforward_start":{"num":2,"min":0.000626326,"max":0.000789165,"avg":0.000707746,"var":0.000000013,"sum":0.001415491}},"iforward_wait":{"duration":{"num":2,"min":0.000612020,"max":0.000716925,"avg":0.000664473,"var":0.000000006,"sum":0.001328945},"relative_timestamp_from_iforward_end":{"num":2,"min":0.000000000.0,"max":0.000017166,"avg":0.000008583,"var":0.000000000,"sum":0.000017166}},"set_input":{"duration":{"num":2,"min":0.000000238,"max":0.000010252,"avg":0.000005245,"var":0.000000000,"sum":0.000010490},"relative_timestamp_from_iforward_start":{"num":2,"min":0.000002384,"max":0.000017166,"avg":0.000009775,"var":0.000000000,"sum":0.000019550}},"get_output":{"duration":{"num":2,"min":0.000000477,"max":0.000002623,"avg":0.000001550,"var":0.000000000,"sum":0.000003099},"relative_timestamp_from_wait_end":{"num":2,"min":0.000000477,"max":0.000004292,"avg":0.000002384,"var":0.000000000,"sum":0.000004768}}}}},"65535:65535:7940397281847607295:3":{"rpc_id":7940397281847607295,"provider_id":3,"parent_rpc_id":65535,"parent_provider_id":65535,"name":"__identity__","origin":{"sent to ofi+cxi://0x2001d400":{"iforward":{"duration":{"num":1,"min":0.000016212,"max":0.000016212,"avg":0.000016212,"var":0.000000000.0,"sum":0.000016212},"relative_timestamp_from_create":{"num":1,"min":0.000000238,"max":0.000000238,"avg":0.000000238,"var":0.000000000.0,"sum":0.000000238}},"forward_cb":{"duration":{"num":1,"min":0.000000238,"max":0.000000238,"avg":0.000000238,"var":0.000000000.0,"sum":0.000000238},"relative_timestamp_from_iforward_start":{"num":1,"min":0.000036001,"max":0.000036001,"avg":0.000036001,"var":0.000000000.0,"sum":0.000036001}},"iforward_wait":{"duration":{"num":1,"min":0.000020027,"max":0.000020027,"avg":0.000020027,"var":0.000000000.0,"sum":0.000020027},"relative_timestamp_from_iforward_end":{"num":1,"min":0.000000477,"max":0.000000477,"avg":0.000000477,"var":0.000000000.0,"sum":0.000000477}},"set_input":{"duration":{"num":0,"min":0.000000000.0,"max":0.000000000.0,"avg":0.000000000.0,"var":0.000000000.0,"sum":0.000000000.0},"relative_timestamp_from_iforward_start":{"num":0,"min":0.000000000.0,"max":0.000000000.0,"avg":0.000000000.0,"var":0.000000000.0,"sum":0.000000000.0}},"get_output":{"duration":{"num":1,"min":0.000002623,"max":0.000002623,"avg":0.000002623,"var":0.000000000.0,"sum":0.000002623},"relative_timestamp_from_wait_end":{"num":1,"min":0.000000238,"max":0.000000238,"avg":0.000000238,"var":0.000000000.0,"sum":0.000000238}}}}},"65535:65535:13994581936748691455:0":{"rpc_id":-4452162136960860161,"provider_id":0,"parent_rpc_id":65535,"parent_provider_id":65535,"name":"bedrock_start_provider","origin":{"sent to ofi+cxi://0x2001d400":{"iforward":{"duration":{"num":1,"min":0.000027657,"max":0.000027657,"avg":0.000027657,"var":0.000000000.0,"sum":0.000027657},"relative_timestamp_from_create":{"num":1,"min":0.000000238,"max":0.000000238,"avg":0.000000238,"var":0.000000000.0,"sum":0.000000238}},"forward_cb":{"duration":{"num":1,"min":0.000000238,"max":0.000000238,"avg":0.000000238,"var":0.000000000.0,"sum":0.000000238},"relative_timestamp_from_iforward_start":{"num":1,"min":0.000152826,"max":0.000152826,"avg":0.000152826,"var":0.000000000.0,"sum":0.000152826}},"iforward_wait":{"duration":{"num":1,"min":0.000125647,"max":0.000125647,"avg":0.000125647,"var":0.000000000.0,"sum":0.000125647},"relative_timestamp_from_iforward_end":{"num":1,"min":0.000000238,"max":0.000000238,"avg":0.000000238,"var":0.000000000.0,"sum":0.000000238}},"set_input":{"duration":{"num":1,"min":0.000000238,"max":0.000000238,"avg":0.000000238,"var":0.000000000.0,"sum":0.000000238},"relative_timestamp_from_iforward_start":{"num":1,"min":0.000007868,"max":0.000007868,"avg":0.000007868,"var":0.000000000.0,"sum":0.000007868}},"get_output":{"duration":{"num":1,"min":0.000000477,"max":0.000000477,"avg":0.000000477,"var":0.000000000.0,"sum":0.000000477},"relative_timestamp_from_wait_end":{"num":1,"min":0.000000238,"max":0.000000238,"avg":0.000000238,"var":0.000000000.0,"sum":0.000000238}}}}},"65535:65535:16409450654956847103:3":{"rpc_id":-2037293418752704513,"provider_id":3,"parent_rpc_id":65535,"parent_provider_id":65535,"name":"yk_doc_store","origin":{"sent to ofi+cxi://0x2001d400":{"iforward":{"duration":{"num":1,"min":0.000026703,"max":0.000026703,"avg":0.000026703,"var":0.000000000.0,"sum":0.000026703},"relative_timestamp_from_create":{"num":1,"min":0.000000000.0,"max":0.000000000.0,"avg":0.000000000.0,"var":0.000000000.0,"sum":0.000000000.0}},"forward_cb":{"duration":{"num":1,"min":0.000000000.0,"max":0.000000000.0,"avg":0.000000000.0,"var":0.000000000.0,"sum":0.000000000.0},"relative_timestamp_from_iforward_start":{"num":1,"min":0.000097513,"max":0.000097513,"avg":0.000097513,"var":0.000000000.0,"sum":0.000097513}},"iforward_wait":{"duration":{"num":1,"min":0.000071287,"max":0.000071287,"avg":0.000071287,"var":0.000000000.0,"sum":0.000071287},"relative_timestamp_from_iforward_end":{"num":1,"min":0.000000238,"max":0.000000238,"avg":0.000000238,"var":0.000000000.0,"sum":0.000000238}},"set_input":{"duration":{"num":1,"min":0.000005007,"max":0.000005007,"avg":0.000005007,"var":0.000000000.0,"sum":0.000005007},"relative_timestamp_from_iforward_start":{"num":1,"min":0.000003338,"max":0.000003338,"avg":0.000003338,"var":0.000000000.0,"sum":0.000003338}},"get_output":{"duration":{"num":1,"min":0.000003815,"max":0.000003815,"avg":0.000003815,"var":0.000000000.0,"sum":0.000003815},"relative_timestamp_from_wait_end":{"num":1,"min":0.000000000.0,"max":0.000000000.0,"avg":0.000000000.0,"var":0.000000000.0,"sum":0.000000000.0}}}}},"65535:65535:65535:65535":{"rpc_id":65535,"provider_id":65535,"parent_rpc_id":65535,"parent_provider_id":65535,"name":"","target":{"received from <unknown>":{"bulk":{"create":{"duration":{"num":1,"min":0.000041008,"max":0.000041008,"avg":0.000041008,"var":0.000000000.0,"sum":0.000041008},"size":{"num":1,"min":104.000000000.0,"max":104.000000000.0,"avg":104.000000000.0,"var":0.000000000.0,"sum":104.000000000.0}}}}}}}}