{"address":"","progress_loop":{"progress_with_timeout":{"num":9,"min":0.000002623,"max":0.103074789,"avg":0.011645079,"var":0.009405103,"sum":0.104805708},"progress_timeout_value_msec":{"num":9,"min":100.000000000.0,"max":100.000000000.0,"avg":100.000000000.0,"var":0.000000000.0,"sum":900.000000000.0},"progress_without_timeout":{"num":0,"min":0.000000000.0,"max":0.000000000.0,"avg":0.000000000.0,"var":0.000000000.0,"sum":0.000000000.0},"trigger":{"num":5,"min":0.000000238,"max":0.000000954,"avg":0.000000429,"var":0.000000000,"sum":0.000002146}},"rpcs":{"65535:65535:5386877029230641151:0":{"rpc_id":5386877029230641151,"provider_id":0,"parent_rpc_id":65535,"parent_provider_id":65535,"name":"bedrock_query_config","origin":{"sent to ofi+cxi://0x2001d400":{"iforward":{"duration":{"num":2,"min":0.000015020,"max":0.000055552,"avg":0.000035286,"var":0.000000001,"sum":0.000070572},"relative_timestamp_from_create":{"num":2,"min":0.000000238,"max":0.000003815,"avg":0.000002027,"var":0.000000000,"sum":0.000004053}},"forward_cb":{"duration":{"num":2,"min":0.000000238,"max":0.000000477,"avg":0.000000358,"var":0.000000000,"sum":0.000000715},"relative_timestamp_from_iforward_start":{"num":2,"min":0.000715256,"max":0.000901937,"avg":0.000808597,"var":0.000000017,"sum":0.001617193}},"iforward_wait":{"duration":{"num":2,"min":0.000700951,"max":0.000830889,"avg":0.000765920,"var":0.000000008,"sum":0.001531839},"relative_timestamp_from_iforward_end":{"num":2,"min":0.000000238,"max":0.000017166,"avg":0.000008702,"var":0.000000000,"sum":0.000017405}},"set_input":{"duration":{"num":2,"min":0.000000477,"max":0.000010252,"avg":0.000005364,"var":0.000000000,"sum":0.000010729},"relative_timestamp_from_iforward_start":{"num":2,"min":0.000002384,"max":0.000017166,"avg":0.000009775,"var":0.000000000,"sum":0.000019550}},"get_output":{"duration":{"num":2,"min":0.000000715,"max":0.000002623,"avg":0.000001669,"var":0.000000000,"sum":0.000003338},"relative_timestamp_from_wait_end":{"num":2,"min":0.000000238,"max":0.000004292,"avg":0.000002265,"var":0.000000000,"sum":0.000004530}}}}},"65535:65535:7940397281847607295:3":{"rpc_id":7940397281847607295,"provider_id":3,"parent_rpc_id":65535,"parent_provider_id":65535,"name":"__identity__","origin":{"sent to ofi+cxi://0x2001d400":{"iforward":{"duration":{"num":1,"min":0.000016212,"max":0.000016212,"avg":0.000016212,"var":0.000000000.0,"sum":0.000016212},"relative_timestamp_from_create":{"num":1,"min":0.000000238,"max":0.000000238,"avg":0.000000238,"var":0.000000000.0,"sum":0.000000238}},"forward_cb":{"duration":{"num":1,"min":0.000000238,"max":0.000000238,"avg":0.000000238,"var":0.000000000.0,"sum":0.000000238},"relative_timestamp_from_iforward_start":{"num":1,"min":0.000039816,"max":0.000039816,"avg":0.000039816,"var":0.000000000.0,"sum":0.000039816}},"iforward_wait":{"duration":{"num":1,"min":0.000024080,"max":0.000024080,"avg":0.000024080,"var":0.000000000.0,"sum":0.000024080},"relative_timestamp_from_iforward_end":{"num":1,"min":0.000000238,"max":0.000000238,"avg":0.000000238,"var":0.000000000.0,"sum":0.000000238}},"set_input":{"duration":{"num":0,"min":0.000000000.0,"max":0.000000000.0,"avg":0.000000000.0,"var":0.000000000.0,"sum":0.000000000.0},"relative_timestamp_from_iforward_start":{"num":0,"min":0.000000000.0,"max":0.000000000.0,"avg":0.000000000.0,"var":0.000000000.0,"sum":0.000000000.0}},"get_output":{"duration":{"num":1,"min":0.000002623,"max":0.000002623,"avg":0.000002623,"var":0.000000000.0,"sum":0.000002623},"relative_timestamp_from_wait_end":{"num":1,"min":0.000000238,"max":0.000000238,"avg":0.000000238,"var":0.000000000.0,"sum":0.000000238}}}}},"65535:65535:13994581936748691455:0":{"rpc_id":-4452162136960860161,"provider_id":0,"parent_rpc_id":65535,"parent_provider_id":65535,"name":"bedrock_start_provider","origin":{"sent to ofi+cxi://0x2001d400":{"iforward":{"duration":{"num":1,"min":0.000025988,"max":0.000025988,"avg":0.000025988,"var":0.000000000.0,"sum":0.000025988},"relative_timestamp_from_create":{"num":1,"min":0.000000000.0,"max":0.000000000.0,"avg":0.000000000.0,"var":0.000000000.0,"sum":0.000000000.0}},"forward_cb":{"duration":{"num":1,"min":0.000000000.0,"max":0.000000000.0,"avg":0.000000000.0,"var":0.000000000.0,"sum":0.000000000.0},"relative_timestamp_from_iforward_start":{"num":1,"min":0.000145674,"max":0.000145674,"avg":0.000145674,"var":0.000000000.0,"sum":0.000145674}},"iforward_wait":{"duration":{"num":1,"min":0.000120401,"max":0.000120401,"avg":0.000120401,"var":0.000000000.0,"sum":0.000120401},"relative_timestamp_from_iforward_end":{"num":1,"min":0.000000000.0,"max":0.000000000.0,"avg":0.000000000.0,"var":0.000000000.0,"sum":0.000000000.0}},"set_input":{"duration":{"num":1,"min":0.000000477,"max":0.000000477,"avg":0.000000477,"var":0.000000000.0,"sum":0.000000477},"relative_timestamp_from_iforward_start":{"num":1,"min":0.000005960,"max":0.000005960,"avg":0.000005960,"var":0.000000000.0,"sum":0.000005960}},"get_output":{"duration":{"num":1,"min":0.000000477,"max":0.000000477,"avg":0.000000477,"var":0.000000000.0,"sum":0.000000477},"relative_timestamp_from_wait_end":{"num":1,"min":0.000000715,"max":0.000000715,"avg":0.000000715,"var":0.000000000.0,"sum":0.000000715}}}}},"65535:65535:16409450654956847103:3":{"rpc_id":-2037293418752704513,"provider_id":3,"parent_rpc_id":65535,"parent_provider_id":65535,"name":"yk_doc_store","origin":{"sent to ofi+cxi://0x2001d400":{"iforward":{"duration":{"num":1,"min":0.000026703,"max":0.000026703,"avg":0.000026703,"var":0.000000000.0,"sum":0.000026703},"relative_timestamp_from_create":{"num":1,"min":0.000000238,"max":0.000000238,"avg":0.000000238,"var":0.000000000.0,"sum":0.000000238}},"forward_cb":{"duration":{"num":1,"min":0.000000238,"max":0.000000238,"avg":0.000000238,"var":0.000000000.0,"sum":0.000000238},"relative_timestamp_from_iforward_start":{"num":1,"min":0.000097752,"max":0.000097752,"avg":0.000097752,"var":0.000000000.0,"sum":0.000097752}},"iforward_wait":{"duration":{"num":1,"min":0.000071764,"max":0.000071764,"avg":0.000071764,"var":0.000000000.0,"sum":0.000071764},"relative_timestamp_from_iforward_end":{"num":1,"min":0.000000000.0,"max":0.000000000.0,"avg":0.000000000.0,"var":0.000000000.0,"sum":0.000000000.0}},"set_input":{"duration":{"num":1,"min":0.000005007,"max":0.000005007,"avg":0.000005007,"var":0.000000000.0,"sum":0.000005007},"relative_timestamp_from_iforward_start":{"num":1,"min":0.000003338,"max":0.000003338,"avg":0.000003338,"var":0.000000000.0,"sum":0.000003338}},"get_output":{"duration":{"num":1,"min":0.000003815,"max":0.000003815,"avg":0.000003815,"var":0.000000000.0,"sum":0.000003815},"relative_timestamp_from_wait_end":{"num":1,"min":0.000000238,"max":0.000000238,"avg":0.000000238,"var":0.000000000.0,"sum":0.000000238}}}}},"65535:65535:65535:65535":{"rpc_id":65535,"provider_id":65535,"parent_rpc_id":65535,"parent_provider_id":65535,"name":"","target":{"received from <unknown>":{"bulk":{"create":{"duration":{"num":1,"min":0.000040531,"max":0.000040531,"avg":0.000040531,"var":0.000000000.0,"sum":0.000040531},"size":{"num":1,"min":105.000000000.0,"max":105.000000000.0,"avg":105.000000000.0,"var":0.000000000.0,"sum":105.000000000.0}}}}}}}}