{"address":"","progress_loop":{"progress_with_timeout":{"num":9,"min":0.000002861,"max":0.096279383,"avg":0.010872629,"var":0.008206432,"sum":0.097853661},"progress_timeout_value_msec":{"num":9,"min":100.000000000.0,"max":100.000000000.0,"avg":100.000000000.0,"var":0.000000000.0,"sum":900.000000000.0},"progress_without_timeout":{"num":0,"min":0.000000000.0,"max":0.000000000.0,"avg":0.000000000.0,"var":0.000000000.0,"sum":0.000000000.0},"trigger":{"num":5,"min":0.000000238,"max":0.000000715,"avg":0.000000334,"var":0.000000000,"sum":0.000001669}},"rpcs":{"65535:65535:5386877029230641151:0":{"rpc_id":5386877029230641151,"provider_id":0,"parent_rpc_id":65535,"parent_provider_id":65535,"name":"bedrock_query_config","origin":{"sent to ofi+cxi://0x2073d400":{"iforward":{"duration":{"num":2,"min":0.000015020,"max":0.000055790,"avg":0.000035405,"var":0.000000001,"sum":0.000070810},"relative_timestamp_from_create":{"num":2,"min":0.000000238,"max":0.000003815,"avg":0.000002027,"var":0.000000000,"sum":0.000004053}},"forward_cb":{"duration":{"num":2,"min":0.000000238,"max":0.000000477,"avg":0.000000358,"var":0.000000000,"sum":0.000000715},"relative_timestamp_from_iforward_start":{"num":2,"min":0.000388861,"max":0.000575066,"avg":0.000481963,"var":0.000000017,"sum":0.000963926}},"iforward_wait":{"duration":{"num":2,"min":0.000374556,"max":0.000503778,"avg":0.000439167,"var":0.000000008,"sum":0.000878334},"relative_timestamp_from_iforward_end":{"num":2,"min":0.000000000.0,"max":0.000016689,"avg":0.000008345,"var":0.000000000,"sum":0.000016689}},"set_input":{"duration":{"num":2,"min":0.000000477,"max":0.000010014,"avg":0.000005245,"var":0.000000000,"sum":0.000010490},"relative_timestamp_from_iforward_start":{"num":2,"min":0.000002384,"max":0.000016689,"avg":0.000009537,"var":0.000000000,"sum":0.000019073}},"get_output":{"duration":{"num":2,"min":0.000000477,"max":0.000002623,"avg":0.000001550,"var":0.000000000,"sum":0.000003099},"relative_timestamp_from_wait_end":{"num":2,"min":0.000000477,"max":0.000004768,"avg":0.000002623,"var":0.000000000,"sum":0.000005245}}}}},"65535:65535:7940397281847607295:3":{"rpc_id":7940397281847607295,"provider_id":3,"parent_rpc_id":65535,"parent_provider_id":65535,"name":"__identity__","origin":{"sent to ofi+cxi://0x2073d400":{"iforward":{"duration":{"num":1,"min":0.000014544,"max":0.000014544,"avg":0.000014544,"var":0.000000000.0,"sum":0.000014544},"relative_timestamp_from_create":{"num":1,"min":0.000000000.0,"max":0.000000000.0,"avg":0.000000000.0,"var":0.000000000.0,"sum":0.000000000.0}},"forward_cb":{"duration":{"num":1,"min":0.000000000.0,"max":0.000000000.0,"avg":0.000000000.0,"var":0.000000000.0,"sum":0.000000000.0},"relative_timestamp_from_iforward_start":{"num":1,"min":0.000029325,"max":0.000029325,"avg":0.000029325,"var":0.000000000.0,"sum":0.000029325}},"iforward_wait":{"duration":{"num":1,"min":0.000015020,"max":0.000015020,"avg":0.000015020,"var":0.000000000.0,"sum":0.000015020},"relative_timestamp_from_iforward_end":{"num":1,"min":0.000000238,"max":0.000000238,"avg":0.000000238,"var":0.000000000.0,"sum":0.000000238}},"set_input":{"duration":{"num":0,"min":0.000000000.0,"max":0.000000000.0,"avg":0.000000000.0,"var":0.000000000.0,"sum":0.000000000.0},"relative_timestamp_from_iforward_start":{"num":0,"min":0.000000000.0,"max":0.000000000.0,"avg":0.000000000.0,"var":0.000000000.0,"sum":0.000000000.0}},"get_output":{"duration":{"num":1,"min":0.000002861,"max":0.000002861,"avg":0.000002861,"var":0.000000000.0,"sum":0.000002861},"relative_timestamp_from_wait_end":{"num":1,"min":0.000000238,"max":0.000000238,"avg":0.000000238,"var":0.000000000.0,"sum":0.000000238}}}}},"65535:65535:13994581936748691455:0":{"rpc_id":-4452162136960860161,"provider_id":0,"parent_rpc_id":65535,"parent_provider_id":65535,"name":"bedrock_start_provider","origin":{"sent to ofi+cxi://0x2073d400":{"iforward":{"duration":{"num":1,"min":0.000025272,"max":0.000025272,"avg":0.000025272,"var":0.000000000.0,"sum":0.000025272},"relative_timestamp_from_create":{"num":1,"min":0.000000000.0,"max":0.000000000.0,"avg":0.000000000.0,"var":0.000000000.0,"sum":0.000000000.0}},"forward_cb":{"duration":{"num":1,"min":0.000000000.0,"max":0.000000000.0,"avg":0.000000000.0,"var":0.000000000.0,"sum":0.000000000.0},"relative_timestamp_from_iforward_start":{"num":1,"min":0.000496149,"max":0.000496149,"avg":0.000496149,"var":0.000000000.0,"sum":0.000496149}},"iforward_wait":{"duration":{"num":1,"min":0.000471354,"max":0.000471354,"avg":0.000471354,"var":0.000000000.0,"sum":0.000471354},"relative_timestamp_from_iforward_end":{"num":1,"min":0.000000000.0,"max":0.000000000.0,"avg":0.000000000.0,"var":0.000000000.0,"sum":0.000000000.0}},"set_input":{"duration":{"num":1,"min":0.000000238,"max":0.000000238,"avg":0.000000238,"var":0.000000000.0,"sum":0.000000238},"relative_timestamp_from_iforward_start":{"num":1,"min":0.000005722,"max":0.000005722,"avg":0.000005722,"var":0.000000000.0,"sum":0.000005722}},"get_output":{"duration":{"num":1,"min":0.000000477,"max":0.000000477,"avg":0.000000477,"var":0.000000000.0,"sum":0.000000477},"relative_timestamp_from_wait_end":{"num":1,"min":0.000000238,"max":0.000000238,"avg":0.000000238,"var":0.000000000.0,"sum":0.000000238}}}}},"65535:65535:16409450654956847103:3":{"rpc_id":-2037293418752704513,"provider_id":3,"parent_rpc_id":65535,"parent_provider_id":65535,"name":"yk_doc_store","origin":{"sent to ofi+cxi://0x2073d400":{"iforward":{"duration":{"num":1,"min":0.000027418,"max":0.000027418,"avg":0.000027418,"var":0.000000000.0,"sum":0.000027418},"relative_timestamp_from_create":{"num":1,"min":0.000000238,"max":0.000000238,"avg":0.000000238,"var":0.000000000.0,"sum":0.000000238}},"forward_cb":{"duration":{"num":1,"min":0.000000238,"max":0.000000238,"avg":0.000000238,"var":0.000000000.0,"sum":0.000000238},"relative_timestamp_from_iforward_start":{"num":1,"min":0.000252485,"max":0.000252485,"avg":0.000252485,"var":0.000000000.0,"sum":0.000252485}},"iforward_wait":{"duration":{"num":1,"min":0.000225782,"max":0.000225782,"avg":0.000225782,"var":0.000000000.0,"sum":0.000225782},"relative_timestamp_from_iforward_end":{"num":1,"min":0.000000000.0,"max":0.000000000.0,"avg":0.000000000.0,"var":0.000000000.0,"sum":0.000000000.0}},"set_input":{"duration":{"num":1,"min":0.000005484,"max":0.000005484,"avg":0.000005484,"var":0.000000000.0,"sum":0.000005484},"relative_timestamp_from_iforward_start":{"num":1,"min":0.000003099,"max":0.000003099,"avg":0.000003099,"var":0.000000000.0,"sum":0.000003099}},"get_output":{"duration":{"num":1,"min":0.000004292,"max":0.000004292,"avg":0.000004292,"var":0.000000000.0,"sum":0.000004292},"relative_timestamp_from_wait_end":{"num":1,"min":0.000000238,"max":0.000000238,"avg":0.000000238,"var":0.000000000.0,"sum":0.000000238}}}}},"65535:65535:65535:65535":{"rpc_id":65535,"provider_id":65535,"parent_rpc_id":65535,"parent_provider_id":65535,"name":"","target":{"received from <unknown>":{"bulk":{"create":{"duration":{"num":1,"min":0.000042677,"max":0.000042677,"avg":0.000042677,"var":0.000000000.0,"sum":0.000042677},"size":{"num":1,"min":104.000000000.0,"max":104.000000000.0,"avg":104.000000000.0,"var":0.000000000.0,"sum":104.000000000.0}}}}}}}}