{"address":"","progress_loop":{"progress_with_timeout":{"num":10535,"min":0.000000715,"max":0.129825115,"avg":0.098355870,"var":1.610690205,"sum":1036.179087400},"progress_timeout_value_msec":{"num":10535,"min":100.000000000.0,"max":100.000000000.0,"avg":100.000000000.0,"var":0.000000000.0,"sum":1053500.000000000.0},"progress_without_timeout":{"num":240518,"min":0.000000000.0,"max":0.000038862,"avg":0.000000088,"var":0.000000009,"sum":0.021138191},"trigger":{"num":297,"min":0.000000000.0,"max":0.027946472,"avg":0.003098845,"var":0.010864567,"sum":0.920356989}},"rpcs":{"65535:65535:5386877029230641151:0":{"rpc_id":5386877029230641151,"provider_id":0,"parent_rpc_id":65535,"parent_provider_id":65535,"name":"bedrock_query_config","origin":{"sent to ofi+cxi://0x2083d600":{"iforward":{"duration":{"num":1,"min":0.000142813,"max":0.000142813,"avg":0.000142813,"var":0.000000000.0,"sum":0.000142813},"relative_timestamp_from_create":{"num":1,"min":0.000018835,"max":0.000018835,"avg":0.000018835,"var":0.000000000.0,"sum":0.000018835}},"forward_cb":{"duration":{"num":1,"min":0.027945757,"max":0.027945757,"avg":0.027945757,"var":0.000000000.0,"sum":0.027945757},"relative_timestamp_from_iforward_start":{"num":1,"min":0.001301289,"max":0.001301289,"avg":0.001301289,"var":0.000000000.0,"sum":0.001301289}},"iforward_wait":{"duration":{"num":1,"min":0.045017719,"max":0.045017719,"avg":0.045017719,"var":0.000000000.0,"sum":0.045017719},"relative_timestamp_from_iforward_end":{"num":1,"min":0.000087738,"max":0.000087738,"avg":0.000087738,"var":0.000000000.0,"sum":0.000087738}},"set_input":{"duration":{"num":1,"min":0.000056505,"max":0.000056505,"avg":0.000056505,"var":0.000000000.0,"sum":0.000056505},"relative_timestamp_from_iforward_start":{"num":1,"min":0.000055790,"max":0.000055790,"avg":0.000055790,"var":0.000000000.0,"sum":0.000055790}},"get_output":{"duration":{"num":1,"min":0.000010490,"max":0.000010490,"avg":0.000010490,"var":0.000000000.0,"sum":0.000010490},"relative_timestamp_from_wait_end":{"num":1,"min":0.000072479,"max":0.000072479,"avg":0.000072479,"var":0.000000000.0,"sum":0.000072479}}}}},"65535:65535:7940397281847607295:3":{"rpc_id":7940397281847607295,"provider_id":3,"parent_rpc_id":65535,"parent_provider_id":65535,"name":"__identity__","origin":{"sent to ofi+cxi://0x2083d600":{"iforward":{"duration":{"num":1,"min":0.000019550,"max":0.000019550,"avg":0.000019550,"var":0.000000000.0,"sum":0.000019550},"relative_timestamp_from_create":{"num":1,"min":0.000000000.0,"max":0.000000000.0,"avg":0.000000000.0,"var":0.000000000.0,"sum":0.000000000.0}},"forward_cb":{"duration":{"num":1,"min":0.000002384,"max":0.000002384,"avg":0.000002384,"var":0.000000000.0,"sum":0.000002384},"relative_timestamp_from_iforward_start":{"num":1,"min":0.000044346,"max":0.000044346,"avg":0.000044346,"var":0.000000000.0,"sum":0.000044346}},"iforward_wait":{"duration":{"num":1,"min":0.015650034,"max":0.015650034,"avg":0.015650034,"var":0.000000000.0,"sum":0.015650034},"relative_timestamp_from_iforward_end":{"num":1,"min":0.000000238,"max":0.000000238,"avg":0.000000238,"var":0.000000000.0,"sum":0.000000238}},"set_input":{"duration":{"num":0,"min":0.000000000.0,"max":0.000000000.0,"avg":0.000000000.0,"var":0.000000000.0,"sum":0.000000000.0},"relative_timestamp_from_iforward_start":{"num":0,"min":0.000000000.0,"max":0.000000000.0,"avg":0.000000000.0,"var":0.000000000.0,"sum":0.000000000.0}},"get_output":{"duration":{"num":1,"min":0.000015736,"max":0.000015736,"avg":0.000015736,"var":0.000000000.0,"sum":0.000015736},"relative_timestamp_from_wait_end":{"num":1,"min":0.000000238,"max":0.000000238,"avg":0.000000238,"var":0.000000000.0,"sum":0.000000238}}}}},"65535:65535:15281833229347258367:3":{"rpc_id":-3164910844362293249,"provider_id":3,"parent_rpc_id":65535,"parent_provider_id":65535,"name":"yk_length_direct","origin":{"sent to ofi+cxi://0x2083d600":{"iforward":{"duration":{"num":1,"min":0.000039339,"max":0.000039339,"avg":0.000039339,"var":0.000000000.0,"sum":0.000039339},"relative_timestamp_from_create":{"num":1,"min":0.000000238,"max":0.000000238,"avg":0.000000238,"var":0.000000000.0,"sum":0.000000238}},"forward_cb":{"duration":{"num":1,"min":0.015434742,"max":0.015434742,"avg":0.015434742,"var":0.000000000.0,"sum":0.015434742},"relative_timestamp_from_iforward_start":{"num":1,"min":0.000061274,"max":0.000061274,"avg":0.000061274,"var":0.000000000.0,"sum":0.000061274}},"iforward_wait":{"duration":{"num":1,"min":0.031458616,"max":0.031458616,"avg":0.031458616,"var":0.000000000.0,"sum":0.031458616},"relative_timestamp_from_iforward_end":{"num":1,"min":0.000000000.0,"max":0.000000000.0,"avg":0.000000000.0,"var":0.000000000.0,"sum":0.000000000.0}},"set_input":{"duration":{"num":1,"min":0.000018835,"max":0.000018835,"avg":0.000018835,"var":0.000000000.0,"sum":0.000018835},"relative_timestamp_from_iforward_start":{"num":1,"min":0.000005960,"max":0.000005960,"avg":0.000005960,"var":0.000000000.0,"sum":0.000005960}},"get_output":{"duration":{"num":1,"min":0.000014544,"max":0.000014544,"avg":0.000014544,"var":0.000000000.0,"sum":0.000014544},"relative_timestamp_from_wait_end":{"num":1,"min":0.000000238,"max":0.000000238,"avg":0.000000238,"var":0.000000000.0,"sum":0.000000238}}}}},"65535:65535:14263933427668549631:3":{"rpc_id":-4182810646041001985,"provider_id":3,"parent_rpc_id":65535,"parent_provider_id":65535,"name":"yk_get","origin":{"sent to ofi+cxi://0x2083d600":{"iforward":{"duration":{"num":1,"min":0.000048399,"max":0.000048399,"avg":0.000048399,"var":0.000000000.0,"sum":0.000048399},"relative_timestamp_from_create":{"num":1,"min":0.000000000.0,"max":0.000000000.0,"avg":0.000000000.0,"var":0.000000000.0,"sum":0.000000000.0}},"forward_cb":{"duration":{"num":1,"min":0.015770912,"max":0.015770912,"avg":0.015770912,"var":0.000000000.0,"sum":0.015770912},"relative_timestamp_from_iforward_start":{"num":1,"min":0.000105381,"max":0.000105381,"avg":0.000105381,"var":0.000000000.0,"sum":0.000105381}},"iforward_wait":{"duration":{"num":1,"min":0.031829834,"max":0.031829834,"avg":0.031829834,"var":0.000000000.0,"sum":0.031829834},"relative_timestamp_from_iforward_end":{"num":1,"min":0.000000238,"max":0.000000238,"avg":0.000000238,"var":0.000000000.0,"sum":0.000000238}},"set_input":{"duration":{"num":1,"min":0.000023365,"max":0.000023365,"avg":0.000023365,"var":0.000000000.0,"sum":0.000023365},"relative_timestamp_from_iforward_start":{"num":1,"min":0.000004768,"max":0.000004768,"avg":0.000004768,"var":0.000000000.0,"sum":0.000004768}},"get_output":{"duration":{"num":1,"min":0.000000238,"max":0.000000238,"avg":0.000000238,"var":0.000000000.0,"sum":0.000000238},"relative_timestamp_from_wait_end":{"num":1,"min":0.000000238,"max":0.000000238,"avg":0.000000238,"var":0.000000000.0,"sum":0.000000238}}}}},"65535:65535:6151631875094937599:3":{"rpc_id":6151631875094937599,"provider_id":3,"parent_rpc_id":65535,"parent_provider_id":65535,"name":"yk_doc_iter","origin":{"sent to ofi+cxi://0x2083d600":{"iforward":{"duration":{"num":2,"min":0.000017166,"max":0.000036001,"avg":0.000026584,"var":0.000000000,"sum":0.000053167},"relative_timestamp_from_create":{"num":2,"min":0.000000000.0,"max":0.000000238,"avg":0.000000119,"var":0.000000000,"sum":0.000000238}},"forward_cb":{"duration":{"num":2,"min":0.000000238,"max":0.015960455,"avg":0.007980347,"var":0.000127364,"sum":0.015960693},"relative_timestamp_from_iforward_start":{"num":2,"min":0.000034809,"max":0.047915697,"avg":0.023975253,"var":0.001146290,"sum":0.047950506}},"iforward_wait":{"duration":{"num":2,"min":0.031977654,"max":0.063881159,"avg":0.047929406,"var":0.000508917,"sum":0.095858812},"relative_timestamp_from_iforward_end":{"num":2,"min":0.000000238,"max":0.000000238,"avg":0.000000238,"var":0.000000000.0,"sum":0.000000477}},"set_input":{"duration":{"num":2,"min":0.000000477,"max":0.000011683,"avg":0.000006080,"var":0.000000000,"sum":0.000012159},"relative_timestamp_from_iforward_start":{"num":2,"min":0.000001907,"max":0.000009060,"avg":0.000005484,