{"address":"","progress_loop":{"progress_with_timeout":{"num":9,"min":0.000002146,"max":0.102720737,"avg":0.011589607,"var":0.009344510,"sum":0.104306459},"progress_timeout_value_msec":{"num":9,"min":100.000000000.0,"max":100.000000000.0,"avg":100.000000000.0,"var":0.000000000.0,"sum":900.000000000.0},"progress_without_timeout":{"num":0,"min":0.000000000.0,"max":0.000000000.0,"avg":0.000000000.0,"var":0.000000000.0,"sum":0.000000000.0},"trigger":{"num":4,"min":0.000000238,"max":0.000001192,"avg":0.000000596,"var":0.000000000,"sum":0.000002384}},"rpcs":{"65535:65535:5386877029230641151:0":{"rpc_id":5386877029230641151,"provider_id":0,"parent_rpc_id":65535,"parent_provider_id":65535,"name":"bedrock_query_config","origin":{"sent to ofi+cxi://0x2001d400":{"iforward":{"duration":{"num":1,"min":0.000142574,"max":0.000142574,"avg":0.000142574,"var":0.000000000.0,"sum":0.000142574},"relative_timestamp_from_create":{"num":1,"min":0.000019073,"max":0.000019073,"avg":0.000019073,"var":0.000000000.0,"sum":0.000019073}},"forward_cb":{"duration":{"num":1,"min":0.000000477,"max":0.000000477,"avg":0.000000477,"var":0.000000000.0,"sum":0.000000477},"relative_timestamp_from_iforward_start":{"num":1,"min":0.001652718,"max":0.001652718,"avg":0.001652718,"var":0.000000000.0,"sum":0.001652718}},"iforward_wait":{"duration":{"num":1,"min":0.001423597,"max":0.001423597,"avg":0.001423597,"var":0.000000000.0,"sum":0.001423597},"relative_timestamp_from_iforward_end":{"num":1,"min":0.000088215,"max":0.000088215,"avg":0.000088215,"var":0.000000000.0,"sum":0.000088215}},"set_input":{"duration":{"num":1,"min":0.000056982,"max":0.000056982,"avg":0.000056982,"var":0.000000000.0,"sum":0.000056982},"relative_timestamp_from_iforward_start":{"num":1,"min":0.000057459,"max":0.000057459,"avg":0.000057459,"var":0.000000000.0,"sum":0.000057459}},"get_output":{"duration":{"num":1,"min":0.000010490,"max":0.000010490,"avg":0.000010490,"var":0.000000000.0,"sum":0.000010490},"relative_timestamp_from_wait_end":{"num":1,"min":0.000021935,"max":0.000021935,"avg":0.000021935,"var":0.000000000.0,"sum":0.000021935}}}}},"65535:65535:7940397281847607295:3":{"rpc_id":7940397281847607295,"provider_id":3,"parent_rpc_id":65535,"parent_provider_id":65535,"name":"__identity__","origin":{"sent to ofi+cxi://0x2001d400":{"iforward":{"duration":{"num":1,"min":0.000016689,"max":0.000016689,"avg":0.000016689,"var":0.000000000.0,"sum":0.000016689},"relative_timestamp_from_create":{"num":1,"min":0.000000238,"max":0.000000238,"avg":0.000000238,"var":0.000000000.0,"sum":0.000000238}},"forward_cb":{"duration":{"num":1,"min":0.000000000.0,"max":0.000000000.0,"avg":0.000000000.0,"var":0.000000000.0,"sum":0.000000000.0},"relative_timestamp_from_iforward_start":{"num":1,"min":0.000054121,"max":0.000054121,"avg":0.000054121,"var":0.000000000.0,"sum":0.000054121}},"iforward_wait":{"duration":{"num":1,"min":0.000037909,"max":0.000037909,"avg":0.000037909,"var":0.000000000.0,"sum":0.000037909},"relative_timestamp_from_iforward_end":{"num":1,"min":0.000000238,"max":0.000000238,"avg":0.000000238,"var":0.000000000.0,"sum":0.000000238}},"set_input":{"duration":{"num":0,"min":0.000000000.0,"max":0.000000000.0,"avg":0.000000000.0,"var":0.000000000.0,"sum":0.000000000.0},"relative_timestamp_from_iforward_start":{"num":0,"min":0.000000000.0,"max":0.000000000.0,"avg":0.000000000.0,"var":0.000000000.0,"sum":0.000000000.0}},"get_output":{"duration":{"num":1,"min":0.000013828,"max":0.000013828,"avg":0.000013828,"var":0.000000000.0,"sum":0.000013828},"relative_timestamp_from_wait_end":{"num":1,"min":0.000000000.0,"max":0.000000000.0,"avg":0.000000000.0,"var":0.000000000.0,"sum":0.000000000.0}}}}},"65535:65535:1170338683618918399:3":{"rpc_id":1170338683618918399,"provider_id":3,"parent_rpc_id":65535,"parent_provider_id":65535,"name":"yk_put_direct","origin":{"sent to ofi+cxi://0x2001d400":{"iforward":{"duration":{"num":1,"min":0.000060081,"max":0.000060081,"avg":0.000060081,"var":0.000000000.0,"sum":0.000060081},"relative_timestamp_from_create":{"num":1,"min":0.000000477,"max":0.000000477,"avg":0.000000477,"var":0.000000000.0,"sum":0.000000477}},"forward_cb":{"duration":{"num":1,"min":0.000000000.0,"max":0.000000000.0,"avg":0.000000000.0,"var":0.000000000.0,"sum":0.000000000.0},"relative_timestamp_from_iforward_start":{"num":1,"min":0.000159025,"max":0.000159025,"avg":0.000159025,"var":0.000000000.0,"sum":0.000159025}},"iforward_wait":{"duration":{"num":1,"min":0.000099659,"max":0.000099659,"avg":0.000099659,"var":0.000000000.0,"sum":0.000099659},"relative_timestamp_from_iforward_end":{"num":1,"min":0.000000238,"max":0.000000238,"avg":0.000000238,"var":0.000000000.0,"sum":0.000000238}},"set_input":{"duration":{"num":1,"min":0.000029325,"max":0.000029325,"avg":0.000029325,"var":0.000000000.0,"sum":0.000029325},"relative_timestamp_from_iforward_start":{"num":1,"min":0.000008106,"max":0.000008106,"avg":0.000008106,"var":0.000000000.0,"sum":0.000008106}},"get_output":{"duration":{"num":1,"min":0.000000238,"max":0.000000238,"avg":0.000000238,"var":0.000000000.0,"sum":0.000000238},"relative_timestamp_from_wait_end":{"num":1,"min":0.000000238,"max":0.000000238,"avg":0.000000238,"var":0.000000000.0,"sum":0.000000238}}}}},"65535:65535:13614918458553729023:3":{"rpc_id":-4831825615155822593,"provider_id":3,"parent_rpc_id":65535,"parent_provider_id":65535,"name":"yk_coll_create","origin":{"sent to ofi+cxi://0x2001d400":{"iforward":{"duration":{"num":1,"min":0.000025749,"max":0.000025749,"avg":0.000025749,"var":0.000000000.0,"sum":0.000025749},"relative_timestamp_from_create":{"num":1,"min":0.000000238,"max":0.000000238,"avg":0.000000238,"var":0.000000000.0,"sum":0.000000238}},"forward_cb":{"duration":{"num":1,"min":0.000000238,"max":0.000000238,"avg":0.000000238,"var":0.000000000.0,"sum":0.000000238},"relative_timestamp_from_iforward_start":{"num":1,"min":0.000099421,"max":0.000099421,"avg":0.000099421,"var":0.000000000.0,"sum":0.000099421}},"iforward_wait":{"duration":{"num":1,"min":0.000074387,"max":0.000074387,"avg":0.000074387,"var":0.000000000.0,"sum":0.000074387},"relative_timestamp_from_iforward_end":{"num":1,"min":0.000000000.0,"max":0.000000000.0,"avg":0.000000000.0,"var":0.000000000.0,"sum":0.000000000.0}},"set_input":{"duration":{"num":1,"min":0.000010967,"max":0.000010967,"avg":0.000010967,"var":0.000000000.0,"sum":0.000010967},"relative_timestamp_from_iforward_start":{"num":1,"min":0.000003099,"max":0.000003099,"avg":0.000003099,"var":0.000000000.0,"sum":0.000003099}},"get_output":{"duration":{"num":1,"min":0.000000238,"max":0.000000238,"avg":0.000000238,"var":0.000000000.0,"sum":0.000000238},"relative_timestamp_from_wait_end":{"num":1,"min":0.000000000.0,"max":0.000000000.0,"avg":0.000000000.0,"var":0.000000000.0,"sum":0.000000000.0}}}}}}}