{"address":"","progress_loop":{"progress_with_timeout":{"num":6,"min":0.000009060,"max":0.098282814,"avg":0.016463955,"var":0.008033341,"sum":0.098783731},"progress_timeout_value_msec":{"num":6,"min":100.000000000.0,"max":100.000000000.0,"avg":100.000000000.0,"var":0.000000000.0,"sum":600.000000000.0},"progress_without_timeout":{"num":0,"min":0.000000000.0,"max":0.000000000.0,"avg":0.000000000.0,"var":0.000000000.0,"sum":0.000000000.0},"trigger":{"num":4,"min":0.000000238,"max":0.000000715,"avg":0.000000477,"var":0.000000000,"sum":0.000001907}},"rpcs":{"65535:65535:5386877029230641151:0":{"rpc_id":5386877029230641151,"provider_id":0,"parent_rpc_id":65535,"parent_provider_id":65535,"name":"bedrock_query_config","origin":{"sent to ofi+cxi://0x20717a00":{"iforward":{"duration":{"num":1,"min":0.000057697,"max":0.000057697,"avg":0.000057697,"var":0.000000000.0,"sum":0.000057697},"relative_timestamp_from_create":{"num":1,"min":0.000003576,"max":0.000003576,"avg":0.000003576,"var":0.000000000.0,"sum":0.000003576}},"forward_cb":{"duration":{"num":1,"min":0.000000477,"max":0.000000477,"avg":0.000000477,"var":0.000000000.0,"sum":0.000000477},"relative_timestamp_from_iforward_start":{"num":1,"min":0.000540257,"max":0.000540257,"avg":0.000540257,"var":0.000000000.0,"sum":0.000540257}},"iforward_wait":{"duration":{"num":1,"min":0.000466347,"max":0.000466347,"avg":0.000466347,"var":0.000000000.0,"sum":0.000466347},"relative_timestamp_from_iforward_end":{"num":1,"min":0.000017643,"max":0.000017643,"avg":0.000017643,"var":0.000000000.0,"sum":0.000017643}},"set_input":{"duration":{"num":1,"min":0.000012875,"max":0.000012875,"avg":0.000012875,"var":0.000000000.0,"sum":0.000012875},"relative_timestamp_from_iforward_start":{"num":1,"min":0.000015736,"max":0.000015736,"avg":0.000015736,"var":0.000000000.0,"sum":0.000015736}},"get_output":{"duration":{"num":1,"min":0.000003099,"max":0.000003099,"avg":0.000003099,"var":0.000000000.0,"sum":0.000003099},"relative_timestamp_from_wait_end":{"num":1,"min":0.000004292,"max":0.000004292,"avg":0.000004292,"var":0.000000000.0,"sum":0.000004292}}}}},"65535:65535:7940397281847607295:3":{"rpc_id":7940397281847607295,"provider_id":3,"parent_rpc_id":65535,"parent_provider_id":65535,"name":"__identity__","origin":{"sent to ofi+cxi://0x20717a00":{"iforward":{"duration":{"num":1,"min":0.000016212,"max":0.000016212,"avg":0.000016212,"var":0.000000000.0,"sum":0.000016212},"relative_timestamp_from_create":{"num":1,"min":0.000000238,"max":0.000000238,"avg":0.000000238,"var":0.000000000.0,"sum":0.000000238}},"forward_cb":{"duration":{"num":1,"min":0.000000238,"max":0.000000238,"avg":0.000000238,"var":0.000000000.0,"sum":0.000000238},"relative_timestamp_from_iforward_start":{"num":1,"min":0.000030756,"max":0.000030756,"avg":0.000030756,"var":0.000000000.0,"sum":0.000030756}},"iforward_wait":{"duration":{"num":1,"min":0.000014782,"max":0.000014782,"avg":0.000014782,"var":0.000000000.0,"sum":0.000014782},"relative_timestamp_from_iforward_end":{"num":1,"min":0.000000477,"max":0.000000477,"avg":0.000000477,"var":0.000000000.0,"sum":0.000000477}},"set_input":{"duration":{"num":0,"min":0.000000000.0,"max":0.000000000.0,"avg":0.000000000.0,"var":0.000000000.0,"sum":0.000000000.0},"relative_timestamp_from_iforward_start":{"num":0,"min":0.000000000.0,"max":0.000000000.0,"avg":0.000000000.0,"var":0.000000000.0,"sum":0.000000000.0}},"get_output":{"duration":{"num":1,"min":0.000002861,"max":0.000002861,"avg":0.000002861,"var":0.000000000.0,"sum":0.000002861},"relative_timestamp_from_wait_end":{"num":1,"min":0.000000000.0,"max":0.000000000.0,"avg":0.000000000.0,"var":0.000000000.0,"sum":0.000000000.0}}}}},"65535:65535:1170338683618918399:3":{"rpc_id":1170338683618918399,"provider_id":3,"parent_rpc_id":65535,"parent_provider_id":65535,"name":"yk_put_direct","origin":{"sent to ofi+cxi://0x20717a00":{"iforward":{"duration":{"num":1,"min":0.000032187,"max":0.000032187,"avg":0.000032187,"var":0.000000000.0,"sum":0.000032187},"relative_timestamp_from_create":{"num":1,"min":0.000000238,"max":0.000000238,"avg":0.000000238,"var":0.000000000.0,"sum":0.000000238}},"forward_cb":{"duration":{"num":1,"min":0.000000000.0,"max":0.000000000.0,"avg":0.000000000.0,"var":0.000000000.0,"sum":0.000000000.0},"relative_timestamp_from_iforward_start":{"num":1,"min":0.000052214,"max":0.000052214,"avg":0.000052214,"var":0.000000000.0,"sum":0.000052214}},"iforward_wait":{"duration":{"num":1,"min":0.000020504,"max":0.000020504,"avg":0.000020504,"var":0.000000000.0,"sum":0.000020504},"relative_timestamp_from_iforward_end":{"num":1,"min":0.000000238,"max":0.000000238,"avg":0.000000238,"var":0.000000000.0,"sum":0.000000238}},"set_input":{"duration":{"num":1,"min":0.000005722,"max":0.000005722,"avg":0.000005722,"var":0.000000000.0,"sum":0.000005722},"relative_timestamp_from_iforward_start":{"num":1,"min":0.000004292,"max":0.000004292,"avg":0.000004292,"var":0.000000000.0,"sum":0.000004292}},"get_output":{"duration":{"num":1,"min":0.000002146,"max":0.000002146,"avg":0.000002146,"var":0.000000000.0,"sum":0.000002146},"relative_timestamp_from_wait_end":{"num":1,"min":0.000000238,"max":0.000000238,"avg":0.000000238,"var":0.000000000.0,"sum":0.000000238}}}}},"65535:65535:13614918458553729023:3":{"rpc_id":-4831825615155822593,"provider_id":3,"parent_rpc_id":65535,"parent_provider_id":65535,"name":"yk_coll_create","origin":{"sent to ofi+cxi://0x20717a00":{"iforward":{"duration":{"num":1,"min":0.000017166,"max":0.000017166,"avg":0.000017166,"var":0.000000000.0,"sum":0.000017166},"relative_timestamp_from_create":{"num":1,"min":0.000000000.0,"max":0.000000000.0,"avg":0.000000000.0,"var":0.000000000.0,"sum":0.000000000.0}},"forward_cb":{"duration":{"num":1,"min":0.000000000.0,"max":0.000000000.0,"avg":0.000000000.0,"var":0.000000000.0,"sum":0.000000000.0},"relative_timestamp_from_iforward_start":{"num":1,"min":0.000030518,"max":0.000030518,"avg":0.000030518,"var":0.000000000.0,"sum":0.000030518}},"iforward_wait":{"duration":{"num":1,"min":0.000013828,"max":0.000013828,"avg":0.000013828,"var":0.000000000.0,"sum":0.000013828},"relative_timestamp_from_iforward_end":{"num":1,"min":0.000000000.0,"max":0.000000000.0,"avg":0.000000000.0,"var":0.000000000.0,"sum":0.000000000.0}},"set_input":{"duration":{"num":1,"min":0.000001907,"max":0.000001907,"avg":0.000001907,"var":0.000000000.0,"sum":0.000001907},"relative_timestamp_from_iforward_start":{"num":1,"min":0.000004768,"max":0.000004768,"avg":0.000004768,"var":0.000000000.0,"sum":0.000004768}},"get_output":{"duration":{"num":1,"min":0.000000238,"max":0.000000238,"avg":0.000000238,"var":0.000000000.0,"sum":0.000000238},"relative_timestamp_from_wait_end":{"num":1,"min":0.000000000.0,"max":0.000000000.0,"avg":0.000000000.0,"var":0.000000000.0,"sum":0.000000000.0}}}}}}}