{"address":"","progress_loop":{"progress_with_timeout":{"num":8952,"min":0.000010014,"max":0.124001026,"avg":0.100914023,"var":0.487674823,"sum":903.382335424},"progress_timeout_value_msec":{"num":8952,"min":100.000000000.0,"max":100.000000000.0,"avg":100.000000000.0,"var":0.000000000.0,"sum":895200.000000000.0},"progress_without_timeout":{"num":118466,"min":0.000000000.0,"max":0.000028849,"avg":0.000000088,"var":0.000000002,"sum":0.010461807},"trigger":{"num":57,"min":0.000000477,"max":0.016590595,"avg":0.012672855,"var":0.000600294,"sum":0.722352743}},"rpcs":{"65535:65535:5386877029230641151:0":{"rpc_id":5386877029230641151,"provider_id":0,"parent_rpc_id":65535,"parent_provider_id":65535,"name":"bedrock_query_config","origin":{"sent to ofi+cxi://0x2073f000":{"iforward":{"duration":{"num":1,"min":0.000096083,"max":0.000096083,"avg":0.000096083,"var":0.000000000.0,"sum":0.000096083},"relative_timestamp_from_create":{"num":1,"min":0.000011921,"max":0.000011921,"avg":0.000011921,"var":0.000000000.0,"sum":0.000011921}},"forward_cb":{"duration":{"num":1,"min":0.012815714,"max":0.012815714,"avg":0.012815714,"var":0.000000000.0,"sum":0.012815714},"relative_timestamp_from_iforward_start":{"num":1,"min":0.000718117,"max":0.000718117,"avg":0.000718117,"var":0.000000000.0,"sum":0.000718117}},"iforward_wait":{"duration":{"num":1,"min":0.021531820,"max":0.021531820,"avg":0.021531820,"var":0.000000000.0,"sum":0.021531820},"relative_timestamp_from_iforward_end":{"num":1,"min":0.000086546,"max":0.000086546,"avg":0.000086546,"var":0.000000000.0,"sum":0.000086546}},"set_input":{"duration":{"num":1,"min":0.000050306,"max":0.000050306,"avg":0.000050306,"var":0.000000000.0,"sum":0.000050306},"relative_timestamp_from_iforward_start":{"num":1,"min":0.000017643,"max":0.000017643,"avg":0.000017643,"var":0.000000000.0,"sum":0.000017643}},"get_output":{"duration":{"num":1,"min":0.000010014,"max":0.000010014,"avg":0.000010014,"var":0.000000000.0,"sum":0.000010014},"relative_timestamp_from_wait_end":{"num":1,"min":0.000024557,"max":0.000024557,"avg":0.000024557,"var":0.000000000.0,"sum":0.000024557}}}}},"65535:65535:7940397281847607295:3":{"rpc_id":7940397281847607295,"provider_id":3,"parent_rpc_id":65535,"parent_provider_id":65535,"name":"__identity__","origin":{"sent to ofi+cxi://0x2073f000":{"iforward":{"duration":{"num":1,"min":0.000017643,"max":0.000017643,"avg":0.000017643,"var":0.000000000.0,"sum":0.000017643},"relative_timestamp_from_create":{"num":1,"min":0.000000238,"max":0.000000238,"avg":0.000000238,"var":0.000000000.0,"sum":0.000000238}},"forward_cb":{"duration":{"num":1,"min":0.000002384,"max":0.000002384,"avg":0.000002384,"var":0.000000000.0,"sum":0.000002384},"relative_timestamp_from_iforward_start":{"num":1,"min":0.000041008,"max":0.000041008,"avg":0.000041008,"var":0.000000000.0,"sum":0.000041008}},"iforward_wait":{"duration":{"num":1,"min":0.007532358,"max":0.007532358,"avg":0.007532358,"var":0.000000000.0,"sum":0.007532358},"relative_timestamp_from_iforward_end":{"num":1,"min":0.000000238,"max":0.000000238,"avg":0.000000238,"var":0.000000000.0,"sum":0.000000238}},"set_input":{"duration":{"num":0,"min":0.000000000.0,"max":0.000000000.0,"avg":0.000000000.0,"var":0.000000000.0,"sum":0.000000000.0},"relative_timestamp_from_iforward_start":{"num":0,"min":0.000000000.0,"max":0.000000000.0,"avg":0.000000000.0,"var":0.000000000.0,"sum":0.000000000.0}},"get_output":{"duration":{"num":1,"min":0.000003815,"max":0.000003815,"avg":0.000003815,"var":0.000000000.0,"sum":0.000003815},"relative_timestamp_from_wait_end":{"num":1,"min":0.000000238,"max":0.000000238,"avg":0.000000238,"var":0.000000000.0,"sum":0.000000238}}}}},"65535:65535:15281833229347258367:3":{"rpc_id":-3164910844362293249,"provider_id":3,"parent_rpc_id":65535,"parent_provider_id":65535,"name":"yk_length_direct","origin":{"sent to ofi+cxi://0x2073f000":{"iforward":{"duration":{"num":1,"min":0.000039816,"max":0.000039816,"avg":0.000039816,"var":0.000000000.0,"sum":0.000039816},"relative_timestamp_from_create":{"num":1,"min":0.000000238,"max":0.000000238,"avg":0.000000238,"var":0.000000000.0,"sum":0.000000238}},"forward_cb":{"duration":{"num":1,"min":0.015200377,"max":0.015200377,"avg":0.015200377,"var":0.000000000.0,"sum":0.015200377},"relative_timestamp_from_iforward_start":{"num":1,"min":0.000130892,"max":0.000130892,"avg":0.000130892,"var":0.000000000.0,"sum":0.000130892}},"iforward_wait":{"duration":{"num":1,"min":0.031292200,"max":0.031292200,"avg":0.031292200,"var":0.000000000.0,"sum":0.031292200},"relative_timestamp_from_iforward_end":{"num":1,"min":0.000000238,"max":0.000000238,"avg":0.000000238,"var":0.000000000.0,"sum":0.000000238}},"set_input":{"duration":{"num":1,"min":0.000019073,"max":0.000019073,"avg":0.000019073,"var":0.000000000.0,"sum":0.000019073},"relative_timestamp_from_iforward_start":{"num":1,"min":0.000005722,"max":0.000005722,"avg":0.000005722,"var":0.000000000.0,"sum":0.000005722}},"get_output":{"duration":{"num":1,"min":0.000014067,"max":0.000014067,"avg":0.000014067,"var":0.000000000.0,"sum":0.000014067},"relative_timestamp_from_wait_end":{"num":1,"min":0.000000238,"max":0.000000238,"avg":0.000000238,"var":0.000000000.0,"sum":0.000000238}}}}},"65535:65535:14263933427668549631:3":{"rpc_id":-4182810646041001985,"provider_id":3,"parent_rpc_id":65535,"parent_provider_id":65535,"name":"yk_get","origin":{"sent to ofi+cxi://0x2073f000":{"iforward":{"duration":{"num":1,"min":0.000041723,"max":0.000041723,"avg":0.000041723,"var":0.000000000.0,"sum":0.000041723},"relative_timestamp_from_create":{"num":1,"min":0.000000238,"max":0.000000238,"avg":0.000000238,"var":0.000000000.0,"sum":0.000000238}},"forward_cb":{"duration":{"num":1,"min":0.015734673,"max":0.015734673,"avg":0.015734673,"var":0.000000000.0,"sum":0.015734673},"relative_timestamp_from_iforward_start":{"num":1,"min":0.000141144,"max":0.000141144,"avg":0.000141144,"var":0.000000000.0,"sum":0.000141144}},"iforward_wait":{"duration":{"num":1,"min":0.031832933,"max":0.031832933,"avg":0.031832933,"var":0.000000000.0,"sum":0.031832933},"relative_timestamp_from_iforward_end":{"num":1,"min":0.000000238,"max":0.000000238,"avg":0.000000238,"var":0.000000000.0,"sum":0.000000238}},"set_input":{"duration":{"num":1,"min":0.000016451,"max":0.000016451,"avg":0.000016451,"var":0.000000000.0,"sum":0.000016451},"relative_timestamp_from_iforward_start":{"num":1,"min":0.000004768,"max":0.000004768,"avg":0.000004768,"var":0.000000000.0,"sum":0.000004768}},"get_output":{"duration":{"num":1,"min":0.000013828,"max":0.000013828,"avg":0.000013828,"var":0.000000000.0,"sum":0.000013828},"relative_timestamp_from_wait_end":{"num":1,"min":0.000000238,"max":0.000000238,"avg":0.000000238,"var":0.000000000.0,"sum":0.000000238}}}}},"65535:65535:6151631875094937599:3":{"rpc_id":6151631875094937599,"provider_id":3,"parent_rpc_id":65535,"parent_provider_id":65535,"name":"yk_doc_iter","origin":{"sent to ofi+cxi://0x2073f000":{"iforward":{"duration":{"num":2,"min":0.000016451,"max":0.000036716,"avg":0.000026584,"var":0.000000000,"sum":0.000053167},"relative_timestamp_from_create":{"num":2,"min":0.000000000.0,"max":0.000000477,"avg":0.000000238,"var":0.000000000,"sum":0.000000477}},"forward_cb":{"duration":{"num":2,"min":0.000000238,"max":0.015956879,"avg":0.007978559,"var":0.000127307,"sum":0.015957117},"relative_timestamp_from_iforward_start":{"num":2,"min":0.000036955,"max":0.047908068,"avg":0.023972511,"var":0.001145822,"sum":0.047945023}},"iforward_wait":{"duration":{"num":2,"min":0.031978846,"max":0.063871861,"avg":0.047925353,"var":0.000508582,"sum":0.095850706},"relative_timestamp_from_iforward_end":{"num":2,"min":0.000000238,"max":0.000000238,"avg":0.000000238,"var":0.000000000.0,"sum":0.000000477}},"set_input":{"duration":{"num":2,"min":0.000000238,"max":0.000010252,"avg":0.000005245,"var":0.000000000,"sum":0.000010490},"relative_timestamp_from_iforward_start":{"num":2,"min":0.000002623,"max":0.000013113,"avg":0.000007868,"var":0.000000000,"sum":0.000015736}},