{"address":"","progress_loop":{"progress_with_timeout":{"num":9,"min":0.000002623,"max":0.102455616,"avg":0.011442184,"var":0.009319066,"sum":0.102979660},"progress_timeout_value_msec":{"num":9,"min":100.000000000.0,"max":100.000000000.0,"avg":100.000000000.0,"var":0.000000000.0,"sum":900.000000000.0},"progress_without_timeout":{"num":0,"min":0.000000000.0,"max":0.000000000.0,"avg":0.000000000.0,"var":0.000000000.0,"sum":0.000000000.0},"trigger":{"num":4,"min":0.000000477,"max":0.000001192,"avg":0.000000715,"var":0.000000000,"sum":0.000002861}},"rpcs":{"65535:65535:5386877029230641151:0":{"rpc_id":5386877029230641151,"provider_id":0,"parent_rpc_id":65535,"parent_provider_id":65535,"name":"bedrock_query_config","origin":{"sent to ofi+cxi://0x20733c00":{"iforward":{"duration":{"num":1,"min":0.000058413,"max":0.000058413,"avg":0.000058413,"var":0.000000000.0,"sum":0.000058413},"relative_timestamp_from_create":{"num":1,"min":0.000004053,"max":0.000004053,"avg":0.000004053,"var":0.000000000.0,"sum":0.000004053}},"forward_cb":{"duration":{"num":1,"min":0.000000715,"max":0.000000715,"avg":0.000000715,"var":0.000000000.0,"sum":0.000000715},"relative_timestamp_from_iforward_start":{"num":1,"min":0.000568628,"max":0.000568628,"avg":0.000568628,"var":0.000000000.0,"sum":0.000568628}},"iforward_wait":{"duration":{"num":1,"min":0.000495672,"max":0.000495672,"avg":0.000495672,"var":0.000000000.0,"sum":0.000495672},"relative_timestamp_from_iforward_end":{"num":1,"min":0.000017405,"max":0.000017405,"avg":0.000017405,"var":0.000000000.0,"sum":0.000017405}},"set_input":{"duration":{"num":1,"min":0.000011921,"max":0.000011921,"avg":0.000011921,"var":0.000000000.0,"sum":0.000011921},"relative_timestamp_from_iforward_start":{"num":1,"min":0.000016928,"max":0.000016928,"avg":0.000016928,"var":0.000000000.0,"sum":0.000016928}},"get_output":{"duration":{"num":1,"min":0.000004053,"max":0.000004053,"avg":0.000004053,"var":0.000000000.0,"sum":0.000004053},"relative_timestamp_from_wait_end":{"num":1,"min":0.000007629,"max":0.000007629,"avg":0.000007629,"var":0.000000000.0,"sum":0.000007629}}}}},"65535:65535:7940397281847607295:3":{"rpc_id":7940397281847607295,"provider_id":3,"parent_rpc_id":65535,"parent_provider_id":65535,"name":"__identity__","origin":{"sent to ofi+cxi://0x20733c00":{"iforward":{"duration":{"num":1,"min":0.000022650,"max":0.000022650,"avg":0.000022650,"var":0.000000000.0,"sum":0.000022650},"relative_timestamp_from_create":{"num":1,"min":0.000000477,"max":0.000000477,"avg":0.000000477,"var":0.000000000.0,"sum":0.000000477}},"forward_cb":{"duration":{"num":1,"min":0.000000238,"max":0.000000238,"avg":0.000000238,"var":0.000000000.0,"sum":0.000000238},"relative_timestamp_from_iforward_start":{"num":1,"min":0.000036716,"max":0.000036716,"avg":0.000036716,"var":0.000000000.0,"sum":0.000036716}},"iforward_wait":{"duration":{"num":1,"min":0.000015497,"max":0.000015497,"avg":0.000015497,"var":0.000000000.0,"sum":0.000015497},"relative_timestamp_from_iforward_end":{"num":1,"min":0.000000000.0,"max":0.000000000.0,"avg":0.000000000.0,"var":0.000000000.0,"sum":0.000000000.0}},"set_input":{"duration":{"num":0,"min":0.000000000.0,"max":0.000000000.0,"avg":0.000000000.0,"var":0.000000000.0,"sum":0.000000000.0},"relative_timestamp_from_iforward_start":{"num":0,"min":0.000000000.0,"max":0.000000000.0,"avg":0.000000000.0,"var":0.000000000.0,"sum":0.000000000.0}},"get_output":{"duration":{"num":1,"min":0.000004053,"max":0.000004053,"avg":0.000004053,"var":0.000000000.0,"sum":0.000004053},"relative_timestamp_from_wait_end":{"num":1,"min":0.000000238,"max":0.000000238,"avg":0.000000238,"var":0.000000000.0,"sum":0.000000238}}}}},"65535:65535:1170338683618918399:3":{"rpc_id":1170338683618918399,"provider_id":3,"parent_rpc_id":65535,"parent_provider_id":65535,"name":"yk_put_direct","origin":{"sent to ofi+cxi://0x20733c00":{"iforward":{"duration":{"num":1,"min":0.000041723,"max":0.000041723,"avg":0.000041723,"var":0.000000000.0,"sum":0.000041723},"relative_timestamp_from_create":{"num":1,"min":0.000000238,"max":0.000000238,"avg":0.000000238,"var":0.000000000.0,"sum":0.000000238}},"forward_cb":{"duration":{"num":1,"min":0.000000238,"max":0.000000238,"avg":0.000000238,"var":0.000000000.0,"sum":0.000000238},"relative_timestamp_from_iforward_start":{"num":1,"min":0.000060320,"max":0.000060320,"avg":0.000060320,"var":0.000000000.0,"sum":0.000060320}},"iforward_wait":{"duration":{"num":1,"min":0.000019789,"max":0.000019789,"avg":0.000019789,"var":0.000000000.0,"sum":0.000019789},"relative_timestamp_from_iforward_end":{"num":1,"min":0.000000238,"max":0.000000238,"avg":0.000000238,"var":0.000000000.0,"sum":0.000000238}},"set_input":{"duration":{"num":1,"min":0.000007153,"max":0.000007153,"avg":0.000007153,"var":0.000000000.0,"sum":0.000007153},"relative_timestamp_from_iforward_start":{"num":1,"min":0.000006676,"max":0.000006676,"avg":0.000006676,"var":0.000000000.0,"sum":0.000006676}},"get_output":{"duration":{"num":1,"min":0.000003099,"max":0.000003099,"avg":0.000003099,"var":0.000000000.0,"sum":0.000003099},"relative_timestamp_from_wait_end":{"num":1,"min":0.000000238,"max":0.000000238,"avg":0.000000238,"var":0.000000000.0,"sum":0.000000238}}}}},"65535:65535:13614918458553729023:3":{"rpc_id":-4831825615155822593,"provider_id":3,"parent_rpc_id":65535,"parent_provider_id":65535,"name":"yk_coll_create","origin":{"sent to ofi+cxi://0x20733c00":{"iforward":{"duration":{"num":1,"min":0.000021696,"max":0.000021696,"avg":0.000021696,"var":0.000000000.0,"sum":0.000021696},"relative_timestamp_from_create":{"num":1,"min":0.000000000.0,"max":0.000000000.0,"avg":0.000000000.0,"var":0.000000000.0,"sum":0.000000000.0}},"forward_cb":{"duration":{"num":1,"min":0.000000238,"max":0.000000238,"avg":0.000000238,"var":0.000000000.0,"sum":0.000000238},"relative_timestamp_from_iforward_start":{"num":1,"min":0.000035763,"max":0.000035763,"avg":0.000035763,"var":0.000000000.0,"sum":0.000035763}},"iforward_wait":{"duration":{"num":1,"min":0.000015020,"max":0.000015020,"avg":0.000015020,"var":0.000000000.0,"sum":0.000015020},"relative_timestamp_from_iforward_end":{"num":1,"min":0.000000000.0,"max":0.000000000.0,"avg":0.000000000.0,"var":0.000000000.0,"sum":0.000000000.0}},"set_input":{"duration":{"num":1,"min":0.000002623,"max":0.000002623,"avg":0.000002623,"var":0.000000000.0,"sum":0.000002623},"relative_timestamp_from_iforward_start":{"num":1,"min":0.000004768,"max":0.000004768,"avg":0.000004768,"var":0.000000000.0,"sum":0.000004768}},"get_output":{"duration":{"num":1,"min":0.000000238,"max":0.000000238,"avg":0.000000238,"var":0.000000000.0,"sum":0.000000238},"relative_timestamp_from_wait_end":{"num":1,"min":0.000000238,"max":0.000000238,"avg":0.000000238,"var":0.000000000.0,"sum":0.000000238}}}}}}}