{"address":"","progress_loop":{"progress_with_timeout":{"num":7,"min":0.000002623,"max":0.101236820,"avg":0.014549358,"var":0.008767410,"sum":0.101845503},"progress_timeout_value_msec":{"num":7,"min":100.000000000.0,"max":100.000000000.0,"avg":100.000000000.0,"var":0.000000000.0,"sum":700.000000000.0},"progress_without_timeout":{"num":0,"min":0.000000000.0,"max":0.000000000.0,"avg":0.000000000.0,"var":0.000000000.0,"sum":0.000000000.0},"trigger":{"num":4,"min":0.000000238,"max":0.000000477,"avg":0.000000358,"var":0.000000000,"sum":0.000001431}},"rpcs":{"65535:65535:5386877029230641151:0":{"rpc_id":5386877029230641151,"provider_id":0,"parent_rpc_id":65535,"parent_provider_id":65535,"name":"bedrock_query_config","origin":{"sent to ofi+cxi://0x20733c00":{"iforward":{"duration":{"num":1,"min":0.000057220,"max":0.000057220,"avg":0.000057220,"var":0.000000000.0,"sum":0.000057220},"relative_timestamp_from_create":{"num":1,"min":0.000004053,"max":0.000004053,"avg":0.000004053,"var":0.000000000.0,"sum":0.000004053}},"forward_cb":{"duration":{"num":1,"min":0.000000238,"max":0.000000238,"avg":0.000000238,"var":0.000000000.0,"sum":0.000000238},"relative_timestamp_from_iforward_start":{"num":1,"min":0.000640392,"max":0.000640392,"avg":0.000640392,"var":0.000000000.0,"sum":0.000640392}},"iforward_wait":{"duration":{"num":1,"min":0.000567198,"max":0.000567198,"avg":0.000567198,"var":0.000000000.0,"sum":0.000567198},"relative_timestamp_from_iforward_end":{"num":1,"min":0.000017405,"max":0.000017405,"avg":0.000017405,"var":0.000000000.0,"sum":0.000017405}},"set_input":{"duration":{"num":1,"min":0.000011921,"max":0.000011921,"avg":0.000011921,"var":0.000000000.0,"sum":0.000011921},"relative_timestamp_from_iforward_start":{"num":1,"min":0.000015259,"max":0.000015259,"avg":0.000015259,"var":0.000000000.0,"sum":0.000015259}},"get_output":{"duration":{"num":1,"min":0.000002861,"max":0.000002861,"avg":0.000002861,"var":0.000000000.0,"sum":0.000002861},"relative_timestamp_from_wait_end":{"num":1,"min":0.000004768,"max":0.000004768,"avg":0.000004768,"var":0.000000000.0,"sum":0.000004768}}}}},"65535:65535:7940397281847607295:3":{"rpc_id":7940397281847607295,"provider_id":3,"parent_rpc_id":65535,"parent_provider_id":65535,"name":"__identity__","origin":{"sent to ofi+cxi://0x20733c00":{"iforward":{"duration":{"num":1,"min":0.000017881,"max":0.000017881,"avg":0.000017881,"var":0.000000000.0,"sum":0.000017881},"relative_timestamp_from_create":{"num":1,"min":0.000000238,"max":0.000000238,"avg":0.000000238,"var":0.000000000.0,"sum":0.000000238}},"forward_cb":{"duration":{"num":1,"min":0.000000238,"max":0.000000238,"avg":0.000000238,"var":0.000000000.0,"sum":0.000000238},"relative_timestamp_from_iforward_start":{"num":1,"min":0.000034332,"max":0.000034332,"avg":0.000034332,"var":0.000000000.0,"sum":0.000034332}},"iforward_wait":{"duration":{"num":1,"min":0.000016928,"max":0.000016928,"avg":0.000016928,"var":0.000000000.0,"sum":0.000016928},"relative_timestamp_from_iforward_end":{"num":1,"min":0.000000238,"max":0.000000238,"avg":0.000000238,"var":0.000000000.0,"sum":0.000000238}},"set_input":{"duration":{"num":0,"min":0.000000000.0,"max":0.000000000.0,"avg":0.000000000.0,"var":0.000000000.0,"sum":0.000000000.0},"relative_timestamp_from_iforward_start":{"num":0,"min":0.000000000.0,"max":0.000000000.0,"avg":0.000000000.0,"var":0.000000000.0,"sum":0.000000000.0}},"get_output":{"duration":{"num":1,"min":0.000002623,"max":0.000002623,"avg":0.000002623,"var":0.000000000.0,"sum":0.000002623},"relative_timestamp_from_wait_end":{"num":1,"min":0.000000238,"max":0.000000238,"avg":0.000000238,"var":0.000000000.0,"sum":0.000000238}}}}},"65535:65535:1170338683618918399:3":{"rpc_id":1170338683618918399,"provider_id":3,"parent_rpc_id":65535,"parent_provider_id":65535,"name":"yk_put_direct","origin":{"sent to ofi+cxi://0x20733c00":{"iforward":{"duration":{"num":1,"min":0.000032187,"max":0.000032187,"avg":0.000032187,"var":0.000000000.0,"sum":0.000032187},"relative_timestamp_from_create":{"num":1,"min":0.000000238,"max":0.000000238,"avg":0.000000238,"var":0.000000000.0,"sum":0.000000238}},"forward_cb":{"duration":{"num":1,"min":0.000000000.0,"max":0.000000000.0,"avg":0.000000000.0,"var":0.000000000.0,"sum":0.000000000.0},"relative_timestamp_from_iforward_start":{"num":1,"min":0.000055075,"max":0.000055075,"avg":0.000055075,"var":0.000000000.0,"sum":0.000055075}},"iforward_wait":{"duration":{"num":1,"min":0.000023603,"max":0.000023603,"avg":0.000023603,"var":0.000000000.0,"sum":0.000023603},"relative_timestamp_from_iforward_end":{"num":1,"min":0.000000000.0,"max":0.000000000.0,"avg":0.000000000.0,"var":0.000000000.0,"sum":0.000000000.0}},"set_input":{"duration":{"num":1,"min":0.000005245,"max":0.000005245,"avg":0.000005245,"var":0.000000000.0,"sum":0.000005245},"relative_timestamp_from_iforward_start":{"num":1,"min":0.000004292,"max":0.000004292,"avg":0.000004292,"var":0.000000000.0,"sum":0.000004292}},"get_output":{"duration":{"num":1,"min":0.000002384,"max":0.000002384,"avg":0.000002384,"var":0.000000000.0,"sum":0.000002384},"relative_timestamp_from_wait_end":{"num":1,"min":0.000000238,"max":0.000000238,"avg":0.000000238,"var":0.000000000.0,"sum":0.000000238}}}}},"65535:65535:13614918458553729023:3":{"rpc_id":-4831825615155822593,"provider_id":3,"parent_rpc_id":65535,"parent_provider_id":65535,"name":"yk_coll_create","origin":{"sent to ofi+cxi://0x20733c00":{"iforward":{"duration":{"num":1,"min":0.000017405,"max":0.000017405,"avg":0.000017405,"var":0.000000000.0,"sum":0.000017405},"relative_timestamp_from_create":{"num":1,"min":0.000000238,"max":0.000000238,"avg":0.000000238,"var":0.000000000.0,"sum":0.000000238}},"forward_cb":{"duration":{"num":1,"min":0.000000000.0,"max":0.000000000.0,"avg":0.000000000.0,"var":0.000000000.0,"sum":0.000000000.0},"relative_timestamp_from_iforward_start":{"num":1,"min":0.000031948,"max":0.000031948,"avg":0.000031948,"var":0.000000000.0,"sum":0.000031948}},"iforward_wait":{"duration":{"num":1,"min":0.000015020,"max":0.000015020,"avg":0.000015020,"var":0.000000000.0,"sum":0.000015020},"relative_timestamp_from_iforward_end":{"num":1,"min":0.000000000.0,"max":0.000000000.0,"avg":0.000000000.0,"var":0.000000000.0,"sum":0.000000000.0}},"set_input":{"duration":{"num":1,"min":0.000001907,"max":0.000001907,"avg":0.000001907,"var":0.000000000.0,"sum":0.000001907},"relative_timestamp_from_iforward_start":{"num":1,"min":0.000004768,"max":0.000004768,"avg":0.000004768,"var":0.000000000.0,"sum":0.000004768}},"get_output":{"duration":{"num":1,"min":0.000000238,"max":0.000000238,"avg":0.000000238,"var":0.000000000.0,"sum":0.000000238},"relative_timestamp_from_wait_end":{"num":1,"min":0.000000000.0,"max":0.000000000.0,"avg":0.000000000.0,"var":0.000000000.0,"sum":0.000000000.0}}}}}}}