{"address":"","progress_loop":{"progress_with_timeout":{"num":9055,"min":0.000015259,"max":0.103995323,"avg":0.099679206,"var":0.222998176,"sum":902.595211267},"progress_timeout_value_msec":{"num":9055,"min":100.000000000.0,"max":100.000000000.0,"avg":100.000000000.0,"var":0.000000000.0,"sum":905500.000000000.0},"progress_without_timeout":{"num":5755,"min":0.000000715,"max":0.000046015,"avg":0.000001171,"var":0.000000002,"sum":0.006738901},"trigger":{"num":34,"min":0.000003815,"max":0.015977144,"avg":0.012422106,"var":0.000550510,"sum":0.422351599}},"rpcs":{"65535:65535:5386877029230641151:0":{"rpc_id":5386877029230641151,"provider_id":0,"parent_rpc_id":65535,"parent_provider_id":65535,"name":"bedrock_query_config","origin":{"sent to ofi+cxi://0x2071d400":{"iforward":{"duration":{"num":1,"min":0.000089884,"max":0.000089884,"avg":0.000089884,"var":0.000000000.0,"sum":0.000089884},"relative_timestamp_from_create":{"num":1,"min":0.000008106,"max":0.000008106,"avg":0.000008106,"var":0.000000000.0,"sum":0.000008106}},"forward_cb":{"duration":{"num":1,"min":0.015425920,"max":0.015425920,"avg":0.015425920,"var":0.000000000.0,"sum":0.015425920},"relative_timestamp_from_iforward_start":{"num":1,"min":0.000614166,"max":0.000614166,"avg":0.000614166,"var":0.000000000.0,"sum":0.000614166}},"iforward_wait":{"duration":{"num":1,"min":0.024049044,"max":0.024049044,"avg":0.024049044,"var":0.000000000.0,"sum":0.024049044},"relative_timestamp_from_iforward_end":{"num":1,"min":0.000031948,"max":0.000031948,"avg":0.000031948,"var":0.000000000.0,"sum":0.000031948}},"set_input":{"duration":{"num":1,"min":0.000034332,"max":0.000034332,"avg":0.000034332,"var":0.000000000.0,"sum":0.000034332},"relative_timestamp_from_iforward_start":{"num":1,"min":0.000026226,"max":0.000026226,"avg":0.000026226,"var":0.000000000.0,"sum":0.000026226}},"get_output":{"duration":{"num":1,"min":0.000005722,"max":0.000005722,"avg":0.000005722,"var":0.000000000.0,"sum":0.000005722},"relative_timestamp_from_wait_end":{"num":1,"min":0.000009060,"max":0.000009060,"avg":0.000009060,"var":0.000000000.0,"sum":0.000009060}}}}},"65535:65535:7940397281847607295:3":{"rpc_id":7940397281847607295,"provider_id":3,"parent_rpc_id":65535,"parent_provider_id":65535,"name":"__identity__","origin":{"sent to ofi+cxi://0x2071d400":{"iforward":{"duration":{"num":1,"min":0.000020266,"max":0.000020266,"avg":0.000020266,"var":0.000000000.0,"sum":0.000020266},"relative_timestamp_from_create":{"num":1,"min":0.000001431,"max":0.000001431,"avg":0.000001431,"var":0.000000000.0,"sum":0.000001431}},"forward_cb":{"duration":{"num":1,"min":0.000003338,"max":0.000003338,"avg":0.000003338,"var":0.000000000.0,"sum":0.000003338},"relative_timestamp_from_iforward_start":{"num":1,"min":0.000041723,"max":0.000041723,"avg":0.000041723,"var":0.000000000.0,"sum":0.000041723}},"iforward_wait":{"duration":{"num":1,"min":0.011600018,"max":0.011600018,"avg":0.011600018,"var":0.000000000.0,"sum":0.011600018},"relative_timestamp_from_iforward_end":{"num":1,"min":0.000001431,"max":0.000001431,"avg":0.000001431,"var":0.000000000.0,"sum":0.000001431}},"set_input":{"duration":{"num":0,"min":0.000000000.0,"max":0.000000000.0,"avg":0.000000000.0,"var":0.000000000.0,"sum":0.000000000.0},"relative_timestamp_from_iforward_start":{"num":0,"min":0.000000000.0,"max":0.000000000.0,"avg":0.000000000.0,"var":0.000000000.0,"sum":0.000000000.0}},"get_output":{"duration":{"num":1,"min":0.000005245,"max":0.000005245,"avg":0.000005245,"var":0.000000000.0,"sum":0.000005245},"relative_timestamp_from_wait_end":{"num":1,"min":0.000001192,"max":0.000001192,"avg":0.000001192,"var":0.000000000.0,"sum":0.000001192}}}}},"65535:65535:15281833229347258367:3":{"rpc_id":-3164910844362293249,"provider_id":3,"parent_rpc_id":65535,"parent_provider_id":65535,"name":"yk_length_direct","origin":{"sent to ofi+cxi://0x2071d400":{"iforward":{"duration":{"num":1,"min":0.000031471,"max":0.000031471,"avg":0.000031471,"var":0.000000000.0,"sum":0.000031471},"relative_timestamp_from_create":{"num":1,"min":0.000001431,"max":0.000001431,"avg":0.000001431,"var":0.000000000.0,"sum":0.000001431}},"forward_cb":{"duration":{"num":1,"min":0.015859365,"max":0.015859365,"avg":0.015859365,"var":0.000000000.0,"sum":0.015859365},"relative_timestamp_from_iforward_start":{"num":1,"min":0.000057936,"max":0.000057936,"avg":0.000057936,"var":0.000000000.0,"sum":0.000057936}},"iforward_wait":{"duration":{"num":1,"min":0.031884670,"max":0.031884670,"avg":0.031884670,"var":0.000000000.0,"sum":0.031884670},"relative_timestamp_from_iforward_end":{"num":1,"min":0.000001907,"max":0.000001907,"avg":0.000001907,"var":0.000000000.0,"sum":0.000001907}},"set_input":{"duration":{"num":1,"min":0.000007868,"max":0.000007868,"avg":0.000007868,"var":0.000000000.0,"sum":0.000007868},"relative_timestamp_from_iforward_start":{"num":1,"min":0.000008106,"max":0.000008106,"avg":0.000008106,"var":0.000000000.0,"sum":0.000008106}},"get_output":{"duration":{"num":1,"min":0.000004292,"max":0.000004292,"avg":0.000004292,"var":0.000000000.0,"sum":0.000004292},"relative_timestamp_from_wait_end":{"num":1,"min":0.000001431,"max":0.000001431,"avg":0.000001431,"var":0.000000000.0,"sum":0.000001431}}}}},"65535:65535:14263933427668549631:3":{"rpc_id":-4182810646041001985,"provider_id":3,"parent_rpc_id":65535,"parent_provider_id":65535,"name":"yk_get","origin":{"sent to ofi+cxi://0x2071d400":{"iforward":{"duration":{"num":1,"min":0.000038147,"max":0.000038147,"avg":0.000038147,"var":0.000000000.0,"sum":0.000038147},"relative_timestamp_from_create":{"num":1,"min":0.000001431,"max":0.000001431,"avg":0.000001431,"var":0.000000000.0,"sum":0.000001431}},"forward_cb":{"duration":{"num":1,"min":0.015810728,"max":0.015810728,"avg":0.015810728,"var":0.000000000.0,"sum":0.015810728},"relative_timestamp_from_iforward_start":{"num":1,"min":0.000077724,"max":0.000077724,"avg":0.000077724,"var":0.000000000.0,"sum":0.000077724}},"iforward_wait":{"duration":{"num":1,"min":0.031850576,"max":0.031850576,"avg":0.031850576,"var":0.000000000.0,"sum":0.031850576},"relative_timestamp_from_iforward_end":{"num":1,"min":0.000001192,"max":0.000001192,"avg":0.000001192,"var":0.000000000.0,"sum":0.000001192}},"set_input":{"duration":{"num":1,"min":0.000010014,"max":0.000010014,"avg":0.000010014,"var":0.000000000.0,"sum":0.000010014},"relative_timestamp_from_iforward_start":{"num":1,"min":0.000007629,"max":0.000007629,"avg":0.000007629,"var":0.000000000.0,"sum":0.000007629}},"get_output":{"duration":{"num":1,"min":0.000001431,"max":0.000001431,"avg":0.000001431,"var":0.000000000.0,"sum":0.000001431},"relative_timestamp_from_wait_end":{"num":1,"min":0.000000954,"max":0.000000954,"avg":0.000000954,"var":0.000000000.0,"sum":0.000000954}}}}},"65535:65535:6151631875094937599:3":{"rpc_id":6151631875094937599,"provider_id":3,"parent_rpc_id":65535,"parent_provider_id":65535,"name":"yk_doc_iter","origin":{"sent to ofi+cxi://0x2071d400":{"iforward":{"duration":{"num":2,"min":0.000018358,"max":0.000030994,"avg":0.000024676,"var":0.000000000,"sum":0.000049353},"relative_timestamp_from_create":{"num":2,"min":0.000000954,"max":0.000001431,"avg":0.000001192,"var":0.000000000,"sum":0.000002384}},"forward_cb":{"duration":{"num":2,"min":0.000000954,"max":0.015936852,"avg":0.007968903,"var":0.000126976,"sum":0.015937805},"relative_timestamp_from_iforward_start":{"num":2,"min":0.000044584,"max":0.047960043,"avg":0.024002314,"var":0.001147946,"sum":0.048004627}},"iforward_wait":{"duration":{"num":2,"min":0.031963110,"max":0.063923359,"avg":0.047943234,"var":0.000510729,"sum":0.095886469},"relative_timestamp_from_iforward_end":{"num":2,"min":0.000001192,"max":0.000001431,"avg":0.000001311,"var":0.000000000,"sum":0.000002623}},"set_input":{"duration":{"num":2,"min":0.000001431,"max":0.000005007,"avg":0.000003219,"var":0.000000000,"sum":0.000006437},"relative_timestamp_from_iforward_start":{"num":2,"min":0.000002623,"max":0.000011921,"avg":0.000007272,"var":0.000000000,"sum":0.000014544}},