{"address":"","progress_loop":{"progress_with_timeout":{"num":10,"min":0.000005722,"max":0.098678827,"avg":0.009979010,"var":0.008742154,"sum":0.099790096},"progress_timeout_value_msec":{"num":10,"min":100.000000000.0,"max":100.000000000.0,"avg":100.000000000.0,"var":0.000000000.0,"sum":1000.000000000.0},"progress_without_timeout":{"num":0,"min":0.000000000.0,"max":0.000000000.0,"avg":0.000000000.0,"var":0.000000000.0,"sum":0.000000000.0},"trigger":{"num":5,"min":0.000000238,"max":0.000000954,"avg":0.000000429,"var":0.000000000,"sum":0.000002146}},"rpcs":{"65535:65535:5386877029230641151:0":{"rpc_id":5386877029230641151,"provider_id":0,"parent_rpc_id":65535,"parent_provider_id":65535,"name":"bedrock_query_config","origin":{"sent to ofi+cxi://0x20031000":{"iforward":{"duration":{"num":2,"min":0.000015974,"max":0.000058889,"avg":0.000037432,"var":0.000000001,"sum":0.000074863},"relative_timestamp_from_create":{"num":2,"min":0.000000238,"max":0.000003815,"avg":0.000002027,"var":0.000000000,"sum":0.000004053}},"forward_cb":{"duration":{"num":2,"min":0.000000477,"max":0.000000477,"avg":0.000000477,"var":0.000000000.0,"sum":0.000000954},"relative_timestamp_from_iforward_start":{"num":2,"min":0.000424385,"max":0.000615120,"avg":0.000519753,"var":0.000000018,"sum":0.001039505}},"iforward_wait":{"duration":{"num":2,"min":0.000409365,"max":0.000540257,"avg":0.000474811,"var":0.000000009,"sum":0.000949621},"relative_timestamp_from_iforward_end":{"num":2,"min":0.000000238,"max":0.000017405,"avg":0.000008821,"var":0.000000000,"sum":0.000017643}},"set_input":{"duration":{"num":2,"min":0.000000477,"max":0.000011206,"avg":0.000005841,"var":0.000000000,"sum":0.000011683},"relative_timestamp_from_iforward_start":{"num":2,"min":0.000002861,"max":0.000017643,"avg":0.000010252,"var":0.000000000,"sum":0.000020504}},"get_output":{"duration":{"num":2,"min":0.000000715,"max":0.000002861,"avg":0.000001788,"var":0.000000000,"sum":0.000003576},"relative_timestamp_from_wait_end":{"num":2,"min":0.000000477,"max":0.000005484,"avg":0.000002980,"var":0.000000000,"sum":0.000005960}}}}},"65535:65535:7940397281847607295:3":{"rpc_id":7940397281847607295,"provider_id":3,"parent_rpc_id":65535,"parent_provider_id":65535,"name":"__identity__","origin":{"sent to ofi+cxi://0x20031000":{"iforward":{"duration":{"num":1,"min":0.000015736,"max":0.000015736,"avg":0.000015736,"var":0.000000000.0,"sum":0.000015736},"relative_timestamp_from_create":{"num":1,"min":0.000000238,"max":0.000000238,"avg":0.000000238,"var":0.000000000.0,"sum":0.000000238}},"forward_cb":{"duration":{"num":1,"min":0.000000238,"max":0.000000238,"avg":0.000000238,"var":0.000000000.0,"sum":0.000000238},"relative_timestamp_from_iforward_start":{"num":1,"min":0.000037193,"max":0.000037193,"avg":0.000037193,"var":0.000000000.0,"sum":0.000037193}},"iforward_wait":{"duration":{"num":1,"min":0.000021935,"max":0.000021935,"avg":0.000021935,"var":0.000000000.0,"sum":0.000021935},"relative_timestamp_from_iforward_end":{"num":1,"min":0.000000238,"max":0.000000238,"avg":0.000000238,"var":0.000000000.0,"sum":0.000000238}},"set_input":{"duration":{"num":0,"min":0.000000000.0,"max":0.000000000.0,"avg":0.000000000.0,"var":0.000000000.0,"sum":0.000000000.0},"relative_timestamp_from_iforward_start":{"num":0,"min":0.000000000.0,"max":0.000000000.0,"avg":0.000000000.0,"var":0.000000000.0,"sum":0.000000000.0}},"get_output":{"duration":{"num":1,"min":0.000013351,"max":0.000013351,"avg":0.000013351,"var":0.000000000.0,"sum":0.000013351},"relative_timestamp_from_wait_end":{"num":1,"min":0.000000000.0,"max":0.000000000.0,"avg":0.000000000.0,"var":0.000000000.0,"sum":0.000000000.0}}}}},"65535:65535:13994581936748691455:0":{"rpc_id":-4452162136960860161,"provider_id":0,"parent_rpc_id":65535,"parent_provider_id":65535,"name":"bedrock_start_provider","origin":{"sent to ofi+cxi://0x20031000":{"iforward":{"duration":{"num":1,"min":0.000024557,"max":0.000024557,"avg":0.000024557,"var":0.000000000.0,"sum":0.000024557},"relative_timestamp_from_create":{"num":1,"min":0.000000000.0,"max":0.000000000.0,"avg":0.000000000.0,"var":0.000000000.0,"sum":0.000000000.0}},"forward_cb":{"duration":{"num":1,"min":0.000000238,"max":0.000000238,"avg":0.000000238,"var":0.000000000.0,"sum":0.000000238},"relative_timestamp_from_iforward_start":{"num":1,"min":0.000131607,"max":0.000131607,"avg":0.000131607,"var":0.000000000.0,"sum":0.000131607}},"iforward_wait":{"duration":{"num":1,"min":0.000107765,"max":0.000107765,"avg":0.000107765,"var":0.000000000.0,"sum":0.000107765},"relative_timestamp_from_iforward_end":{"num":1,"min":0.000000000.0,"max":0.000000000.0,"avg":0.000000000.0,"var":0.000000000.0,"sum":0.000000000.0}},"set_input":{"duration":{"num":1,"min":0.000000477,"max":0.000000477,"avg":0.000000477,"var":0.000000000.0,"sum":0.000000477},"relative_timestamp_from_iforward_start":{"num":1,"min":0.000003576,"max":0.000003576,"avg":0.000003576,"var":0.000000000.0,"sum":0.000003576}},"get_output":{"duration":{"num":1,"min":0.000000477,"max":0.000000477,"avg":0.000000477,"var":0.000000000.0,"sum":0.000000477},"relative_timestamp_from_wait_end":{"num":1,"min":0.000000477,"max":0.000000477,"avg":0.000000477,"var":0.000000000.0,"sum":0.000000477}}}}},"65535:65535:16409450654956847103:3":{"rpc_id":-2037293418752704513,"provider_id":3,"parent_rpc_id":65535,"parent_provider_id":65535,"name":"yk_doc_store","origin":{"sent to ofi+cxi://0x20031000":{"iforward":{"duration":{"num":1,"min":0.000027895,"max":0.000027895,"avg":0.000027895,"var":0.000000000.0,"sum":0.000027895},"relative_timestamp_from_create":{"num":1,"min":0.000000000.0,"max":0.000000000.0,"avg":0.000000000.0,"var":0.000000000.0,"sum":0.000000000.0}},"forward_cb":{"duration":{"num":1,"min":0.000000238,"max":0.000000238,"avg":0.000000238,"var":0.000000000.0,"sum":0.000000238},"relative_timestamp_from_iforward_start":{"num":1,"min":0.000076771,"max":0.000076771,"avg":0.000076771,"var":0.000000000.0,"sum":0.000076771}},"iforward_wait":{"duration":{"num":1,"min":0.000049591,"max":0.000049591,"avg":0.000049591,"var":0.000000000.0,"sum":0.000049591},"relative_timestamp_from_iforward_end":{"num":1,"min":0.000000000.0,"max":0.000000000.0,"avg":0.000000000.0,"var":0.000000000.0,"sum":0.000000000.0}},"set_input":{"duration":{"num":1,"min":0.000005007,"max":0.000005007,"avg":0.000005007,"var":0.000000000.0,"sum":0.000005007},"relative_timestamp_from_iforward_start":{"num":1,"min":0.000004053,"max":0.000004053,"avg":0.000004053,"var":0.000000000.0,"sum":0.000004053}},"get_output":{"duration":{"num":1,"min":0.000003576,"max":0.000003576,"avg":0.000003576,"var":0.000000000.0,"sum":0.000003576},"relative_timestamp_from_wait_end":{"num":1,"min":0.000000238,"max":0.000000238,"avg":0.000000238,"var":0.000000000.0,"sum":0.000000238}}}}},"65535:65535:65535:65535":{"rpc_id":65535,"provider_id":65535,"parent_rpc_id":65535,"parent_provider_id":65535,"name":"","target":{"received from <unknown>":{"bulk":{"create":{"duration":{"num":1,"min":0.000051975,"max":0.000051975,"avg":0.000051975,"var":0.000000000.0,"sum":0.000051975},"size":{"num":1,"min":104.000000000.0,"max":104.000000000.0,"avg":104.000000000.0,"var":0.000000000.0,"sum":104.000000000.0}}}}}}}}