{"address":"","progress_loop":{"progress_with_timeout":{"num":9,"min":0.000005960,"max":0.099972248,"avg":0.011257860,"var":0.008854475,"sum":0.101320744},"progress_timeout_value_msec":{"num":9,"min":100.000000000.0,"max":100.000000000.0,"avg":100.000000000.0,"var":0.000000000.0,"sum":900.000000000.0},"progress_without_timeout":{"num":0,"min":0.000000000.0,"max":0.000000000.0,"avg":0.000000000.0,"var":0.000000000.0,"sum":0.000000000.0},"trigger":{"num":5,"min":0.000000238,"max":0.000000954,"avg":0.000000477,"var":0.000000000,"sum":0.000002384}},"rpcs":{"65535:65535:5386877029230641151:0":{"rpc_id":5386877029230641151,"provider_id":0,"parent_rpc_id":65535,"parent_provider_id":65535,"name":"bedrock_query_config","origin":{"sent to ofi+cxi://0x20031000":{"iforward":{"duration":{"num":2,"min":0.000015497,"max":0.000053883,"avg":0.000034690,"var":0.000000001,"sum":0.000069380},"relative_timestamp_from_create":{"num":2,"min":0.000000238,"max":0.000003815,"avg":0.000002027,"var":0.000000000,"sum":0.000004053}},"forward_cb":{"duration":{"num":2,"min":0.000000238,"max":0.000000477,"avg":0.000000358,"var":0.000000000,"sum":0.000000715},"relative_timestamp_from_iforward_start":{"num":2,"min":0.000540972,"max":0.000715494,"avg":0.000628233,"var":0.000000015,"sum":0.001256466}},"iforward_wait":{"duration":{"num":2,"min":0.000526190,"max":0.000645638,"avg":0.000585914,"var":0.000000007,"sum":0.001171827},"relative_timestamp_from_iforward_end":{"num":2,"min":0.000000238,"max":0.000017405,"avg":0.000008821,"var":0.000000000,"sum":0.000017643}},"set_input":{"duration":{"num":2,"min":0.000000477,"max":0.000010252,"avg":0.000005364,"var":0.000000000,"sum":0.000010729},"relative_timestamp_from_iforward_start":{"num":2,"min":0.000002384,"max":0.000015497,"avg":0.000008941,"var":0.000000000,"sum":0.000017881}},"get_output":{"duration":{"num":2,"min":0.000000954,"max":0.000002623,"avg":0.000001788,"var":0.000000000,"sum":0.000003576},"relative_timestamp_from_wait_end":{"num":2,"min":0.000000715,"max":0.000004530,"avg":0.000002623,"var":0.000000000,"sum":0.000005245}}}}},"65535:65535:7940397281847607295:3":{"rpc_id":7940397281847607295,"provider_id":3,"parent_rpc_id":65535,"parent_provider_id":65535,"name":"__identity__","origin":{"sent to ofi+cxi://0x20031000":{"iforward":{"duration":{"num":1,"min":0.000017881,"max":0.000017881,"avg":0.000017881,"var":0.000000000.0,"sum":0.000017881},"relative_timestamp_from_create":{"num":1,"min":0.000000238,"max":0.000000238,"avg":0.000000238,"var":0.000000000.0,"sum":0.000000238}},"forward_cb":{"duration":{"num":1,"min":0.000000238,"max":0.000000238,"avg":0.000000238,"var":0.000000000.0,"sum":0.000000238},"relative_timestamp_from_iforward_start":{"num":1,"min":0.000041723,"max":0.000041723,"avg":0.000041723,"var":0.000000000.0,"sum":0.000041723}},"iforward_wait":{"duration":{"num":1,"min":0.000024080,"max":0.000024080,"avg":0.000024080,"var":0.000000000.0,"sum":0.000024080},"relative_timestamp_from_iforward_end":{"num":1,"min":0.000000477,"max":0.000000477,"avg":0.000000477,"var":0.000000000.0,"sum":0.000000477}},"set_input":{"duration":{"num":0,"min":0.000000000.0,"max":0.000000000.0,"avg":0.000000000.0,"var":0.000000000.0,"sum":0.000000000.0},"relative_timestamp_from_iforward_start":{"num":0,"min":0.000000000.0,"max":0.000000000.0,"avg":0.000000000.0,"var":0.000000000.0,"sum":0.000000000.0}},"get_output":{"duration":{"num":1,"min":0.000002623,"max":0.000002623,"avg":0.000002623,"var":0.000000000.0,"sum":0.000002623},"relative_timestamp_from_wait_end":{"num":1,"min":0.000000238,"max":0.000000238,"avg":0.000000238,"var":0.000000000.0,"sum":0.000000238}}}}},"65535:65535:13994581936748691455:0":{"rpc_id":-4452162136960860161,"provider_id":0,"parent_rpc_id":65535,"parent_provider_id":65535,"name":"bedrock_start_provider","origin":{"sent to ofi+cxi://0x20031000":{"iforward":{"duration":{"num":1,"min":0.000023365,"max":0.000023365,"avg":0.000023365,"var":0.000000000.0,"sum":0.000023365},"relative_timestamp_from_create":{"num":1,"min":0.000000000.0,"max":0.000000000.0,"avg":0.000000000.0,"var":0.000000000.0,"sum":0.000000000.0}},"forward_cb":{"duration":{"num":1,"min":0.000000000.0,"max":0.000000000.0,"avg":0.000000000.0,"var":0.000000000.0,"sum":0.000000000.0},"relative_timestamp_from_iforward_start":{"num":1,"min":0.000132799,"max":0.000132799,"avg":0.000132799,"var":0.000000000.0,"sum":0.000132799}},"iforward_wait":{"duration":{"num":1,"min":0.000109673,"max":0.000109673,"avg":0.000109673,"var":0.000000000.0,"sum":0.000109673},"relative_timestamp_from_iforward_end":{"num":1,"min":0.000000238,"max":0.000000238,"avg":0.000000238,"var":0.000000000.0,"sum":0.000000238}},"set_input":{"duration":{"num":1,"min":0.000000238,"max":0.000000238,"avg":0.000000238,"var":0.000000000.0,"sum":0.000000238},"relative_timestamp_from_iforward_start":{"num":1,"min":0.000003099,"max":0.000003099,"avg":0.000003099,"var":0.000000000.0,"sum":0.000003099}},"get_output":{"duration":{"num":1,"min":0.000000715,"max":0.000000715,"avg":0.000000715,"var":0.000000000.0,"sum":0.000000715},"relative_timestamp_from_wait_end":{"num":1,"min":0.000000238,"max":0.000000238,"avg":0.000000238,"var":0.000000000.0,"sum":0.000000238}}}}},"65535:65535:16409450654956847103:3":{"rpc_id":-2037293418752704513,"provider_id":3,"parent_rpc_id":65535,"parent_provider_id":65535,"name":"yk_doc_store","origin":{"sent to ofi+cxi://0x20031000":{"iforward":{"duration":{"num":1,"min":0.000027657,"max":0.000027657,"avg":0.000027657,"var":0.000000000.0,"sum":0.000027657},"relative_timestamp_from_create":{"num":1,"min":0.000000000.0,"max":0.000000000.0,"avg":0.000000000.0,"var":0.000000000.0,"sum":0.000000000.0}},"forward_cb":{"duration":{"num":1,"min":0.000000238,"max":0.000000238,"avg":0.000000238,"var":0.000000000.0,"sum":0.000000238},"relative_timestamp_from_iforward_start":{"num":1,"min":0.000088453,"max":0.000088453,"avg":0.000088453,"var":0.000000000.0,"sum":0.000088453}},"iforward_wait":{"duration":{"num":1,"min":0.000061512,"max":0.000061512,"avg":0.000061512,"var":0.000000000.0,"sum":0.000061512},"relative_timestamp_from_iforward_end":{"num":1,"min":0.000000000.0,"max":0.000000000.0,"avg":0.000000000.0,"var":0.000000000.0,"sum":0.000000000.0}},"set_input":{"duration":{"num":1,"min":0.000005484,"max":0.000005484,"avg":0.000005484,"var":0.000000000.0,"sum":0.000005484},"relative_timestamp_from_iforward_start":{"num":1,"min":0.000003338,"max":0.000003338,"avg":0.000003338,"var":0.000000000.0,"sum":0.000003338}},"get_output":{"duration":{"num":1,"min":0.000004053,"max":0.000004053,"avg":0.000004053,"var":0.000000000.0,"sum":0.000004053},"relative_timestamp_from_wait_end":{"num":1,"min":0.000000238,"max":0.000000238,"avg":0.000000238,"var":0.000000000.0,"sum":0.000000238}}}}},"65535:65535:65535:65535":{"rpc_id":65535,"provider_id":65535,"parent_rpc_id":65535,"parent_provider_id":65535,"name":"","target":{"received from <unknown>":{"bulk":{"create":{"duration":{"num":1,"min":0.000041723,"max":0.000041723,"avg":0.000041723,"var":0.000000000.0,"sum":0.000041723},"size":{"num":1,"min":105.000000000.0,"max":105.000000000.0,"avg":105.000000000.0,"var":0.000000000.0,"sum":105.000000000.0}}}}}}}}