{"address":"","progress_loop":{"progress_with_timeout":{"num":8,"min":0.000006199,"max":0.097056627,"avg":0.012288392,"var":0.008212504,"sum":0.098307133},"progress_timeout_value_msec":{"num":8,"min":100.000000000.0,"max":100.000000000.0,"avg":100.000000000.0,"var":0.000000000.0,"sum":800.000000000.0},"progress_without_timeout":{"num":0,"min":0.000000000.0,"max":0.000000000.0,"avg":0.000000000.0,"var":0.000000000.0,"sum":0.000000000.0},"trigger":{"num":5,"min":0.000000238,"max":0.000000954,"avg":0.000000429,"var":0.000000000,"sum":0.000002146}},"rpcs":{"65535:65535:5386877029230641151:0":{"rpc_id":5386877029230641151,"provider_id":0,"parent_rpc_id":65535,"parent_provider_id":65535,"name":"bedrock_query_config","origin":{"sent to ofi+cxi://0x20031000":{"iforward":{"duration":{"num":2,"min":0.000015259,"max":0.000058174,"avg":0.000036716,"var":0.000000001,"sum":0.000073433},"relative_timestamp_from_create":{"num":2,"min":0.000000238,"max":0.000003815,"avg":0.000002027,"var":0.000000000,"sum":0.000004053}},"forward_cb":{"duration":{"num":2,"min":0.000000000.0,"max":0.000000477,"avg":0.000000238,"var":0.000000000,"sum":0.000000477},"relative_timestamp_from_iforward_start":{"num":2,"min":0.000478268,"max":0.000665188,"avg":0.000571728,"var":0.000000017,"sum":0.001143456}},"iforward_wait":{"duration":{"num":2,"min":0.000463486,"max":0.000590801,"avg":0.000527143,"var":0.000000008,"sum":0.001054287},"relative_timestamp_from_iforward_end":{"num":2,"min":0.000000000.0,"max":0.000017881,"avg":0.000008941,"var":0.000000000,"sum":0.000017881}},"set_input":{"duration":{"num":2,"min":0.000000238,"max":0.000010729,"avg":0.000005484,"var":0.000000000,"sum":0.000010967},"relative_timestamp_from_iforward_start":{"num":2,"min":0.000002384,"max":0.000016928,"avg":0.000009656,"var":0.000000000,"sum":0.000019312}},"get_output":{"duration":{"num":2,"min":0.000000715,"max":0.000003099,"avg":0.000001907,"var":0.000000000,"sum":0.000003815},"relative_timestamp_from_wait_end":{"num":2,"min":0.000000477,"max":0.000004292,"avg":0.000002384,"var":0.000000000,"sum":0.000004768}}}}},"65535:65535:7940397281847607295:3":{"rpc_id":7940397281847607295,"provider_id":3,"parent_rpc_id":65535,"parent_provider_id":65535,"name":"__identity__","origin":{"sent to ofi+cxi://0x20031000":{"iforward":{"duration":{"num":1,"min":0.000015259,"max":0.000015259,"avg":0.000015259,"var":0.000000000.0,"sum":0.000015259},"relative_timestamp_from_create":{"num":1,"min":0.000000000.0,"max":0.000000000.0,"avg":0.000000000.0,"var":0.000000000.0,"sum":0.000000000.0}},"forward_cb":{"duration":{"num":1,"min":0.000000238,"max":0.000000238,"avg":0.000000238,"var":0.000000000.0,"sum":0.000000238},"relative_timestamp_from_iforward_start":{"num":1,"min":0.000037432,"max":0.000037432,"avg":0.000037432,"var":0.000000000.0,"sum":0.000037432}},"iforward_wait":{"duration":{"num":1,"min":0.000022650,"max":0.000022650,"avg":0.000022650,"var":0.000000000.0,"sum":0.000022650},"relative_timestamp_from_iforward_end":{"num":1,"min":0.000000238,"max":0.000000238,"avg":0.000000238,"var":0.000000000.0,"sum":0.000000238}},"set_input":{"duration":{"num":0,"min":0.000000000.0,"max":0.000000000.0,"avg":0.000000000.0,"var":0.000000000.0,"sum":0.000000000.0},"relative_timestamp_from_iforward_start":{"num":0,"min":0.000000000.0,"max":0.000000000.0,"avg":0.000000000.0,"var":0.000000000.0,"sum":0.000000000.0}},"get_output":{"duration":{"num":1,"min":0.000003099,"max":0.000003099,"avg":0.000003099,"var":0.000000000.0,"sum":0.000003099},"relative_timestamp_from_wait_end":{"num":1,"min":0.000000000.0,"max":0.000000000.0,"avg":0.000000000.0,"var":0.000000000.0,"sum":0.000000000.0}}}}},"65535:65535:13994581936748691455:0":{"rpc_id":-4452162136960860161,"provider_id":0,"parent_rpc_id":65535,"parent_provider_id":65535,"name":"bedrock_start_provider","origin":{"sent to ofi+cxi://0x20031000":{"iforward":{"duration":{"num":1,"min":0.000022888,"max":0.000022888,"avg":0.000022888,"var":0.000000000.0,"sum":0.000022888},"relative_timestamp_from_create":{"num":1,"min":0.000000238,"max":0.000000238,"avg":0.000000238,"var":0.000000000.0,"sum":0.000000238}},"forward_cb":{"duration":{"num":1,"min":0.000000238,"max":0.000000238,"avg":0.000000238,"var":0.000000000.0,"sum":0.000000238},"relative_timestamp_from_iforward_start":{"num":1,"min":0.000140905,"max":0.000140905,"avg":0.000140905,"var":0.000000000.0,"sum":0.000140905}},"iforward_wait":{"duration":{"num":1,"min":0.000118494,"max":0.000118494,"avg":0.000118494,"var":0.000000000.0,"sum":0.000118494},"relative_timestamp_from_iforward_end":{"num":1,"min":0.000000000.0,"max":0.000000000.0,"avg":0.000000000.0,"var":0.000000000.0,"sum":0.000000000.0}},"set_input":{"duration":{"num":1,"min":0.000000238,"max":0.000000238,"avg":0.000000238,"var":0.000000000.0,"sum":0.000000238},"relative_timestamp_from_iforward_start":{"num":1,"min":0.000003099,"max":0.000003099,"avg":0.000003099,"var":0.000000000.0,"sum":0.000003099}},"get_output":{"duration":{"num":1,"min":0.000000477,"max":0.000000477,"avg":0.000000477,"var":0.000000000.0,"sum":0.000000477},"relative_timestamp_from_wait_end":{"num":1,"min":0.000000477,"max":0.000000477,"avg":0.000000477,"var":0.000000000.0,"sum":0.000000477}}}}},"65535:65535:16409450654956847103:3":{"rpc_id":-2037293418752704513,"provider_id":3,"parent_rpc_id":65535,"parent_provider_id":65535,"name":"yk_doc_store","origin":{"sent to ofi+cxi://0x20031000":{"iforward":{"duration":{"num":1,"min":0.000026703,"max":0.000026703,"avg":0.000026703,"var":0.000000000.0,"sum":0.000026703},"relative_timestamp_from_create":{"num":1,"min":0.000000238,"max":0.000000238,"avg":0.000000238,"var":0.000000000.0,"sum":0.000000238}},"forward_cb":{"duration":{"num":1,"min":0.000000238,"max":0.000000238,"avg":0.000000238,"var":0.000000000.0,"sum":0.000000238},"relative_timestamp_from_iforward_start":{"num":1,"min":0.000097990,"max":0.000097990,"avg":0.000097990,"var":0.000000000.0,"sum":0.000097990}},"iforward_wait":{"duration":{"num":1,"min":0.000071764,"max":0.000071764,"avg":0.000071764,"var":0.000000000.0,"sum":0.000071764},"relative_timestamp_from_iforward_end":{"num":1,"min":0.000000238,"max":0.000000238,"avg":0.000000238,"var":0.000000000.0,"sum":0.000000238}},"set_input":{"duration":{"num":1,"min":0.000005245,"max":0.000005245,"avg":0.000005245,"var":0.000000000.0,"sum":0.000005245},"relative_timestamp_from_iforward_start":{"num":1,"min":0.000003099,"max":0.000003099,"avg":0.000003099,"var":0.000000000.0,"sum":0.000003099}},"get_output":{"duration":{"num":1,"min":0.000003815,"max":0.000003815,"avg":0.000003815,"var":0.000000000.0,"sum":0.000003815},"relative_timestamp_from_wait_end":{"num":1,"min":0.000000238,"max":0.000000238,"avg":0.000000238,"var":0.000000000.0,"sum":0.000000238}}}}},"65535:65535:65535:65535":{"rpc_id":65535,"provider_id":65535,"parent_rpc_id":65535,"parent_provider_id":65535,"name":"","target":{"received from <unknown>":{"bulk":{"create":{"duration":{"num":1,"min":0.000042439,"max":0.000042439,"avg":0.000042439,"var":0.000000000.0,"sum":0.000042439},"size":{"num":1,"min":104.000000000.0,"max":104.000000000.0,"avg":104.000000000.0,"var":0.000000000.0,"sum":104.000000000.0}}}}}}}}