{"address":"","progress_loop":{"progress_with_timeout":{"num":6,"min":0.000009298,"max":0.098950624,"avg":0.016580065,"var":0.008142061,"sum":0.099480391},"progress_timeout_value_msec":{"num":6,"min":100.000000000.0,"max":100.000000000.0,"avg":100.000000000.0,"var":0.000000000.0,"sum":600.000000000.0},"progress_without_timeout":{"num":0,"min":0.000000000.0,"max":0.000000000.0,"avg":0.000000000.0,"var":0.000000000.0,"sum":0.000000000.0},"trigger":{"num":4,"min":0.000000238,"max":0.000000715,"avg":0.000000477,"var":0.000000000,"sum":0.000001907}},"rpcs":{"65535:65535:5386877029230641151:0":{"rpc_id":5386877029230641151,"provider_id":0,"parent_rpc_id":65535,"parent_provider_id":65535,"name":"bedrock_query_config","origin":{"sent to ofi+cxi://0x20835c00":{"iforward":{"duration":{"num":1,"min":0.000053883,"max":0.000053883,"avg":0.000053883,"var":0.000000000.0,"sum":0.000053883},"relative_timestamp_from_create":{"num":1,"min":0.000005245,"max":0.000005245,"avg":0.000005245,"var":0.000000000.0,"sum":0.000005245}},"forward_cb":{"duration":{"num":1,"min":0.000000477,"max":0.000000477,"avg":0.000000477,"var":0.000000000.0,"sum":0.000000477},"relative_timestamp_from_iforward_start":{"num":1,"min":0.000569344,"max":0.000569344,"avg":0.000569344,"var":0.000000000.0,"sum":0.000569344}},"iforward_wait":{"duration":{"num":1,"min":0.000494957,"max":0.000494957,"avg":0.000494957,"var":0.000000000.0,"sum":0.000494957},"relative_timestamp_from_iforward_end":{"num":1,"min":0.000021935,"max":0.000021935,"avg":0.000021935,"var":0.000000000.0,"sum":0.000021935}},"set_input":{"duration":{"num":1,"min":0.000011444,"max":0.000011444,"avg":0.000011444,"var":0.000000000.0,"sum":0.000011444},"relative_timestamp_from_iforward_start":{"num":1,"min":0.000013590,"max":0.000013590,"avg":0.000013590,"var":0.000000000.0,"sum":0.000013590}},"get_output":{"duration":{"num":1,"min":0.000002623,"max":0.000002623,"avg":0.000002623,"var":0.000000000.0,"sum":0.000002623},"relative_timestamp_from_wait_end":{"num":1,"min":0.000004053,"max":0.000004053,"avg":0.000004053,"var":0.000000000.0,"sum":0.000004053}}}}},"65535:65535:7940397281847607295:3":{"rpc_id":7940397281847607295,"provider_id":3,"parent_rpc_id":65535,"parent_provider_id":65535,"name":"__identity__","origin":{"sent to ofi+cxi://0x20835c00":{"iforward":{"duration":{"num":1,"min":0.000016451,"max":0.000016451,"avg":0.000016451,"var":0.000000000.0,"sum":0.000016451},"relative_timestamp_from_create":{"num":1,"min":0.000000238,"max":0.000000238,"avg":0.000000238,"var":0.000000000.0,"sum":0.000000238}},"forward_cb":{"duration":{"num":1,"min":0.000000000.0,"max":0.000000000.0,"avg":0.000000000.0,"var":0.000000000.0,"sum":0.000000000.0},"relative_timestamp_from_iforward_start":{"num":1,"min":0.000031233,"max":0.000031233,"avg":0.000031233,"var":0.000000000.0,"sum":0.000031233}},"iforward_wait":{"duration":{"num":1,"min":0.000015020,"max":0.000015020,"avg":0.000015020,"var":0.000000000.0,"sum":0.000015020},"relative_timestamp_from_iforward_end":{"num":1,"min":0.000000238,"max":0.000000238,"avg":0.000000238,"var":0.000000000.0,"sum":0.000000238}},"set_input":{"duration":{"num":0,"min":0.000000000.0,"max":0.000000000.0,"avg":0.000000000.0,"var":0.000000000.0,"sum":0.000000000.0},"relative_timestamp_from_iforward_start":{"num":0,"min":0.000000000.0,"max":0.000000000.0,"avg":0.000000000.0,"var":0.000000000.0,"sum":0.000000000.0}},"get_output":{"duration":{"num":1,"min":0.000002861,"max":0.000002861,"avg":0.000002861,"var":0.000000000.0,"sum":0.000002861},"relative_timestamp_from_wait_end":{"num":1,"min":0.000000238,"max":0.000000238,"avg":0.000000238,"var":0.000000000.0,"sum":0.000000238}}}}},"65535:65535:1170338683618918399:3":{"rpc_id":1170338683618918399,"provider_id":3,"parent_rpc_id":65535,"parent_provider_id":65535,"name":"yk_put_direct","origin":{"sent to ofi+cxi://0x20835c00":{"iforward":{"duration":{"num":1,"min":0.000032425,"max":0.000032425,"avg":0.000032425,"var":0.000000000.0,"sum":0.000032425},"relative_timestamp_from_create":{"num":1,"min":0.000000238,"max":0.000000238,"avg":0.000000238,"var":0.000000000.0,"sum":0.000000238}},"forward_cb":{"duration":{"num":1,"min":0.000000238,"max":0.000000238,"avg":0.000000238,"var":0.000000000.0,"sum":0.000000238},"relative_timestamp_from_iforward_start":{"num":1,"min":0.000052452,"max":0.000052452,"avg":0.000052452,"var":0.000000000.0,"sum":0.000052452}},"iforward_wait":{"duration":{"num":1,"min":0.000020504,"max":0.000020504,"avg":0.000020504,"var":0.000000000.0,"sum":0.000020504},"relative_timestamp_from_iforward_end":{"num":1,"min":0.000000238,"max":0.000000238,"avg":0.000000238,"var":0.000000000.0,"sum":0.000000238}},"set_input":{"duration":{"num":1,"min":0.000005722,"max":0.000005722,"avg":0.000005722,"var":0.000000000.0,"sum":0.000005722},"relative_timestamp_from_iforward_start":{"num":1,"min":0.000004292,"max":0.000004292,"avg":0.000004292,"var":0.000000000.0,"sum":0.000004292}},"get_output":{"duration":{"num":1,"min":0.000002384,"max":0.000002384,"avg":0.000002384,"var":0.000000000.0,"sum":0.000002384},"relative_timestamp_from_wait_end":{"num":1,"min":0.000000238,"max":0.000000238,"avg":0.000000238,"var":0.000000000.0,"sum":0.000000238}}}}},"65535:65535:13614918458553729023:3":{"rpc_id":-4831825615155822593,"provider_id":3,"parent_rpc_id":65535,"parent_provider_id":65535,"name":"yk_coll_create","origin":{"sent to ofi+cxi://0x20835c00":{"iforward":{"duration":{"num":1,"min":0.000017643,"max":0.000017643,"avg":0.000017643,"var":0.000000000.0,"sum":0.000017643},"relative_timestamp_from_create":{"num":1,"min":0.000000000.0,"max":0.000000000.0,"avg":0.000000000.0,"var":0.000000000.0,"sum":0.000000000.0}},"forward_cb":{"duration":{"num":1,"min":0.000000238,"max":0.000000238,"avg":0.000000238,"var":0.000000000.0,"sum":0.000000238},"relative_timestamp_from_iforward_start":{"num":1,"min":0.000030756,"max":0.000030756,"avg":0.000030756,"var":0.000000000.0,"sum":0.000030756}},"iforward_wait":{"duration":{"num":1,"min":0.000013828,"max":0.000013828,"avg":0.000013828,"var":0.000000000.0,"sum":0.000013828},"relative_timestamp_from_iforward_end":{"num":1,"min":0.000000000.0,"max":0.000000000.0,"avg":0.000000000.0,"var":0.000000000.0,"sum":0.000000000.0}},"set_input":{"duration":{"num":1,"min":0.000002146,"max":0.000002146,"avg":0.000002146,"var":0.000000000.0,"sum":0.000002146},"relative_timestamp_from_iforward_start":{"num":1,"min":0.000004768,"max":0.000004768,"avg":0.000004768,"var":0.000000000.0,"sum":0.000004768}},"get_output":{"duration":{"num":1,"min":0.000000238,"max":0.000000238,"avg":0.000000238,"var":0.000000000.0,"sum":0.000000238},"relative_timestamp_from_wait_end":{"num":1,"min":0.000000000.0,"max":0.000000000.0,"avg":0.000000000.0,"var":0.000000000.0,"sum":0.000000000.0}}}}}}}