{"address":"","progress_loop":{"progress_with_timeout":{"num":10121,"min":0.000010729,"max":0.112007856,"avg":0.091557344,"var":6.173796417,"sum":926.651883364},"progress_timeout_value_msec":{"num":10121,"min":100.000000000.0,"max":100.000000000.0,"avg":100.000000000.0,"var":0.000000000.0,"sum":1012100.000000000.0},"progress_without_timeout":{"num":130084,"min":0.000000000.0,"max":0.000004053,"avg":0.000000081,"var":0.000000002,"sum":0.010511875},"trigger":{"num":760,"min":0.000000238,"max":0.023681402,"avg":0.015614042,"var":0.000913241,"sum":11.866671562}},"rpcs":{"65535:65535:5386877029230641151:0":{"rpc_id":5386877029230641151,"provider_id":0,"parent_rpc_id":65535,"parent_provider_id":65535,"name":"bedrock_query_config","origin":{"sent to ofi+cxi://0x2083f000":{"iforward":{"duration":{"num":1,"min":0.000095606,"max":0.000095606,"avg":0.000095606,"var":0.000000000.0,"sum":0.000095606},"relative_timestamp_from_create":{"num":1,"min":0.000011683,"max":0.000011683,"avg":0.000011683,"var":0.000000000.0,"sum":0.000011683}},"forward_cb":{"duration":{"num":1,"min":0.015582323,"max":0.015582323,"avg":0.015582323,"var":0.000000000.0,"sum":0.015582323},"relative_timestamp_from_iforward_start":{"num":1,"min":0.000699997,"max":0.000699997,"avg":0.000699997,"var":0.000000000.0,"sum":0.000699997}},"iforward_wait":{"duration":{"num":1,"min":0.023928881,"max":0.023928881,"avg":0.023928881,"var":0.000000000.0,"sum":0.023928881},"relative_timestamp_from_iforward_end":{"num":1,"min":0.000157595,"max":0.000157595,"avg":0.000157595,"var":0.000000000.0,"sum":0.000157595}},"set_input":{"duration":{"num":1,"min":0.000050068,"max":0.000050068,"avg":0.000050068,"var":0.000000000.0,"sum":0.000050068},"relative_timestamp_from_iforward_start":{"num":1,"min":0.000016928,"max":0.000016928,"avg":0.000016928,"var":0.000000000.0,"sum":0.000016928}},"get_output":{"duration":{"num":1,"min":0.000011683,"max":0.000011683,"avg":0.000011683,"var":0.000000000.0,"sum":0.000011683},"relative_timestamp_from_wait_end":{"num":1,"min":0.000025034,"max":0.000025034,"avg":0.000025034,"var":0.000000000.0,"sum":0.000025034}}}}},"65535:65535:7940397281847607295:3":{"rpc_id":7940397281847607295,"provider_id":3,"parent_rpc_id":65535,"parent_provider_id":65535,"name":"__identity__","origin":{"sent to ofi+cxi://0x2083f000":{"iforward":{"duration":{"num":1,"min":0.000018120,"max":0.000018120,"avg":0.000018120,"var":0.000000000.0,"sum":0.000018120},"relative_timestamp_from_create":{"num":1,"min":0.000000238,"max":0.000000238,"avg":0.000000238,"var":0.000000000.0,"sum":0.000000238}},"forward_cb":{"duration":{"num":1,"min":0.000002146,"max":0.000002146,"avg":0.000002146,"var":0.000000000.0,"sum":0.000002146},"relative_timestamp_from_iforward_start":{"num":1,"min":0.000043869,"max":0.000043869,"avg":0.000043869,"var":0.000000000.0,"sum":0.000043869}},"iforward_wait":{"duration":{"num":1,"min":0.011694670,"max":0.011694670,"avg":0.011694670,"var":0.000000000.0,"sum":0.011694670},"relative_timestamp_from_iforward_end":{"num":1,"min":0.000000238,"max":0.000000238,"avg":0.000000238,"var":0.000000000.0,"sum":0.000000238}},"set_input":{"duration":{"num":0,"min":0.000000000.0,"max":0.000000000.0,"avg":0.000000000.0,"var":0.000000000.0,"sum":0.000000000.0},"relative_timestamp_from_iforward_start":{"num":0,"min":0.000000000.0,"max":0.000000000.0,"avg":0.000000000.0,"var":0.000000000.0,"sum":0.000000000.0}},"get_output":{"duration":{"num":1,"min":0.000003576,"max":0.000003576,"avg":0.000003576,"var":0.000000000.0,"sum":0.000003576},"relative_timestamp_from_wait_end":{"num":1,"min":0.000000238,"max":0.000000238,"avg":0.000000238,"var":0.000000000.0,"sum":0.000000238}}}}},"65535:65535:15281833229347258367:3":{"rpc_id":-3164910844362293249,"provider_id":3,"parent_rpc_id":65535,"parent_provider_id":65535,"name":"yk_length_direct","origin":{"sent to ofi+cxi://0x2083f000":{"iforward":{"duration":{"num":1,"min":0.000037909,"max":0.000037909,"avg":0.000037909,"var":0.000000000.0,"sum":0.000037909},"relative_timestamp_from_create":{"num":1,"min":0.000000238,"max":0.000000238,"avg":0.000000238,"var":0.000000000.0,"sum":0.000000238}},"forward_cb":{"duration":{"num":1,"min":0.015379906,"max":0.015379906,"avg":0.015379906,"var":0.000000000.0,"sum":0.015379906},"relative_timestamp_from_iforward_start":{"num":1,"min":0.000119686,"max":0.000119686,"avg":0.000119686,"var":0.000000000.0,"sum":0.000119686}},"iforward_wait":{"duration":{"num":1,"min":0.031461716,"max":0.031461716,"avg":0.031461716,"var":0.000000000.0,"sum":0.031461716},"relative_timestamp_from_iforward_end":{"num":1,"min":0.000000000.0,"max":0.000000000.0,"avg":0.000000000.0,"var":0.000000000.0,"sum":0.000000000.0}},"set_input":{"duration":{"num":1,"min":0.000018358,"max":0.000018358,"avg":0.000018358,"var":0.000000000.0,"sum":0.000018358},"relative_timestamp_from_iforward_start":{"num":1,"min":0.000005484,"max":0.000005484,"avg":0.000005484,"var":0.000000000.0,"sum":0.000005484}},"get_output":{"duration":{"num":1,"min":0.000014305,"max":0.000014305,"avg":0.000014305,"var":0.000000000.0,"sum":0.000014305},"relative_timestamp_from_wait_end":{"num":1,"min":0.000000238,"max":0.000000238,"avg":0.000000238,"var":0.000000000.0,"sum":0.000000238}}}}},"65535:65535:14263933427668549631:3":{"rpc_id":-4182810646041001985,"provider_id":3,"parent_rpc_id":65535,"parent_provider_id":65535,"name":"yk_get","origin":{"sent to ofi+cxi://0x2083f000":{"iforward":{"duration":{"num":1,"min":0.000040531,"max":0.000040531,"avg":0.000040531,"var":0.000000000.0,"sum":0.000040531},"relative_timestamp_from_create":{"num":1,"min":0.000000238,"max":0.000000238,"avg":0.000000238,"var":0.000000000.0,"sum":0.000000238}},"forward_cb":{"duration":{"num":1,"min":0.015732527,"max":0.015732527,"avg":0.015732527,"var":0.000000000.0,"sum":0.015732527},"relative_timestamp_from_iforward_start":{"num":1,"min":0.000144005,"max":0.000144005,"avg":0.000144005,"var":0.000000000.0,"sum":0.000144005}},"iforward_wait":{"duration":{"num":1,"min":0.031836033,"max":0.031836033,"avg":0.031836033,"var":0.000000000.0,"sum":0.031836033},"relative_timestamp_from_iforward_end":{"num":1,"min":0.000000238,"max":0.000000238,"avg":0.000000238,"var":0.000000000.0,"sum":0.000000238}},"set_input":{"duration":{"num":1,"min":0.000015736,"max":0.000015736,"avg":0.000015736,"var":0.000000000.0,"sum":0.000015736},"relative_timestamp_from_iforward_start":{"num":1,"min":0.000004530,"max":0.000004530,"avg":0.000004530,"var":0.000000000.0,"sum":0.000004530}},"get_output":{"duration":{"num":1,"min":0.000013351,"max":0.000013351,"avg":0.000013351,"var":0.000000000.0,"sum":0.000013351},"relative_timestamp_from_wait_end":{"num":1,"min":0.000000238,"max":0.000000238,"avg":0.000000238,"var":0.000000000.0,"sum":0.000000238}}}}},"65535:65535:6151631875094937599:3":{"rpc_id":6151631875094937599,"provider_id":3,"parent_rpc_id":65535,"parent_provider_id":65535,"name":"yk_doc_iter","origin":{"sent to ofi+cxi://0x2083f000":{"iforward":{"duration":{"num":2,"min":0.000016689,"max":0.000029564,"avg":0.000023127,"var":0.000000000,"sum":0.000046253},"relative_timestamp_from_create":{"num":2,"min":0.000000000.0,"max":0.000000238,"avg":0.000000119,"var":0.000000000,"sum":0.000000238}},"forward_cb":{"duration":{"num":2,"min":0.000000238,"max":0.015956640,"avg":0.007978439,"var":0.000127303,"sum":0.015956879},"relative_timestamp_from_iforward_start":{"num":2,"min":0.000038147,"max":0.047904730,"avg":0.023971438,"var":0.001145605,"sum":0.047942877}},"iforward_wait":{"duration":{"num":2,"min":0.020027637,"max":0.063877821,"avg":0.041952729,"var":0.000961419,"sum":0.083905458},"relative_timestamp_from_iforward_end":{"num":2,"min":0.000000238,"max":0.000000238,"avg":0.000000238,"var":0.000000000.0,"sum":0.000000477}},"set_input":{"duration":{"num":2,"min":0.000000238,"max":0.000010014,"avg":0.000005126,"var":0.000000000,"sum":0.000010252},"relative_timestamp_from_iforward_start":{"num":2,"min":0.000002146,"max":0.000005722,"avg":0.000003934,"var":0.000000000,