{"address":"","progress_loop":{"progress_with_timeout":{"num":8683,"min":0.000009775,"max":0.123999834,"avg":0.103871471,"var":0.099285998,"sum":901.915981054},"progress_timeout_value_msec":{"num":8683,"min":100.000000000.0,"max":100.000000000.0,"avg":100.000000000.0,"var":0.000000000.0,"sum":868300.000000000.0},"progress_without_timeout":{"num":119032,"min":0.000000000.0,"max":0.000003815,"avg":0.000000090,"var":0.000000002,"sum":0.010737658},"trigger":{"num":13,"min":0.000000238,"max":0.017960548,"avg":0.013142091,"var":0.000423924,"sum":0.170847178}},"rpcs":{"65535:65535:5386877029230641151:0":{"rpc_id":5386877029230641151,"provider_id":0,"parent_rpc_id":65535,"parent_provider_id":65535,"name":"bedrock_query_config","origin":{"sent to ofi+cxi://0x2072f000":{"iforward":{"duration":{"num":1,"min":0.000096798,"max":0.000096798,"avg":0.000096798,"var":0.000000000.0,"sum":0.000096798},"relative_timestamp_from_create":{"num":1,"min":0.000011921,"max":0.000011921,"avg":0.000011921,"var":0.000000000.0,"sum":0.000011921}},"forward_cb":{"duration":{"num":1,"min":0.014533281,"max":0.014533281,"avg":0.014533281,"var":0.000000000.0,"sum":0.014533281},"relative_timestamp_from_iforward_start":{"num":1,"min":0.000769615,"max":0.000769615,"avg":0.000769615,"var":0.000000000.0,"sum":0.000769615}},"iforward_wait":{"duration":{"num":1,"min":0.027165890,"max":0.027165890,"avg":0.027165890,"var":0.000000000.0,"sum":0.027165890},"relative_timestamp_from_iforward_end":{"num":1,"min":0.000086784,"max":0.000086784,"avg":0.000086784,"var":0.000000000.0,"sum":0.000086784}},"set_input":{"duration":{"num":1,"min":0.000051022,"max":0.000051022,"avg":0.000051022,"var":0.000000000.0,"sum":0.000051022},"relative_timestamp_from_iforward_start":{"num":1,"min":0.000017643,"max":0.000017643,"avg":0.000017643,"var":0.000000000.0,"sum":0.000017643}},"get_output":{"duration":{"num":1,"min":0.000009775,"max":0.000009775,"avg":0.000009775,"var":0.000000000.0,"sum":0.000009775},"relative_timestamp_from_wait_end":{"num":1,"min":0.000028610,"max":0.000028610,"avg":0.000028610,"var":0.000000000.0,"sum":0.000028610}}}}},"65535:65535:7940397281847607295:3":{"rpc_id":7940397281847607295,"provider_id":3,"parent_rpc_id":65535,"parent_provider_id":65535,"name":"__identity__","origin":{"sent to ofi+cxi://0x2072f000":{"iforward":{"duration":{"num":1,"min":0.000020504,"max":0.000020504,"avg":0.000020504,"var":0.000000000.0,"sum":0.000020504},"relative_timestamp_from_create":{"num":1,"min":0.000000238,"max":0.000000238,"avg":0.000000238,"var":0.000000000.0,"sum":0.000000238}},"forward_cb":{"duration":{"num":1,"min":0.015651941,"max":0.015651941,"avg":0.015651941,"var":0.000000000.0,"sum":0.015651941},"relative_timestamp_from_iforward_start":{"num":1,"min":0.000045300,"max":0.000045300,"avg":0.000045300,"var":0.000000000.0,"sum":0.000045300}},"iforward_wait":{"duration":{"num":1,"min":0.035675287,"max":0.035675287,"avg":0.035675287,"var":0.000000000.0,"sum":0.035675287},"relative_timestamp_from_iforward_end":{"num":1,"min":0.000000238,"max":0.000000238,"avg":0.000000238,"var":0.000000000.0,"sum":0.000000238}},"set_input":{"duration":{"num":0,"min":0.000000000.0,"max":0.000000000.0,"avg":0.000000000.0,"var":0.000000000.0,"sum":0.000000000.0},"relative_timestamp_from_iforward_start":{"num":0,"min":0.000000000.0,"max":0.000000000.0,"avg":0.000000000.0,"var":0.000000000.0,"sum":0.000000000.0}},"get_output":{"duration":{"num":1,"min":0.000004053,"max":0.000004053,"avg":0.000004053,"var":0.000000000.0,"sum":0.000004053},"relative_timestamp_from_wait_end":{"num":1,"min":0.000000238,"max":0.000000238,"avg":0.000000238,"var":0.000000000.0,"sum":0.000000238}}}}},"65535:65535:15281833229347258367:3":{"rpc_id":-3164910844362293249,"provider_id":3,"parent_rpc_id":65535,"parent_provider_id":65535,"name":"yk_length_direct","origin":{"sent to ofi+cxi://0x2072f000":{"iforward":{"duration":{"num":1,"min":0.031399250,"max":0.031399250,"avg":0.031399250,"var":0.000000000.0,"sum":0.031399250},"relative_timestamp_from_create":{"num":1,"min":0.000000238,"max":0.000000238,"avg":0.000000238,"var":0.000000000.0,"sum":0.000000238}},"forward_cb":{"duration":{"num":1,"min":0.015907526,"max":0.015907526,"avg":0.015907526,"var":0.000000000.0,"sum":0.015907526},"relative_timestamp_from_iforward_start":{"num":1,"min":0.031477928,"max":0.031477928,"avg":0.031477928,"var":0.000000000.0,"sum":0.031477928}},"iforward_wait":{"duration":{"num":1,"min":0.031985998,"max":0.031985998,"avg":0.031985998,"var":0.000000000.0,"sum":0.031985998},"relative_timestamp_from_iforward_end":{"num":1,"min":0.000000238,"max":0.000000238,"avg":0.000000238,"var":0.000000000.0,"sum":0.000000238}},"set_input":{"duration":{"num":1,"min":0.000018597,"max":0.000018597,"avg":0.000018597,"var":0.000000000.0,"sum":0.000018597},"relative_timestamp_from_iforward_start":{"num":1,"min":0.000005484,"max":0.000005484,"avg":0.000005484,"var":0.000000000.0,"sum":0.000005484}},"get_output":{"duration":{"num":1,"min":0.000014544,"max":0.000014544,"avg":0.000014544,"var":0.000000000.0,"sum":0.000014544},"relative_timestamp_from_wait_end":{"num":1,"min":0.000000238,"max":0.000000238,"avg":0.000000238,"var":0.000000000.0,"sum":0.000000238}}}}},"65535:65535:14263933427668549631:3":{"rpc_id":-4182810646041001985,"provider_id":3,"parent_rpc_id":65535,"parent_provider_id":65535,"name":"yk_get","origin":{"sent to ofi+cxi://0x2072f000":{"iforward":{"duration":{"num":1,"min":0.000040770,"max":0.000040770,"avg":0.000040770,"var":0.000000000.0,"sum":0.000040770},"relative_timestamp_from_create":{"num":1,"min":0.000000238,"max":0.000000238,"avg":0.000000238,"var":0.000000000.0,"sum":0.000000238}},"forward_cb":{"duration":{"num":1,"min":0.015750408,"max":0.015750408,"avg":0.015750408,"var":0.000000000.0,"sum":0.015750408},"relative_timestamp_from_iforward_start":{"num":1,"min":0.000142813,"max":0.000142813,"avg":0.000142813,"var":0.000000000.0,"sum":0.000142813}},"iforward_wait":{"duration":{"num":1,"min":0.031852007,"max":0.031852007,"avg":0.031852007,"var":0.000000000.0,"sum":0.031852007},"relative_timestamp_from_iforward_end":{"num":1,"min":0.000000238,"max":0.000000238,"avg":0.000000238,"var":0.000000000.0,"sum":0.000000238}},"set_input":{"duration":{"num":1,"min":0.000016212,"max":0.000016212,"avg":0.000016212,"var":0.000000000.0,"sum":0.000016212},"relative_timestamp_from_iforward_start":{"num":1,"min":0.000004530,"max":0.000004530,"avg":0.000004530,"var":0.000000000.0,"sum":0.000004530}},"get_output":{"duration":{"num":1,"min":0.000013113,"max":0.000013113,"avg":0.000013113,"var":0.000000000.0,"sum":0.000013113},"relative_timestamp_from_wait_end":{"num":1,"min":0.000000238,"max":0.000000238,"avg":0.000000238,"var":0.000000000.0,"sum":0.000000238}}}}},"65535:65535:6151631875094937599:3":{"rpc_id":6151631875094937599,"provider_id":3,"parent_rpc_id":65535,"parent_provider_id":65535,"name":"yk_doc_iter","origin":{"sent to ofi+cxi://0x2072f000":{"iforward":{"duration":{"num":2,"min":0.000015736,"max":0.000031710,"avg":0.000023723,"var":0.000000000,"sum":0.000047445},"relative_timestamp_from_create":{"num":2,"min":0.000000238,"max":0.000000238,"avg":0.000000238,"var":0.000000000.0,"sum":0.000000477}},"forward_cb":{"duration":{"num":2,"min":0.000000238,"max":0.015959501,"avg":0.007979870,"var":0.000127349,"sum":0.015959740},"relative_timestamp_from_iforward_start":{"num":2,"min":0.000035048,"max":0.047909260,"avg":0.023972154,"var":0.001145970,"sum":0.047944307}},"iforward_wait":{"duration":{"num":2,"min":0.031978369,"max":0.063878298,"avg":0.047928333,"var":0.000508803,"sum":0.095856667},"relative_timestamp_from_iforward_end":{"num":2,"min":0.000000238,"max":0.000000238,"avg":0.000000238,"var":0.000000000.0,"sum":0.000000477}},"set_input":{"duration":{"num":2,"min":0.000000238,"max":0.000010252,"avg":0.000005245,"var":0.000000000,"sum":0.000010490},"relative_timestamp_from_iforward_start":{"num":2,"min":0.000002384,"max":0.000008106,"avg":0.000005245,"var":0.000000000,"sum":0.000010490}},