{"address":"","progress_loop":{"progress_with_timeout":{"num":8708,"min":0.000010967,"max":0.119981766,"avg":0.103648280,"var":0.247259540,"sum":902.569224119},"progress_timeout_value_msec":{"num":8708,"min":100.000000000.0,"max":100.000000000.0,"avg":100.000000000.0,"var":0.000000000.0,"sum":870800.000000000.0},"progress_without_timeout":{"num":120395,"min":0.000000000.0,"max":0.000003576,"avg":0.000000087,"var":0.000000002,"sum":0.010473967},"trigger":{"num":34,"min":0.000000477,"max":0.021967649,"avg":0.013388318,"var":0.000470320,"sum":0.455202818}},"rpcs":{"65535:65535:5386877029230641151:0":{"rpc_id":5386877029230641151,"provider_id":0,"parent_rpc_id":65535,"parent_provider_id":65535,"name":"bedrock_query_config","origin":{"sent to ofi+cxi://0x2072d400":{"iforward":{"duration":{"num":1,"min":0.000097990,"max":0.000097990,"avg":0.000097990,"var":0.000000000.0,"sum":0.000097990},"relative_timestamp_from_create":{"num":1,"min":0.000012159,"max":0.000012159,"avg":0.000012159,"var":0.000000000.0,"sum":0.000012159}},"forward_cb":{"duration":{"num":1,"min":0.012950420,"max":0.012950420,"avg":0.012950420,"var":0.000000000.0,"sum":0.012950420},"relative_timestamp_from_iforward_start":{"num":1,"min":0.000718355,"max":0.000718355,"avg":0.000718355,"var":0.000000000.0,"sum":0.000718355}},"iforward_wait":{"duration":{"num":1,"min":0.029354572,"max":0.029354572,"avg":0.029354572,"var":0.000000000.0,"sum":0.029354572},"relative_timestamp_from_iforward_end":{"num":1,"min":0.000086546,"max":0.000086546,"avg":0.000086546,"var":0.000000000.0,"sum":0.000086546}},"set_input":{"duration":{"num":1,"min":0.000051022,"max":0.000051022,"avg":0.000051022,"var":0.000000000.0,"sum":0.000051022},"relative_timestamp_from_iforward_start":{"num":1,"min":0.000017643,"max":0.000017643,"avg":0.000017643,"var":0.000000000.0,"sum":0.000017643}},"get_output":{"duration":{"num":1,"min":0.000010252,"max":0.000010252,"avg":0.000010252,"var":0.000000000.0,"sum":0.000010252},"relative_timestamp_from_wait_end":{"num":1,"min":0.000025272,"max":0.000025272,"avg":0.000025272,"var":0.000000000.0,"sum":0.000025272}}}}},"65535:65535:7940397281847607295:3":{"rpc_id":7940397281847607295,"provider_id":3,"parent_rpc_id":65535,"parent_provider_id":65535,"name":"__identity__","origin":{"sent to ofi+cxi://0x2072d400":{"iforward":{"duration":{"num":1,"min":0.000017643,"max":0.000017643,"avg":0.000017643,"var":0.000000000.0,"sum":0.000017643},"relative_timestamp_from_create":{"num":1,"min":0.000000238,"max":0.000000238,"avg":0.000000238,"var":0.000000000.0,"sum":0.000000238}},"forward_cb":{"duration":{"num":1,"min":0.015688896,"max":0.015688896,"avg":0.015688896,"var":0.000000000.0,"sum":0.015688896},"relative_timestamp_from_iforward_start":{"num":1,"min":0.000041008,"max":0.000041008,"avg":0.000041008,"var":0.000000000.0,"sum":0.000041008}},"iforward_wait":{"duration":{"num":1,"min":0.031712532,"max":0.031712532,"avg":0.031712532,"var":0.000000000.0,"sum":0.031712532},"relative_timestamp_from_iforward_end":{"num":1,"min":0.000000238,"max":0.000000238,"avg":0.000000238,"var":0.000000000.0,"sum":0.000000238}},"set_input":{"duration":{"num":0,"min":0.000000000.0,"max":0.000000000.0,"avg":0.000000000.0,"var":0.000000000.0,"sum":0.000000000.0},"relative_timestamp_from_iforward_start":{"num":0,"min":0.000000000.0,"max":0.000000000.0,"avg":0.000000000.0,"var":0.000000000.0,"sum":0.000000000.0}},"get_output":{"duration":{"num":1,"min":0.000003815,"max":0.000003815,"avg":0.000003815,"var":0.000000000.0,"sum":0.000003815},"relative_timestamp_from_wait_end":{"num":1,"min":0.000000238,"max":0.000000238,"avg":0.000000238,"var":0.000000000.0,"sum":0.000000238}}}}},"65535:65535:15281833229347258367:3":{"rpc_id":-3164910844362293249,"provider_id":3,"parent_rpc_id":65535,"parent_provider_id":65535,"name":"yk_length_direct","origin":{"sent to ofi+cxi://0x2072d400":{"iforward":{"duration":{"num":1,"min":0.000039101,"max":0.000039101,"avg":0.000039101,"var":0.000000000.0,"sum":0.000039101},"relative_timestamp_from_create":{"num":1,"min":0.000000238,"max":0.000000238,"avg":0.000000238,"var":0.000000000.0,"sum":0.000000238}},"forward_cb":{"duration":{"num":1,"min":0.015355110,"max":0.015355110,"avg":0.015355110,"var":0.000000000.0,"sum":0.015355110},"relative_timestamp_from_iforward_start":{"num":1,"min":0.000136852,"max":0.000136852,"avg":0.000136852,"var":0.000000000.0,"sum":0.000136852}},"iforward_wait":{"duration":{"num":1,"min":0.031452894,"max":0.031452894,"avg":0.031452894,"var":0.000000000.0,"sum":0.031452894},"relative_timestamp_from_iforward_end":{"num":1,"min":0.000000000.0,"max":0.000000000.0,"avg":0.000000000.0,"var":0.000000000.0,"sum":0.000000000.0}},"set_input":{"duration":{"num":1,"min":0.000018835,"max":0.000018835,"avg":0.000018835,"var":0.000000000.0,"sum":0.000018835},"relative_timestamp_from_iforward_start":{"num":1,"min":0.000005722,"max":0.000005722,"avg":0.000005722,"var":0.000000000.0,"sum":0.000005722}},"get_output":{"duration":{"num":1,"min":0.000013590,"max":0.000013590,"avg":0.000013590,"var":0.000000000.0,"sum":0.000013590},"relative_timestamp_from_wait_end":{"num":1,"min":0.000000238,"max":0.000000238,"avg":0.000000238,"var":0.000000000.0,"sum":0.000000238}}}}},"65535:65535:14263933427668549631:3":{"rpc_id":-4182810646041001985,"provider_id":3,"parent_rpc_id":65535,"parent_provider_id":65535,"name":"yk_get","origin":{"sent to ofi+cxi://0x2072d400":{"iforward":{"duration":{"num":1,"min":0.000045776,"max":0.000045776,"avg":0.000045776,"var":0.000000000.0,"sum":0.000045776},"relative_timestamp_from_create":{"num":1,"min":0.000000000.0,"max":0.000000000.0,"avg":0.000000000.0,"var":0.000000000.0,"sum":0.000000000.0}},"forward_cb":{"duration":{"num":1,"min":0.015737534,"max":0.015737534,"avg":0.015737534,"var":0.000000000.0,"sum":0.015737534},"relative_timestamp_from_iforward_start":{"num":1,"min":0.000143766,"max":0.000143766,"avg":0.000143766,"var":0.000000000.0,"sum":0.000143766}},"iforward_wait":{"duration":{"num":1,"min":0.031836987,"max":0.031836987,"avg":0.031836987,"var":0.000000000.0,"sum":0.031836987},"relative_timestamp_from_iforward_end":{"num":1,"min":0.000000238,"max":0.000000238,"avg":0.000000238,"var":0.000000000.0,"sum":0.000000238}},"set_input":{"duration":{"num":1,"min":0.000016451,"max":0.000016451,"avg":0.000016451,"var":0.000000000.0,"sum":0.000016451},"relative_timestamp_from_iforward_start":{"num":1,"min":0.000008821,"max":0.000008821,"avg":0.000008821,"var":0.000000000.0,"sum":0.000008821}},"get_output":{"duration":{"num":1,"min":0.000013828,"max":0.000013828,"avg":0.000013828,"var":0.000000000.0,"sum":0.000013828},"relative_timestamp_from_wait_end":{"num":1,"min":0.000000000.0,"max":0.000000000.0,"avg":0.000000000.0,"var":0.000000000.0,"sum":0.000000000.0}}}}},"65535:65535:6151631875094937599:3":{"rpc_id":6151631875094937599,"provider_id":3,"parent_rpc_id":65535,"parent_provider_id":65535,"name":"yk_doc_iter","origin":{"sent to ofi+cxi://0x2072d400":{"iforward":{"duration":{"num":2,"min":0.000015974,"max":0.000029087,"avg":0.000022531,"var":0.000000000,"sum":0.000045061},"relative_timestamp_from_create":{"num":2,"min":0.000000238,"max":0.000000238,"avg":0.000000238,"var":0.000000000.0,"sum":0.000000477}},"forward_cb":{"duration":{"num":2,"min":0.000000000.0,"max":0.015951395,"avg":0.007975698,"var":0.000127224,"sum":0.015951395},"relative_timestamp_from_iforward_start":{"num":2,"min":0.000042439,"max":0.047907829,"avg":0.023975134,"var":0.001145548,"sum":0.047950268}},"iforward_wait":{"duration":{"num":2,"min":0.031979322,"max":0.063879013,"avg":0.047929168,"var":0.000508795,"sum":0.095858335},"relative_timestamp_from_iforward_end":{"num":2,"min":0.000000477,"max":0.000000477,"avg":0.000000477,"var":0.000000000.0,"sum":0.000000954}},"set_input":{"duration":{"num":2,"min":0.000000238,"max":0.000010490,"avg":0.000005364,"var":0.000000000,"sum":0.000010729},"relative_timestamp_from_iforward_start":{"num":2,"min":0.000002623,"max":0.000005960,"avg":0.000004292,