{"address":"","progress_loop":{"progress_with_timeout":{"num":9,"min":0.000002384,"max":0.098258257,"avg":0.011001587,"var":0.008565654,"sum":0.099014282},"progress_timeout_value_msec":{"num":9,"min":100.000000000.0,"max":100.000000000.0,"avg":100.000000000.0,"var":0.000000000.0,"sum":900.000000000.0},"progress_without_timeout":{"num":0,"min":0.000000000.0,"max":0.000000000.0,"avg":0.000000000.0,"var":0.000000000.0,"sum":0.000000000.0},"trigger":{"num":4,"min":0.000003815,"max":0.000004292,"avg":0.000004113,"var":0.000000000,"sum":0.000016451}},"rpcs":{"65535:65535:5386877029230641151:0":{"rpc_id":5386877029230641151,"provider_id":0,"parent_rpc_id":65535,"parent_provider_id":65535,"name":"bedrock_query_config","origin":{"sent to ofi+cxi://0x20725c00":{"iforward":{"duration":{"num":1,"min":0.000082493,"max":0.000082493,"avg":0.000082493,"var":0.000000000.0,"sum":0.000082493},"relative_timestamp_from_create":{"num":1,"min":0.000007629,"max":0.000007629,"avg":0.000007629,"var":0.000000000.0,"sum":0.000007629}},"forward_cb":{"duration":{"num":1,"min":0.000001431,"max":0.000001431,"avg":0.000001431,"var":0.000000000.0,"sum":0.000001431},"relative_timestamp_from_iforward_start":{"num":1,"min":0.000668526,"max":0.000668526,"avg":0.000668526,"var":0.000000000.0,"sum":0.000668526}},"iforward_wait":{"duration":{"num":1,"min":0.000558853,"max":0.000558853,"avg":0.000558853,"var":0.000000000.0,"sum":0.000558853},"relative_timestamp_from_iforward_end":{"num":1,"min":0.000034332,"max":0.000034332,"avg":0.000034332,"var":0.000000000.0,"sum":0.000034332}},"set_input":{"duration":{"num":1,"min":0.000024796,"max":0.000024796,"avg":0.000024796,"var":0.000000000.0,"sum":0.000024796},"relative_timestamp_from_iforward_start":{"num":1,"min":0.000028610,"max":0.000028610,"avg":0.000028610,"var":0.000000000.0,"sum":0.000028610}},"get_output":{"duration":{"num":1,"min":0.000006437,"max":0.000006437,"avg":0.000006437,"var":0.000000000.0,"sum":0.000006437},"relative_timestamp_from_wait_end":{"num":1,"min":0.000008583,"max":0.000008583,"avg":0.000008583,"var":0.000000000.0,"sum":0.000008583}}}}},"65535:65535:7940397281847607295:3":{"rpc_id":7940397281847607295,"provider_id":3,"parent_rpc_id":65535,"parent_provider_id":65535,"name":"__identity__","origin":{"sent to ofi+cxi://0x20725c00":{"iforward":{"duration":{"num":1,"min":0.000018835,"max":0.000018835,"avg":0.000018835,"var":0.000000000.0,"sum":0.000018835},"relative_timestamp_from_create":{"num":1,"min":0.000001431,"max":0.000001431,"avg":0.000001431,"var":0.000000000.0,"sum":0.000001431}},"forward_cb":{"duration":{"num":1,"min":0.000001192,"max":0.000001192,"avg":0.000001192,"var":0.000000000.0,"sum":0.000001192},"relative_timestamp_from_iforward_start":{"num":1,"min":0.000056982,"max":0.000056982,"avg":0.000056982,"var":0.000000000.0,"sum":0.000056982}},"iforward_wait":{"duration":{"num":1,"min":0.000042677,"max":0.000042677,"avg":0.000042677,"var":0.000000000.0,"sum":0.000042677},"relative_timestamp_from_iforward_end":{"num":1,"min":0.000001431,"max":0.000001431,"avg":0.000001431,"var":0.000000000.0,"sum":0.000001431}},"set_input":{"duration":{"num":0,"min":0.000000000.0,"max":0.000000000.0,"avg":0.000000000.0,"var":0.000000000.0,"sum":0.000000000.0},"relative_timestamp_from_iforward_start":{"num":0,"min":0.000000000.0,"max":0.000000000.0,"avg":0.000000000.0,"var":0.000000000.0,"sum":0.000000000.0}},"get_output":{"duration":{"num":1,"min":0.000006199,"max":0.000006199,"avg":0.000006199,"var":0.000000000.0,"sum":0.000006199},"relative_timestamp_from_wait_end":{"num":1,"min":0.000001431,"max":0.000001431,"avg":0.000001431,"var":0.000000000.0,"sum":0.000001431}}}}},"65535:65535:13994581936748691455:0":{"rpc_id":-4452162136960860161,"provider_id":0,"parent_rpc_id":65535,"parent_provider_id":65535,"name":"bedrock_start_provider","origin":{"sent to ofi+cxi://0x20725c00":{"iforward":{"duration":{"num":1,"min":0.000032902,"max":0.000032902,"avg":0.000032902,"var":0.000000000.0,"sum":0.000032902},"relative_timestamp_from_create":{"num":1,"min":0.000001431,"max":0.000001431,"avg":0.000001431,"var":0.000000000.0,"sum":0.000001431}},"forward_cb":{"duration":{"num":1,"min":0.000001431,"max":0.000001431,"avg":0.000001431,"var":0.000000000.0,"sum":0.000001431},"relative_timestamp_from_iforward_start":{"num":1,"min":0.000173330,"max":0.000173330,"avg":0.000173330,"var":0.000000000.0,"sum":0.000173330}},"iforward_wait":{"duration":{"num":1,"min":0.000145674,"max":0.000145674,"avg":0.000145674,"var":0.000000000.0,"sum":0.000145674},"relative_timestamp_from_iforward_end":{"num":1,"min":0.000001907,"max":0.000001907,"avg":0.000001907,"var":0.000000000.0,"sum":0.000001907}},"set_input":{"duration":{"num":1,"min":0.000001431,"max":0.000001431,"avg":0.000001431,"var":0.000000000.0,"sum":0.000001431},"relative_timestamp_from_iforward_start":{"num":1,"min":0.000008345,"max":0.000008345,"avg":0.000008345,"var":0.000000000.0,"sum":0.000008345}},"get_output":{"duration":{"num":1,"min":0.000001907,"max":0.000001907,"avg":0.000001907,"var":0.000000000.0,"sum":0.000001907},"relative_timestamp_from_wait_end":{"num":1,"min":0.000001431,"max":0.000001431,"avg":0.000001431,"var":0.000000000.0,"sum":0.000001431}}}}},"65535:65535:16409450654956847103:3":{"rpc_id":-2037293418752704513,"provider_id":3,"parent_rpc_id":65535,"parent_provider_id":65535,"name":"yk_doc_store","origin":{"sent to ofi+cxi://0x20725c00":{"iforward":{"duration":{"num":1,"min":0.000036478,"max":0.000036478,"avg":0.000036478,"var":0.000000000.0,"sum":0.000036478},"relative_timestamp_from_create":{"num":1,"min":0.000001192,"max":0.000001192,"avg":0.000001192,"var":0.000000000.0,"sum":0.000001192}},"forward_cb":{"duration":{"num":1,"min":0.000001431,"max":0.000001431,"avg":0.000001431,"var":0.000000000.0,"sum":0.000001431},"relative_timestamp_from_iforward_start":{"num":1,"min":0.000117064,"max":0.000117064,"avg":0.000117064,"var":0.000000000.0,"sum":0.000117064}},"iforward_wait":{"duration":{"num":1,"min":0.000087023,"max":0.000087023,"avg":0.000087023,"var":0.000000000.0,"sum":0.000087023},"relative_timestamp_from_iforward_end":{"num":1,"min":0.000001431,"max":0.000001431,"avg":0.000001431,"var":0.000000000.0,"sum":0.000001431}},"set_input":{"duration":{"num":1,"min":0.000009060,"max":0.000009060,"avg":0.000009060,"var":0.000000000.0,"sum":0.000009060},"relative_timestamp_from_iforward_start":{"num":1,"min":0.000006914,"max":0.000006914,"avg":0.000006914,"var":0.000000000.0,"sum":0.000006914}},"get_output":{"duration":{"num":1,"min":0.000009537,"max":0.000009537,"avg":0.000009537,"var":0.000000000.0,"sum":0.000009537},"relative_timestamp_from_wait_end":{"num":1,"min":0.000001431,"max":0.000001431,"avg":0.000001431,"var":0.000000000.0,"sum":0.000001431}}}}},"65535:65535:65535:65535":{"rpc_id":65535,"provider_id":65535,"parent_rpc_id":65535,"parent_provider_id":65535,"name":"","target":{"received from <unknown>":{"bulk":{"create":{"duration":{"num":1,"min":0.000045300,"max":0.000045300,"avg":0.000045300,"var":0.000000000.0,"sum":0.000045300},"size":{"num":1,"min":104.000000000.0,"max":104.000000000.0,"avg":104.000000000.0,"var":0.000000000.0,"sum":104.000000000.0}}}}}}}}