{"address":"","progress_loop":{"progress_with_timeout":{"num":8941,"min":0.000010014,"max":0.105952501,"avg":0.101573810,"var":1.654300394,"sum":908.171435118},"progress_timeout_value_msec":{"num":8941,"min":100.000000000.0,"max":100.000000000.0,"avg":100.000000000.0,"var":0.000000000.0,"sum":894100.000000000.0},"progress_without_timeout":{"num":118963,"min":0.000000000.0,"max":0.000027418,"avg":0.000000087,"var":0.000000002,"sum":0.010385752},"trigger":{"num":198,"min":0.000000238,"max":0.023020506,"avg":0.014893809,"var":0.000548467,"sum":2.948974133}},"rpcs":{"65535:65535:5386877029230641151:0":{"rpc_id":5386877029230641151,"provider_id":0,"parent_rpc_id":65535,"parent_provider_id":65535,"name":"bedrock_query_config","origin":{"sent to ofi+cxi://0x20435c00":{"iforward":{"duration":{"num":1,"min":0.000057936,"max":0.000057936,"avg":0.000057936,"var":0.000000000.0,"sum":0.000057936},"relative_timestamp_from_create":{"num":1,"min":0.000004053,"max":0.000004053,"avg":0.000004053,"var":0.000000000.0,"sum":0.000004053}},"forward_cb":{"duration":{"num":1,"min":0.012389660,"max":0.012389660,"avg":0.012389660,"var":0.000000000.0,"sum":0.012389660},"relative_timestamp_from_iforward_start":{"num":1,"min":0.001171350,"max":0.001171350,"avg":0.001171350,"var":0.000000000.0,"sum":0.001171350}},"iforward_wait":{"duration":{"num":1,"min":0.029440880,"max":0.029440880,"avg":0.029440880,"var":0.000000000.0,"sum":0.029440880},"relative_timestamp_from_iforward_end":{"num":1,"min":0.000018120,"max":0.000018120,"avg":0.000018120,"var":0.000000000.0,"sum":0.000018120}},"set_input":{"duration":{"num":1,"min":0.000010967,"max":0.000010967,"avg":0.000010967,"var":0.000000000.0,"sum":0.000010967},"relative_timestamp_from_iforward_start":{"num":1,"min":0.000015974,"max":0.000015974,"avg":0.000015974,"var":0.000000000.0,"sum":0.000015974}},"get_output":{"duration":{"num":1,"min":0.000002861,"max":0.000002861,"avg":0.000002861,"var":0.000000000.0,"sum":0.000002861},"relative_timestamp_from_wait_end":{"num":1,"min":0.000005484,"max":0.000005484,"avg":0.000005484,"var":0.000000000.0,"sum":0.000005484}}}}},"65535:65535:7940397281847607295:3":{"rpc_id":7940397281847607295,"provider_id":3,"parent_rpc_id":65535,"parent_provider_id":65535,"name":"__identity__","origin":{"sent to ofi+cxi://0x20435c00":{"iforward":{"duration":{"num":1,"min":0.000019073,"max":0.000019073,"avg":0.000019073,"var":0.000000000.0,"sum":0.000019073},"relative_timestamp_from_create":{"num":1,"min":0.000000238,"max":0.000000238,"avg":0.000000238,"var":0.000000000.0,"sum":0.000000238}},"forward_cb":{"duration":{"num":1,"min":0.015795708,"max":0.015795708,"avg":0.015795708,"var":0.000000000.0,"sum":0.015795708},"relative_timestamp_from_iforward_start":{"num":1,"min":0.000040531,"max":0.000040531,"avg":0.000040531,"var":0.000000000.0,"sum":0.000040531}},"iforward_wait":{"duration":{"num":1,"min":0.031816959,"max":0.031816959,"avg":0.031816959,"var":0.000000000.0,"sum":0.031816959},"relative_timestamp_from_iforward_end":{"num":1,"min":0.000000238,"max":0.000000238,"avg":0.000000238,"var":0.000000000.0,"sum":0.000000238}},"set_input":{"duration":{"num":0,"min":0.000000000.0,"max":0.000000000.0,"avg":0.000000000.0,"var":0.000000000.0,"sum":0.000000000.0},"relative_timestamp_from_iforward_start":{"num":0,"min":0.000000000.0,"max":0.000000000.0,"avg":0.000000000.0,"var":0.000000000.0,"sum":0.000000000.0}},"get_output":{"duration":{"num":1,"min":0.000003815,"max":0.000003815,"avg":0.000003815,"var":0.000000000.0,"sum":0.000003815},"relative_timestamp_from_wait_end":{"num":1,"min":0.000000238,"max":0.000000238,"avg":0.000000238,"var":0.000000000.0,"sum":0.000000238}}}}},"65535:65535:15281833229347258367:3":{"rpc_id":-3164910844362293249,"provider_id":3,"parent_rpc_id":65535,"parent_provider_id":65535,"name":"yk_length_direct","origin":{"sent to ofi+cxi://0x20435c00":{"iforward":{"duration":{"num":1,"min":0.000023365,"max":0.000023365,"avg":0.000023365,"var":0.000000000.0,"sum":0.000023365},"relative_timestamp_from_create":{"num":1,"min":0.000000000.0,"max":0.000000000.0,"avg":0.000000000.0,"var":0.000000000.0,"sum":0.000000000.0}},"forward_cb":{"duration":{"num":1,"min":0.015881062,"max":0.015881062,"avg":0.015881062,"var":0.000000000.0,"sum":0.015881062},"relative_timestamp_from_iforward_start":{"num":1,"min":0.000047445,"max":0.000047445,"avg":0.000047445,"var":0.000000000.0,"sum":0.000047445}},"iforward_wait":{"duration":{"num":1,"min":0.031960964,"max":0.031960964,"avg":0.031960964,"var":0.000000000.0,"sum":0.031960964},"relative_timestamp_from_iforward_end":{"num":1,"min":0.000000238,"max":0.000000238,"avg":0.000000238,"var":0.000000000.0,"sum":0.000000238}},"set_input":{"duration":{"num":1,"min":0.000005245,"max":0.000005245,"avg":0.000005245,"var":0.000000000.0,"sum":0.000005245},"relative_timestamp_from_iforward_start":{"num":1,"min":0.000004768,"max":0.000004768,"avg":0.000004768,"var":0.000000000.0,"sum":0.000004768}},"get_output":{"duration":{"num":1,"min":0.000003815,"max":0.000003815,"avg":0.000003815,"var":0.000000000.0,"sum":0.000003815},"relative_timestamp_from_wait_end":{"num":1,"min":0.000000238,"max":0.000000238,"avg":0.000000238,"var":0.000000000.0,"sum":0.000000238}}}}},"65535:65535:14263933427668549631:3":{"rpc_id":-4182810646041001985,"provider_id":3,"parent_rpc_id":65535,"parent_provider_id":65535,"name":"yk_get","origin":{"sent to ofi+cxi://0x20435c00":{"iforward":{"duration":{"num":1,"min":0.000029802,"max":0.000029802,"avg":0.000029802,"var":0.000000000.0,"sum":0.000029802},"relative_timestamp_from_create":{"num":1,"min":0.000000238,"max":0.000000238,"avg":0.000000238,"var":0.000000000.0,"sum":0.000000238}},"forward_cb":{"duration":{"num":1,"min":0.015762091,"max":0.015762091,"avg":0.015762091,"var":0.000000000.0,"sum":0.015762091},"relative_timestamp_from_iforward_start":{"num":1,"min":0.000071049,"max":0.000071049,"avg":0.000071049,"var":0.000000000.0,"sum":0.000071049}},"iforward_wait":{"duration":{"num":1,"min":0.031804085,"max":0.031804085,"avg":0.031804085,"var":0.000000000.0,"sum":0.031804085},"relative_timestamp_from_iforward_end":{"num":1,"min":0.000000000.0,"max":0.000000000.0,"avg":0.000000000.0,"var":0.000000000.0,"sum":0.000000000.0}},"set_input":{"duration":{"num":1,"min":0.000006199,"max":0.000006199,"avg":0.000006199,"var":0.000000000.0,"sum":0.000006199},"relative_timestamp_from_iforward_start":{"num":1,"min":0.000004292,"max":0.000004292,"avg":0.000004292,"var":0.000000000.0,"sum":0.000004292}},"get_output":{"duration":{"num":1,"min":0.000000238,"max":0.000000238,"avg":0.000000238,"var":0.000000000.0,"sum":0.000000238},"relative_timestamp_from_wait_end":{"num":1,"min":0.000000238,"max":0.000000238,"avg":0.000000238,"var":0.000000000.0,"sum":0.000000238}}}}},"65535:65535:6151631875094937599:3":{"rpc_id":6151631875094937599,"provider_id":3,"parent_rpc_id":65535,"parent_provider_id":65535,"name":"yk_doc_iter","origin":{"sent to ofi+cxi://0x20435c00":{"iforward":{"duration":{"num":2,"min":0.000014782,"max":0.000020742,"avg":0.000017762,"var":0.000000000,"sum":0.000035524},"relative_timestamp_from_create":{"num":2,"min":0.000000000.0,"max":0.000000000.0,"avg":0.000000000.0,"var":0.000000000.0,"sum":0.000000000.0}},"forward_cb":{"duration":{"num":2,"min":0.000000238,"max":0.015961409,"avg":0.007980824,"var":0.000127379,"sum":0.015961647},"relative_timestamp_from_iforward_start":{"num":2,"min":0.000033140,"max":0.047970057,"avg":0.024001598,"var":0.001148974,"sum":0.048003197}},"iforward_wait":{"duration":{"num":2,"min":0.031980276,"max":0.063951254,"avg":0.047965765,"var":0.000511072,"sum":0.095931530},"relative_timestamp_from_iforward_end":{"num":2,"min":0.000000238,"max":0.000000238,"avg":0.000000238,"var":0.000000000.0,"sum":0.000000477}},"set_input":{"duration":{"num":2,"min":0.000000238,"max":0.000002384,"avg":0.000001311,"var":0.000000000,"sum":0.000002623},"relative_timestamp_from_iforward_start":{"num":2,"min":0.000001907,"max":0.000005722,"avg":0.000003815,