{"address":"","progress_loop":{"progress_with_timeout":{"num":9029,"min":0.000016928,"max":0.108001471,"avg":0.099899445,"var":0.068466699,"sum":901.992089748},"progress_timeout_value_msec":{"num":9029,"min":100.000000000.0,"max":100.000000000.0,"avg":100.000000000.0,"var":0.000000000.0,"sum":902900.000000000.0},"progress_without_timeout":{"num":5798,"min":0.000000715,"max":0.000051260,"avg":0.000001169,"var":0.000000004,"sum":0.006780148},"trigger":{"num":16,"min":0.000003815,"max":0.015962601,"avg":0.012597457,"var":0.000386222,"sum":0.201559305}},"rpcs":{"65535:65535:5386877029230641151:0":{"rpc_id":5386877029230641151,"provider_id":0,"parent_rpc_id":65535,"parent_provider_id":65535,"name":"bedrock_query_config","origin":{"sent to ofi+cxi://0x20723c00":{"iforward":{"duration":{"num":1,"min":0.000130892,"max":0.000130892,"avg":0.000130892,"var":0.000000000.0,"sum":0.000130892},"relative_timestamp_from_create":{"num":1,"min":0.000018358,"max":0.000018358,"avg":0.000018358,"var":0.000000000.0,"sum":0.000018358}},"forward_cb":{"duration":{"num":1,"min":0.012201548,"max":0.012201548,"avg":0.012201548,"var":0.000000000.0,"sum":0.012201548},"relative_timestamp_from_iforward_start":{"num":1,"min":0.000772953,"max":0.000772953,"avg":0.000772953,"var":0.000000000.0,"sum":0.000772953}},"iforward_wait":{"duration":{"num":1,"min":0.028598070,"max":0.028598070,"avg":0.028598070,"var":0.000000000.0,"sum":0.028598070},"relative_timestamp_from_iforward_end":{"num":1,"min":0.000121117,"max":0.000121117,"avg":0.000121117,"var":0.000000000.0,"sum":0.000121117}},"set_input":{"duration":{"num":1,"min":0.000074148,"max":0.000074148,"avg":0.000074148,"var":0.000000000.0,"sum":0.000074148},"relative_timestamp_from_iforward_start":{"num":1,"min":0.000028133,"max":0.000028133,"avg":0.000028133,"var":0.000000000.0,"sum":0.000028133}},"get_output":{"duration":{"num":1,"min":0.000015736,"max":0.000015736,"avg":0.000015736,"var":0.000000000.0,"sum":0.000015736},"relative_timestamp_from_wait_end":{"num":1,"min":0.000034571,"max":0.000034571,"avg":0.000034571,"var":0.000000000.0,"sum":0.000034571}}}}},"65535:65535:7940397281847607295:3":{"rpc_id":7940397281847607295,"provider_id":3,"parent_rpc_id":65535,"parent_provider_id":65535,"name":"__identity__","origin":{"sent to ofi+cxi://0x20723c00":{"iforward":{"duration":{"num":1,"min":0.000020981,"max":0.000020981,"avg":0.000020981,"var":0.000000000.0,"sum":0.000020981},"relative_timestamp_from_create":{"num":1,"min":0.000001431,"max":0.000001431,"avg":0.000001431,"var":0.000000000.0,"sum":0.000001431}},"forward_cb":{"duration":{"num":1,"min":0.015491724,"max":0.015491724,"avg":0.015491724,"var":0.000000000.0,"sum":0.015491724},"relative_timestamp_from_iforward_start":{"num":1,"min":0.000059605,"max":0.000059605,"avg":0.000059605,"var":0.000000000.0,"sum":0.000059605}},"iforward_wait":{"duration":{"num":1,"min":0.031532049,"max":0.031532049,"avg":0.031532049,"var":0.000000000.0,"sum":0.031532049},"relative_timestamp_from_iforward_end":{"num":1,"min":0.000001431,"max":0.000001431,"avg":0.000001431,"var":0.000000000.0,"sum":0.000001431}},"set_input":{"duration":{"num":0,"min":0.000000000.0,"max":0.000000000.0,"avg":0.000000000.0,"var":0.000000000.0,"sum":0.000000000.0},"relative_timestamp_from_iforward_start":{"num":0,"min":0.000000000.0,"max":0.000000000.0,"avg":0.000000000.0,"var":0.000000000.0,"sum":0.000000000.0}},"get_output":{"duration":{"num":1,"min":0.000005960,"max":0.000005960,"avg":0.000005960,"var":0.000000000.0,"sum":0.000005960},"relative_timestamp_from_wait_end":{"num":1,"min":0.000001431,"max":0.000001431,"avg":0.000001431,"var":0.000000000.0,"sum":0.000001431}}}}},"65535:65535:15281833229347258367:3":{"rpc_id":-3164910844362293249,"provider_id":3,"parent_rpc_id":65535,"parent_provider_id":65535,"name":"yk_length_direct","origin":{"sent to ofi+cxi://0x20723c00":{"iforward":{"duration":{"num":1,"min":0.000052691,"max":0.000052691,"avg":0.000052691,"var":0.000000000.0,"sum":0.000052691},"relative_timestamp_from_create":{"num":1,"min":0.000001431,"max":0.000001431,"avg":0.000001431,"var":0.000000000.0,"sum":0.000001431}},"forward_cb":{"duration":{"num":1,"min":0.015295267,"max":0.015295267,"avg":0.015295267,"var":0.000000000.0,"sum":0.015295267},"relative_timestamp_from_iforward_start":{"num":1,"min":0.000166655,"max":0.000166655,"avg":0.000166655,"var":0.000000000.0,"sum":0.000166655}},"iforward_wait":{"duration":{"num":1,"min":0.031409502,"max":0.031409502,"avg":0.031409502,"var":0.000000000.0,"sum":0.031409502},"relative_timestamp_from_iforward_end":{"num":1,"min":0.000001431,"max":0.000001431,"avg":0.000001431,"var":0.000000000.0,"sum":0.000001431}},"set_input":{"duration":{"num":1,"min":0.000027418,"max":0.000027418,"avg":0.000027418,"var":0.000000000.0,"sum":0.000027418},"relative_timestamp_from_iforward_start":{"num":1,"min":0.000009298,"max":0.000009298,"avg":0.000009298,"var":0.000000000.0,"sum":0.000009298}},"get_output":{"duration":{"num":1,"min":0.000018597,"max":0.000018597,"avg":0.000018597,"var":0.000000000.0,"sum":0.000018597},"relative_timestamp_from_wait_end":{"num":1,"min":0.000001431,"max":0.000001431,"avg":0.000001431,"var":0.000000000.0,"sum":0.000001431}}}}},"65535:65535:14263933427668549631:3":{"rpc_id":-4182810646041001985,"provider_id":3,"parent_rpc_id":65535,"parent_provider_id":65535,"name":"yk_get","origin":{"sent to ofi+cxi://0x20723c00":{"iforward":{"duration":{"num":1,"min":0.000052929,"max":0.000052929,"avg":0.000052929,"var":0.000000000.0,"sum":0.000052929},"relative_timestamp_from_create":{"num":1,"min":0.000000954,"max":0.000000954,"avg":0.000000954,"var":0.000000000.0,"sum":0.000000954}},"forward_cb":{"duration":{"num":1,"min":0.015613317,"max":0.015613317,"avg":0.015613317,"var":0.000000000.0,"sum":0.015613317},"relative_timestamp_from_iforward_start":{"num":1,"min":0.000239372,"max":0.000239372,"avg":0.000239372,"var":0.000000000.0,"sum":0.000239372}},"iforward_wait":{"duration":{"num":1,"min":0.031798363,"max":0.031798363,"avg":0.031798363,"var":0.000000000.0,"sum":0.031798363},"relative_timestamp_from_iforward_end":{"num":1,"min":0.000000954,"max":0.000000954,"avg":0.000000954,"var":0.000000000.0,"sum":0.000000954}},"set_input":{"duration":{"num":1,"min":0.000022411,"max":0.000022411,"avg":0.000022411,"var":0.000000000.0,"sum":0.000022411},"relative_timestamp_from_iforward_start":{"num":1,"min":0.000008583,"max":0.000008583,"avg":0.000008583,"var":0.000000000.0,"sum":0.000008583}},"get_output":{"duration":{"num":1,"min":0.000018358,"max":0.000018358,"avg":0.000018358,"var":0.000000000.0,"sum":0.000018358},"relative_timestamp_from_wait_end":{"num":1,"min":0.000001192,"max":0.000001192,"avg":0.000001192,"var":0.000000000.0,"sum":0.000001192}}}}},"65535:65535:6151631875094937599:3":{"rpc_id":6151631875094937599,"provider_id":3,"parent_rpc_id":65535,"parent_provider_id":65535,"name":"yk_doc_iter","origin":{"sent to ofi+cxi://0x20723c00":{"iforward":{"duration":{"num":2,"min":0.000020266,"max":0.000039101,"avg":0.000029683,"var":0.000000000,"sum":0.000059366},"relative_timestamp_from_create":{"num":2,"min":0.000001431,"max":0.000001431,"avg":0.000001431,"var":0.000000000.0,"sum":0.000002861}},"forward_cb":{"duration":{"num":2,"min":0.000000954,"max":0.015913725,"avg":0.007957339,"var":0.000126608,"sum":0.015914679},"relative_timestamp_from_iforward_start":{"num":2,"min":0.000063658,"max":0.047878742,"avg":0.023971200,"var":0.001143141,"sum":0.047942400}},"iforward_wait":{"duration":{"num":2,"min":0.031956673,"max":0.063836575,"avg":0.047896624,"var":0.000508164,"sum":0.095793247},"relative_timestamp_from_iforward_end":{"num":2,"min":0.000000954,"max":0.000001431,"avg":0.000001192,"var":0.000000000,"sum":0.000002384}},"set_input":{"duration":{"num":2,"min":0.000001431,"max":0.000015259,"avg":0.000008345,"var":0.000000000,"sum":0.000016689},"relative_timestamp_from_iforward_start":{"num":2,"min":0.000003815,"max":0.000009537,"avg":0.000006676,"var":0.000000000,"sum":0.000013351}},