{"address":"","progress_loop":{"progress_with_timeout":{"num":9,"min":0.000002384,"max":0.098334074,"avg":0.010987547,"var":0.008583260,"sum":0.098887920},"progress_timeout_value_msec":{"num":9,"min":100.000000000.0,"max":100.000000000.0,"avg":100.000000000.0,"var":0.000000000.0,"sum":900.000000000.0},"progress_without_timeout":{"num":0,"min":0.000000000.0,"max":0.000000000.0,"avg":0.000000000.0,"var":0.000000000.0,"sum":0.000000000.0},"trigger":{"num":4,"min":0.000003815,"max":0.000004768,"avg":0.000004411,"var":0.000000000,"sum":0.000017643}},"rpcs":{"65535:65535:5386877029230641151:0":{"rpc_id":5386877029230641151,"provider_id":0,"parent_rpc_id":65535,"parent_provider_id":65535,"name":"bedrock_query_config","origin":{"sent to ofi+cxi://0x20723c00":{"iforward":{"duration":{"num":1,"min":0.000080109,"max":0.000080109,"avg":0.000080109,"var":0.000000000.0,"sum":0.000080109},"relative_timestamp_from_create":{"num":1,"min":0.000008583,"max":0.000008583,"avg":0.000008583,"var":0.000000000.0,"sum":0.000008583}},"forward_cb":{"duration":{"num":1,"min":0.000001431,"max":0.000001431,"avg":0.000001431,"var":0.000000000.0,"sum":0.000001431},"relative_timestamp_from_iforward_start":{"num":1,"min":0.000603437,"max":0.000603437,"avg":0.000603437,"var":0.000000000.0,"sum":0.000603437}},"iforward_wait":{"duration":{"num":1,"min":0.000498295,"max":0.000498295,"avg":0.000498295,"var":0.000000000.0,"sum":0.000498295},"relative_timestamp_from_iforward_end":{"num":1,"min":0.000032187,"max":0.000032187,"avg":0.000032187,"var":0.000000000.0,"sum":0.000032187}},"set_input":{"duration":{"num":1,"min":0.000023365,"max":0.000023365,"avg":0.000023365,"var":0.000000000.0,"sum":0.000023365},"relative_timestamp_from_iforward_start":{"num":1,"min":0.000027180,"max":0.000027180,"avg":0.000027180,"var":0.000000000.0,"sum":0.000027180}},"get_output":{"duration":{"num":1,"min":0.000005484,"max":0.000005484,"avg":0.000005484,"var":0.000000000.0,"sum":0.000005484},"relative_timestamp_from_wait_end":{"num":1,"min":0.000008583,"max":0.000008583,"avg":0.000008583,"var":0.000000000.0,"sum":0.000008583}}}}},"65535:65535:7940397281847607295:3":{"rpc_id":7940397281847607295,"provider_id":3,"parent_rpc_id":65535,"parent_provider_id":65535,"name":"__identity__","origin":{"sent to ofi+cxi://0x20723c00":{"iforward":{"duration":{"num":1,"min":0.000019550,"max":0.000019550,"avg":0.000019550,"var":0.000000000.0,"sum":0.000019550},"relative_timestamp_from_create":{"num":1,"min":0.000001907,"max":0.000001907,"avg":0.000001907,"var":0.000000000.0,"sum":0.000001907}},"forward_cb":{"duration":{"num":1,"min":0.000001431,"max":0.000001431,"avg":0.000001431,"var":0.000000000.0,"sum":0.000001431},"relative_timestamp_from_iforward_start":{"num":1,"min":0.000055313,"max":0.000055313,"avg":0.000055313,"var":0.000000000.0,"sum":0.000055313}},"iforward_wait":{"duration":{"num":1,"min":0.000041962,"max":0.000041962,"avg":0.000041962,"var":0.000000000.0,"sum":0.000041962},"relative_timestamp_from_iforward_end":{"num":1,"min":0.000001431,"max":0.000001431,"avg":0.000001431,"var":0.000000000.0,"sum":0.000001431}},"set_input":{"duration":{"num":0,"min":0.000000000.0,"max":0.000000000.0,"avg":0.000000000.0,"var":0.000000000.0,"sum":0.000000000.0},"relative_timestamp_from_iforward_start":{"num":0,"min":0.000000000.0,"max":0.000000000.0,"avg":0.000000000.0,"var":0.000000000.0,"sum":0.000000000.0}},"get_output":{"duration":{"num":1,"min":0.000006437,"max":0.000006437,"avg":0.000006437,"var":0.000000000.0,"sum":0.000006437},"relative_timestamp_from_wait_end":{"num":1,"min":0.000001431,"max":0.000001431,"avg":0.000001431,"var":0.000000000.0,"sum":0.000001431}}}}},"65535:65535:1170338683618918399:3":{"rpc_id":1170338683618918399,"provider_id":3,"parent_rpc_id":65535,"parent_provider_id":65535,"name":"yk_put_direct","origin":{"sent to ofi+cxi://0x20723c00":{"iforward":{"duration":{"num":1,"min":0.000043392,"max":0.000043392,"avg":0.000043392,"var":0.000000000.0,"sum":0.000043392},"relative_timestamp_from_create":{"num":1,"min":0.000001431,"max":0.000001431,"avg":0.000001431,"var":0.000000000.0,"sum":0.000001431}},"forward_cb":{"duration":{"num":1,"min":0.000001192,"max":0.000001192,"avg":0.000001192,"var":0.000000000.0,"sum":0.000001192},"relative_timestamp_from_iforward_start":{"num":1,"min":0.000093937,"max":0.000093937,"avg":0.000093937,"var":0.000000000.0,"sum":0.000093937}},"iforward_wait":{"duration":{"num":1,"min":0.000056505,"max":0.000056505,"avg":0.000056505,"var":0.000000000.0,"sum":0.000056505},"relative_timestamp_from_iforward_end":{"num":1,"min":0.000001431,"max":0.000001431,"avg":0.000001431,"var":0.000000000.0,"sum":0.000001431}},"set_input":{"duration":{"num":1,"min":0.000011444,"max":0.000011444,"avg":0.000011444,"var":0.000000000.0,"sum":0.000011444},"relative_timestamp_from_iforward_start":{"num":1,"min":0.000007629,"max":0.000007629,"avg":0.000007629,"var":0.000000000.0,"sum":0.000007629}},"get_output":{"duration":{"num":1,"min":0.000004292,"max":0.000004292,"avg":0.000004292,"var":0.000000000.0,"sum":0.000004292},"relative_timestamp_from_wait_end":{"num":1,"min":0.000001431,"max":0.000001431,"avg":0.000001431,"var":0.000000000.0,"sum":0.000001431}}}}},"65535:65535:13614918458553729023:3":{"rpc_id":-4831825615155822593,"provider_id":3,"parent_rpc_id":65535,"parent_provider_id":65535,"name":"yk_coll_create","origin":{"sent to ofi+cxi://0x20723c00":{"iforward":{"duration":{"num":1,"min":0.000022650,"max":0.000022650,"avg":0.000022650,"var":0.000000000.0,"sum":0.000022650},"relative_timestamp_from_create":{"num":1,"min":0.000001431,"max":0.000001431,"avg":0.000001431,"var":0.000000000.0,"sum":0.000001431}},"forward_cb":{"duration":{"num":1,"min":0.000001192,"max":0.000001192,"avg":0.000001192,"var":0.000000000.0,"sum":0.000001192},"relative_timestamp_from_iforward_start":{"num":1,"min":0.000060797,"max":0.000060797,"avg":0.000060797,"var":0.000000000.0,"sum":0.000060797}},"iforward_wait":{"duration":{"num":1,"min":0.000044584,"max":0.000044584,"avg":0.000044584,"var":0.000000000.0,"sum":0.000044584},"relative_timestamp_from_iforward_end":{"num":1,"min":0.000000954,"max":0.000000954,"avg":0.000000954,"var":0.000000000.0,"sum":0.000000954}},"set_input":{"duration":{"num":1,"min":0.000005245,"max":0.000005245,"avg":0.000005245,"var":0.000000000.0,"sum":0.000005245},"relative_timestamp_from_iforward_start":{"num":1,"min":0.000005722,"max":0.000005722,"avg":0.000005722,"var":0.000000000.0,"sum":0.000005722}},"get_output":{"duration":{"num":1,"min":0.000001431,"max":0.000001431,"avg":0.000001431,"var":0.000000000.0,"sum":0.000001431},"relative_timestamp_from_wait_end":{"num":1,"min":0.000001431,"max":0.000001431,"avg":0.000001431,"var":0.000000000.0,"sum":0.000001431}}}}}}}