{"address":"","progress_loop":{"progress_with_timeout":{"num":9,"min":0.000003099,"max":0.097130060,"avg":0.010940128,"var":0.008357707,"sum":0.098461151},"progress_timeout_value_msec":{"num":9,"min":100.000000000.0,"max":100.000000000.0,"avg":100.000000000.0,"var":0.000000000.0,"sum":900.000000000.0},"progress_without_timeout":{"num":0,"min":0.000000000.0,"max":0.000000000.0,"avg":0.000000000.0,"var":0.000000000.0,"sum":0.000000000.0},"trigger":{"num":4,"min":0.000004292,"max":0.000004768,"avg":0.000004530,"var":0.000000000,"sum":0.000018120}},"rpcs":{"65535:65535:5386877029230641151:0":{"rpc_id":5386877029230641151,"provider_id":0,"parent_rpc_id":65535,"parent_provider_id":65535,"name":"bedrock_query_config","origin":{"sent to ofi+cxi://0x20723c00":{"iforward":{"duration":{"num":1,"min":0.000080824,"max":0.000080824,"avg":0.000080824,"var":0.000000000.0,"sum":0.000080824},"relative_timestamp_from_create":{"num":1,"min":0.000006199,"max":0.000006199,"avg":0.000006199,"var":0.000000000.0,"sum":0.000006199}},"forward_cb":{"duration":{"num":1,"min":0.000001431,"max":0.000001431,"avg":0.000001431,"var":0.000000000.0,"sum":0.000001431},"relative_timestamp_from_iforward_start":{"num":1,"min":0.000617027,"max":0.000617027,"avg":0.000617027,"var":0.000000000.0,"sum":0.000617027}},"iforward_wait":{"duration":{"num":1,"min":0.000512362,"max":0.000512362,"avg":0.000512362,"var":0.000000000.0,"sum":0.000512362},"relative_timestamp_from_iforward_end":{"num":1,"min":0.000032425,"max":0.000032425,"avg":0.000032425,"var":0.000000000.0,"sum":0.000032425}},"set_input":{"duration":{"num":1,"min":0.000024796,"max":0.000024796,"avg":0.000024796,"var":0.000000000.0,"sum":0.000024796},"relative_timestamp_from_iforward_start":{"num":1,"min":0.000025988,"max":0.000025988,"avg":0.000025988,"var":0.000000000.0,"sum":0.000025988}},"get_output":{"duration":{"num":1,"min":0.000007153,"max":0.000007153,"avg":0.000007153,"var":0.000000000.0,"sum":0.000007153},"relative_timestamp_from_wait_end":{"num":1,"min":0.000011444,"max":0.000011444,"avg":0.000011444,"var":0.000000000.0,"sum":0.000011444}}}}},"65535:65535:7940397281847607295:3":{"rpc_id":7940397281847607295,"provider_id":3,"parent_rpc_id":65535,"parent_provider_id":65535,"name":"__identity__","origin":{"sent to ofi+cxi://0x20723c00":{"iforward":{"duration":{"num":1,"min":0.000024319,"max":0.000024319,"avg":0.000024319,"var":0.000000000.0,"sum":0.000024319},"relative_timestamp_from_create":{"num":1,"min":0.000001431,"max":0.000001431,"avg":0.000001431,"var":0.000000000.0,"sum":0.000001431}},"forward_cb":{"duration":{"num":1,"min":0.000001431,"max":0.000001431,"avg":0.000001431,"var":0.000000000.0,"sum":0.000001431},"relative_timestamp_from_iforward_start":{"num":1,"min":0.000062466,"max":0.000062466,"avg":0.000062466,"var":0.000000000.0,"sum":0.000062466}},"iforward_wait":{"duration":{"num":1,"min":0.000043869,"max":0.000043869,"avg":0.000043869,"var":0.000000000.0,"sum":0.000043869},"relative_timestamp_from_iforward_end":{"num":1,"min":0.000001431,"max":0.000001431,"avg":0.000001431,"var":0.000000000.0,"sum":0.000001431}},"set_input":{"duration":{"num":0,"min":0.000000000.0,"max":0.000000000.0,"avg":0.000000000.0,"var":0.000000000.0,"sum":0.000000000.0},"relative_timestamp_from_iforward_start":{"num":0,"min":0.000000000.0,"max":0.000000000.0,"avg":0.000000000.0,"var":0.000000000.0,"sum":0.000000000.0}},"get_output":{"duration":{"num":1,"min":0.000005960,"max":0.000005960,"avg":0.000005960,"var":0.000000000.0,"sum":0.000005960},"relative_timestamp_from_wait_end":{"num":1,"min":0.000001431,"max":0.000001431,"avg":0.000001431,"var":0.000000000.0,"sum":0.000001431}}}}},"65535:65535:13994581936748691455:0":{"rpc_id":-4452162136960860161,"provider_id":0,"parent_rpc_id":65535,"parent_provider_id":65535,"name":"bedrock_start_provider","origin":{"sent to ofi+cxi://0x20723c00":{"iforward":{"duration":{"num":1,"min":0.000036716,"max":0.000036716,"avg":0.000036716,"var":0.000000000.0,"sum":0.000036716},"relative_timestamp_from_create":{"num":1,"min":0.000001431,"max":0.000001431,"avg":0.000001431,"var":0.000000000.0,"sum":0.000001431}},"forward_cb":{"duration":{"num":1,"min":0.000001907,"max":0.000001907,"avg":0.000001907,"var":0.000000000.0,"sum":0.000001907},"relative_timestamp_from_iforward_start":{"num":1,"min":0.000667810,"max":0.000667810,"avg":0.000667810,"var":0.000000000.0,"sum":0.000667810}},"iforward_wait":{"duration":{"num":1,"min":0.000636339,"max":0.000636339,"avg":0.000636339,"var":0.000000000.0,"sum":0.000636339},"relative_timestamp_from_iforward_end":{"num":1,"min":0.000001431,"max":0.000001431,"avg":0.000001431,"var":0.000000000.0,"sum":0.000001431}},"set_input":{"duration":{"num":1,"min":0.000001431,"max":0.000001431,"avg":0.000001431,"var":0.000000000.0,"sum":0.000001431},"relative_timestamp_from_iforward_start":{"num":1,"min":0.000006199,"max":0.000006199,"avg":0.000006199,"var":0.000000000.0,"sum":0.000006199}},"get_output":{"duration":{"num":1,"min":0.000001431,"max":0.000001431,"avg":0.000001431,"var":0.000000000.0,"sum":0.000001431},"relative_timestamp_from_wait_end":{"num":1,"min":0.000001431,"max":0.000001431,"avg":0.000001431,"var":0.000000000.0,"sum":0.000001431}}}}},"65535:65535:16409450654956847103:3":{"rpc_id":-2037293418752704513,"provider_id":3,"parent_rpc_id":65535,"parent_provider_id":65535,"name":"yk_doc_store","origin":{"sent to ofi+cxi://0x20723c00":{"iforward":{"duration":{"num":1,"min":0.000042677,"max":0.000042677,"avg":0.000042677,"var":0.000000000.0,"sum":0.000042677},"relative_timestamp_from_create":{"num":1,"min":0.000001431,"max":0.000001431,"avg":0.000001431,"var":0.000000000.0,"sum":0.000001431}},"forward_cb":{"duration":{"num":1,"min":0.000001192,"max":0.000001192,"avg":0.000001192,"var":0.000000000.0,"sum":0.000001192},"relative_timestamp_from_iforward_start":{"num":1,"min":0.000259161,"max":0.000259161,"avg":0.000259161,"var":0.000000000.0,"sum":0.000259161}},"iforward_wait":{"duration":{"num":1,"min":0.000222921,"max":0.000222921,"avg":0.000222921,"var":0.000000000.0,"sum":0.000222921},"relative_timestamp_from_iforward_end":{"num":1,"min":0.000001431,"max":0.000001431,"avg":0.000001431,"var":0.000000000.0,"sum":0.000001431}},"set_input":{"duration":{"num":1,"min":0.000011206,"max":0.000011206,"avg":0.000011206,"var":0.000000000.0,"sum":0.000011206},"relative_timestamp_from_iforward_start":{"num":1,"min":0.000008821,"max":0.000008821,"avg":0.000008821,"var":0.000000000.0,"sum":0.000008821}},"get_output":{"duration":{"num":1,"min":0.000011444,"max":0.000011444,"avg":0.000011444,"var":0.000000000.0,"sum":0.000011444},"relative_timestamp_from_wait_end":{"num":1,"min":0.000001907,"max":0.000001907,"avg":0.000001907,"var":0.000000000.0,"sum":0.000001907}}}}},"65535:65535:65535:65535":{"rpc_id":65535,"provider_id":65535,"parent_rpc_id":65535,"parent_provider_id":65535,"name":"","target":{"received from <unknown>":{"bulk":{"create":{"duration":{"num":1,"min":0.000049829,"max":0.000049829,"avg":0.000049829,"var":0.000000000.0,"sum":0.000049829},"size":{"num":1,"min":104.000000000.0,"max":104.000000000.0,"avg":104.000000000.0,"var":0.000000000.0,"sum":104.000000000.0}}}}}}}}