{"address":"","progress_loop":{"progress_with_timeout":{"num":8891,"min":0.000010014,"max":0.123984098,"avg":0.101517415,"var":0.318453904,"sum":902.591336966},"progress_timeout_value_msec":{"num":8891,"min":100.000000000.0,"max":100.000000000.0,"avg":100.000000000.0,"var":0.000000000.0,"sum":889100.000000000.0},"progress_without_timeout":{"num":118887,"min":0.000000000.0,"max":0.000028849,"avg":0.000000089,"var":0.000000003,"sum":0.010576963},"trigger":{"num":34,"min":0.000000238,"max":0.019685030,"avg":0.013558332,"var":0.000465632,"sum":0.460983276}},"rpcs":{"65535:65535:5386877029230641151:0":{"rpc_id":5386877029230641151,"provider_id":0,"parent_rpc_id":65535,"parent_provider_id":65535,"name":"bedrock_query_config","origin":{"sent to ofi+cxi://0x20733c00":{"iforward":{"duration":{"num":1,"min":0.000097036,"max":0.000097036,"avg":0.000097036,"var":0.000000000.0,"sum":0.000097036},"relative_timestamp_from_create":{"num":1,"min":0.000012159,"max":0.000012159,"avg":0.000012159,"var":0.000000000.0,"sum":0.000012159}},"forward_cb":{"duration":{"num":1,"min":0.012500048,"max":0.012500048,"avg":0.012500048,"var":0.000000000.0,"sum":0.012500048},"relative_timestamp_from_iforward_start":{"num":1,"min":0.000712395,"max":0.000712395,"avg":0.000712395,"var":0.000000000.0,"sum":0.000712395}},"iforward_wait":{"duration":{"num":1,"min":0.028983593,"max":0.028983593,"avg":0.028983593,"var":0.000000000.0,"sum":0.028983593},"relative_timestamp_from_iforward_end":{"num":1,"min":0.000086069,"max":0.000086069,"avg":0.000086069,"var":0.000000000.0,"sum":0.000086069}},"set_input":{"duration":{"num":1,"min":0.000050545,"max":0.000050545,"avg":0.000050545,"var":0.000000000.0,"sum":0.000050545},"relative_timestamp_from_iforward_start":{"num":1,"min":0.000017643,"max":0.000017643,"avg":0.000017643,"var":0.000000000.0,"sum":0.000017643}},"get_output":{"duration":{"num":1,"min":0.000010252,"max":0.000010252,"avg":0.000010252,"var":0.000000000.0,"sum":0.000010252},"relative_timestamp_from_wait_end":{"num":1,"min":0.000025988,"max":0.000025988,"avg":0.000025988,"var":0.000000000.0,"sum":0.000025988}}}}},"65535:65535:7940397281847607295:3":{"rpc_id":7940397281847607295,"provider_id":3,"parent_rpc_id":65535,"parent_provider_id":65535,"name":"__identity__","origin":{"sent to ofi+cxi://0x20733c00":{"iforward":{"duration":{"num":1,"min":0.000019550,"max":0.000019550,"avg":0.000019550,"var":0.000000000.0,"sum":0.000019550},"relative_timestamp_from_create":{"num":1,"min":0.000000238,"max":0.000000238,"avg":0.000000238,"var":0.000000000.0,"sum":0.000000238}},"forward_cb":{"duration":{"num":1,"min":0.019684315,"max":0.019684315,"avg":0.019684315,"var":0.000000000.0,"sum":0.019684315},"relative_timestamp_from_iforward_start":{"num":1,"min":0.000045061,"max":0.000045061,"avg":0.000045061,"var":0.000000000.0,"sum":0.000045061}},"iforward_wait":{"duration":{"num":1,"min":0.035709858,"max":0.035709858,"avg":0.035709858,"var":0.000000000.0,"sum":0.035709858},"relative_timestamp_from_iforward_end":{"num":1,"min":0.000000000.0,"max":0.000000000.0,"avg":0.000000000.0,"var":0.000000000.0,"sum":0.000000000.0}},"set_input":{"duration":{"num":0,"min":0.000000000.0,"max":0.000000000.0,"avg":0.000000000.0,"var":0.000000000.0,"sum":0.000000000.0},"relative_timestamp_from_iforward_start":{"num":0,"min":0.000000000.0,"max":0.000000000.0,"avg":0.000000000.0,"var":0.000000000.0,"sum":0.000000000.0}},"get_output":{"duration":{"num":1,"min":0.000004053,"max":0.000004053,"avg":0.000004053,"var":0.000000000.0,"sum":0.000004053},"relative_timestamp_from_wait_end":{"num":1,"min":0.000000238,"max":0.000000238,"avg":0.000000238,"var":0.000000000.0,"sum":0.000000238}}}}},"65535:65535:15281833229347258367:3":{"rpc_id":-3164910844362293249,"provider_id":3,"parent_rpc_id":65535,"parent_provider_id":65535,"name":"yk_length_direct","origin":{"sent to ofi+cxi://0x20733c00":{"iforward":{"duration":{"num":1,"min":0.000040054,"max":0.000040054,"avg":0.000040054,"var":0.000000000.0,"sum":0.000040054},"relative_timestamp_from_create":{"num":1,"min":0.000000238,"max":0.000000238,"avg":0.000000238,"var":0.000000000.0,"sum":0.000000238}},"forward_cb":{"duration":{"num":1,"min":0.015318155,"max":0.015318155,"avg":0.015318155,"var":0.000000000.0,"sum":0.015318155},"relative_timestamp_from_iforward_start":{"num":1,"min":0.000128031,"max":0.000128031,"avg":0.000128031,"var":0.000000000.0,"sum":0.000128031}},"iforward_wait":{"duration":{"num":1,"min":0.031405926,"max":0.031405926,"avg":0.031405926,"var":0.000000000.0,"sum":0.031405926},"relative_timestamp_from_iforward_end":{"num":1,"min":0.000000000.0,"max":0.000000000.0,"avg":0.000000000.0,"var":0.000000000.0,"sum":0.000000000.0}},"set_input":{"duration":{"num":1,"min":0.000018597,"max":0.000018597,"avg":0.000018597,"var":0.000000000.0,"sum":0.000018597},"relative_timestamp_from_iforward_start":{"num":1,"min":0.000005960,"max":0.000005960,"avg":0.000005960,"var":0.000000000.0,"sum":0.000005960}},"get_output":{"duration":{"num":1,"min":0.000015020,"max":0.000015020,"avg":0.000015020,"var":0.000000000.0,"sum":0.000015020},"relative_timestamp_from_wait_end":{"num":1,"min":0.000000238,"max":0.000000238,"avg":0.000000238,"var":0.000000000.0,"sum":0.000000238}}}}},"65535:65535:14263933427668549631:3":{"rpc_id":-4182810646041001985,"provider_id":3,"parent_rpc_id":65535,"parent_provider_id":65535,"name":"yk_get","origin":{"sent to ofi+cxi://0x20733c00":{"iforward":{"duration":{"num":1,"min":0.000041723,"max":0.000041723,"avg":0.000041723,"var":0.000000000.0,"sum":0.000041723},"relative_timestamp_from_create":{"num":1,"min":0.000000000.0,"max":0.000000000.0,"avg":0.000000000.0,"var":0.000000000.0,"sum":0.000000000.0}},"forward_cb":{"duration":{"num":1,"min":0.015738249,"max":0.015738249,"avg":0.015738249,"var":0.000000000.0,"sum":0.015738249},"relative_timestamp_from_iforward_start":{"num":1,"min":0.000140905,"max":0.000140905,"avg":0.000140905,"var":0.000000000.0,"sum":0.000140905}},"iforward_wait":{"duration":{"num":1,"min":0.031838655,"max":0.031838655,"avg":0.031838655,"var":0.000000000.0,"sum":0.031838655},"relative_timestamp_from_iforward_end":{"num":1,"min":0.000000000.0,"max":0.000000000.0,"avg":0.000000000.0,"var":0.000000000.0,"sum":0.000000000.0}},"set_input":{"duration":{"num":1,"min":0.000016212,"max":0.000016212,"avg":0.000016212,"var":0.000000000.0,"sum":0.000016212},"relative_timestamp_from_iforward_start":{"num":1,"min":0.000004768,"max":0.000004768,"avg":0.000004768,"var":0.000000000.0,"sum":0.000004768}},"get_output":{"duration":{"num":1,"min":0.000014067,"max":0.000014067,"avg":0.000014067,"var":0.000000000.0,"sum":0.000014067},"relative_timestamp_from_wait_end":{"num":1,"min":0.000000000.0,"max":0.000000000.0,"avg":0.000000000.0,"var":0.000000000.0,"sum":0.000000000.0}}}}},"65535:65535:6151631875094937599:3":{"rpc_id":6151631875094937599,"provider_id":3,"parent_rpc_id":65535,"parent_provider_id":65535,"name":"yk_doc_iter","origin":{"sent to ofi+cxi://0x20733c00":{"iforward":{"duration":{"num":2,"min":0.000015497,"max":0.000031471,"avg":0.000023484,"var":0.000000000,"sum":0.000046968},"relative_timestamp_from_create":{"num":2,"min":0.000000000.0,"max":0.000000238,"avg":0.000000119,"var":0.000000000,"sum":0.000000238}},"forward_cb":{"duration":{"num":2,"min":0.000000238,"max":0.015959740,"avg":0.007979989,"var":0.000127353,"sum":0.015959978},"relative_timestamp_from_iforward_start":{"num":2,"min":0.000034332,"max":0.047907829,"avg":0.023971081,"var":0.001145936,"sum":0.047942162}},"iforward_wait":{"duration":{"num":2,"min":0.031979084,"max":0.063876629,"avg":0.047927856,"var":0.000508727,"sum":0.095855713},"relative_timestamp_from_iforward_end":{"num":2,"min":0.000000238,"max":0.000000238,"avg":0.000000238,"var":0.000000000.0,"sum":0.000000477}},"set_input":{"duration":{"num":2,"min":0.000000238,"max":0.000010490,"avg":0.000005364,"var":0.000000000,"sum":0.000010729},"relative_timestamp_from_iforward_start":{"num":2,"min":0.000002384,"max":0.000008106,"avg":0.000005245,