{"address":"","progress_loop":{"progress_with_timeout":{"num":16396,"min":0.000000715,"max":0.131074667,"avg":0.102396069,"var":2.408065018,"sum":1678.885946512},"progress_timeout_value_msec":{"num":16396,"min":100.000000000.0,"max":100.000000000.0,"avg":100.000000000.0,"var":0.000000000.0,"sum":1639600.000000000.0},"progress_without_timeout":{"num":176528,"min":0.000000000.0,"max":0.000006914,"avg":0.000000081,"var":0.000000002,"sum":0.014218569},"trigger":{"num":213,"min":0.000000238,"max":0.023562670,"avg":0.012691528,"var":0.004526905,"sum":2.703295469}},"rpcs":{"65535:65535:5386877029230641151:0":{"rpc_id":5386877029230641151,"provider_id":0,"parent_rpc_id":65535,"parent_provider_id":65535,"name":"bedrock_query_config","origin":{"sent to ofi+cxi://0x2082f000":{"iforward":{"duration":{"num":1,"min":0.000136137,"max":0.000136137,"avg":0.000136137,"var":0.000000000.0,"sum":0.000136137},"relative_timestamp_from_create":{"num":1,"min":0.000018835,"max":0.000018835,"avg":0.000018835,"var":0.000000000.0,"sum":0.000018835}},"forward_cb":{"duration":{"num":1,"min":0.018385172,"max":0.018385172,"avg":0.018385172,"var":0.000000000.0,"sum":0.018385172},"relative_timestamp_from_iforward_start":{"num":1,"min":0.001304865,"max":0.001304865,"avg":0.001304865,"var":0.000000000.0,"sum":0.001304865}},"iforward_wait":{"duration":{"num":1,"min":0.035388231,"max":0.035388231,"avg":0.035388231,"var":0.000000000.0,"sum":0.035388231},"relative_timestamp_from_iforward_end":{"num":1,"min":0.000085592,"max":0.000085592,"avg":0.000085592,"var":0.000000000.0,"sum":0.000085592}},"set_input":{"duration":{"num":1,"min":0.000054598,"max":0.000054598,"avg":0.000054598,"var":0.000000000.0,"sum":0.000054598},"relative_timestamp_from_iforward_start":{"num":1,"min":0.000052691,"max":0.000052691,"avg":0.000052691,"var":0.000000000.0,"sum":0.000052691}},"get_output":{"duration":{"num":1,"min":0.000009775,"max":0.000009775,"avg":0.000009775,"var":0.000000000.0,"sum":0.000009775},"relative_timestamp_from_wait_end":{"num":1,"min":0.000025511,"max":0.000025511,"avg":0.000025511,"var":0.000000000.0,"sum":0.000025511}}}}},"65535:65535:7940397281847607295:3":{"rpc_id":7940397281847607295,"provider_id":3,"parent_rpc_id":65535,"parent_provider_id":65535,"name":"__identity__","origin":{"sent to ofi+cxi://0x2082f000":{"iforward":{"duration":{"num":1,"min":0.000018597,"max":0.000018597,"avg":0.000018597,"var":0.000000000.0,"sum":0.000018597},"relative_timestamp_from_create":{"num":1,"min":0.000000238,"max":0.000000238,"avg":0.000000238,"var":0.000000000.0,"sum":0.000000238}},"forward_cb":{"duration":{"num":1,"min":0.015693903,"max":0.015693903,"avg":0.015693903,"var":0.000000000.0,"sum":0.015693903},"relative_timestamp_from_iforward_start":{"num":1,"min":0.000043631,"max":0.000043631,"avg":0.000043631,"var":0.000000000.0,"sum":0.000043631}},"iforward_wait":{"duration":{"num":1,"min":0.031720638,"max":0.031720638,"avg":0.031720638,"var":0.000000000.0,"sum":0.031720638},"relative_timestamp_from_iforward_end":{"num":1,"min":0.000000238,"max":0.000000238,"avg":0.000000238,"var":0.000000000.0,"sum":0.000000238}},"set_input":{"duration":{"num":0,"min":0.000000000.0,"max":0.000000000.0,"avg":0.000000000.0,"var":0.000000000.0,"sum":0.000000000.0},"relative_timestamp_from_iforward_start":{"num":0,"min":0.000000000.0,"max":0.000000000.0,"avg":0.000000000.0,"var":0.000000000.0,"sum":0.000000000.0}},"get_output":{"duration":{"num":1,"min":0.000016689,"max":0.000016689,"avg":0.000016689,"var":0.000000000.0,"sum":0.000016689},"relative_timestamp_from_wait_end":{"num":1,"min":0.000000000.0,"max":0.000000000.0,"avg":0.000000000.0,"var":0.000000000.0,"sum":0.000000000.0}}}}},"65535:65535:15281833229347258367:3":{"rpc_id":-3164910844362293249,"provider_id":3,"parent_rpc_id":65535,"parent_provider_id":65535,"name":"yk_length_direct","origin":{"sent to ofi+cxi://0x2082f000":{"iforward":{"duration":{"num":1,"min":0.000038385,"max":0.000038385,"avg":0.000038385,"var":0.000000000.0,"sum":0.000038385},"relative_timestamp_from_create":{"num":1,"min":0.000000000.0,"max":0.000000000.0,"avg":0.000000000.0,"var":0.000000000.0,"sum":0.000000000.0}},"forward_cb":{"duration":{"num":1,"min":0.015335321,"max":0.015335321,"avg":0.015335321,"var":0.000000000.0,"sum":0.015335321},"relative_timestamp_from_iforward_start":{"num":1,"min":0.000060558,"max":0.000060558,"avg":0.000060558,"var":0.000000000.0,"sum":0.000060558}},"iforward_wait":{"duration":{"num":1,"min":0.027405024,"max":0.027405024,"avg":0.027405024,"var":0.000000000.0,"sum":0.027405024},"relative_timestamp_from_iforward_end":{"num":1,"min":0.000000238,"max":0.000000238,"avg":0.000000238,"var":0.000000000.0,"sum":0.000000238}},"set_input":{"duration":{"num":1,"min":0.000018597,"max":0.000018597,"avg":0.000018597,"var":0.000000000.0,"sum":0.000018597},"relative_timestamp_from_iforward_start":{"num":1,"min":0.000005722,"max":0.000005722,"avg":0.000005722,"var":0.000000000.0,"sum":0.000005722}},"get_output":{"duration":{"num":1,"min":0.000014544,"max":0.000014544,"avg":0.000014544,"var":0.000000000.0,"sum":0.000014544},"relative_timestamp_from_wait_end":{"num":1,"min":0.000000238,"max":0.000000238,"avg":0.000000238,"var":0.000000000.0,"sum":0.000000238}}}}},"65535:65535:14263933427668549631:3":{"rpc_id":-4182810646041001985,"provider_id":3,"parent_rpc_id":65535,"parent_provider_id":65535,"name":"yk_get","origin":{"sent to ofi+cxi://0x2082f000":{"iforward":{"duration":{"num":1,"min":0.000049114,"max":0.000049114,"avg":0.000049114,"var":0.000000000.0,"sum":0.000049114},"relative_timestamp_from_create":{"num":1,"min":0.000000238,"max":0.000000238,"avg":0.000000238,"var":0.000000000.0,"sum":0.000000238}},"forward_cb":{"duration":{"num":1,"min":0.000001907,"max":0.000001907,"avg":0.000001907,"var":0.000000000.0,"sum":0.000001907},"relative_timestamp_from_iforward_start":{"num":1,"min":0.000089884,"max":0.000089884,"avg":0.000089884,"var":0.000000000.0,"sum":0.000089884}},"iforward_wait":{"duration":{"num":1,"min":0.007785559,"max":0.007785559,"avg":0.007785559,"var":0.000000000.0,"sum":0.007785559},"relative_timestamp_from_iforward_end":{"num":1,"min":0.000000238,"max":0.000000238,"avg":0.000000238,"var":0.000000000.0,"sum":0.000000238}},"set_input":{"duration":{"num":1,"min":0.000025988,"max":0.000025988,"avg":0.000025988,"var":0.000000000.0,"sum":0.000025988},"relative_timestamp_from_iforward_start":{"num":1,"min":0.000004053,"max":0.000004053,"avg":0.000004053,"var":0.000000000.0,"sum":0.000004053}},"get_output":{"duration":{"num":1,"min":0.000000238,"max":0.000000238,"avg":0.000000238,"var":0.000000000.0,"sum":0.000000238},"relative_timestamp_from_wait_end":{"num":1,"min":0.000000000.0,"max":0.000000000.0,"avg":0.000000000.0,"var":0.000000000.0,"sum":0.000000000.0}}}}},"65535:65535:6151631875094937599:3":{"rpc_id":6151631875094937599,"provider_id":3,"parent_rpc_id":65535,"parent_provider_id":65535,"name":"yk_doc_iter","origin":{"sent to ofi+cxi://0x2082f000":{"iforward":{"duration":{"num":2,"min":0.000015736,"max":0.000033379,"avg":0.000024557,"var":0.000000000,"sum":0.000049114},"relative_timestamp_from_create":{"num":2,"min":0.000000000.0,"max":0.000000715,"avg":0.000000358,"var":0.000000000,"sum":0.000000715}},"forward_cb":{"duration":{"num":2,"min":0.000000238,"max":0.015962839,"avg":0.007981539,"var":0.000127402,"sum":0.015963078},"relative_timestamp_from_iforward_start":{"num":2,"min":0.000032902,"max":0.047912121,"avg":0.023972511,"var":0.001146210,"sum":0.047945023}},"iforward_wait":{"duration":{"num":2,"min":0.031979799,"max":0.063879728,"avg":0.047929764,"var":0.000508803,"sum":0.095859528},"relative_timestamp_from_iforward_end":{"num":2,"min":0.000000238,"max":0.000000238,"avg":0.000000238,"var":0.000000000.0,"sum":0.000000477}},"set_input":{"duration":{"num":2,"min":0.000000477,"max":0.000010252,"avg":0.000005364,"var":0.000000000,"sum":0.000010729},"relative_timestamp_from_iforward_start":{"num":2,"min":0.000001907,"max":0.000010014,"avg":0.000005960,