{"address":"","progress_loop":{"progress_with_timeout":{"num":9,"min":0.000001907,"max":0.099934101,"avg":0.011276060,"var":0.008844208,"sum":0.101484537},"progress_timeout_value_msec":{"num":9,"min":100.000000000.0,"max":100.000000000.0,"avg":100.000000000.0,"var":0.000000000.0,"sum":900.000000000.0},"progress_without_timeout":{"num":0,"min":0.000000000.0,"max":0.000000000.0,"avg":0.000000000.0,"var":0.000000000.0,"sum":0.000000000.0},"trigger":{"num":4,"min":0.000003576,"max":0.000004292,"avg":0.000003874,"var":0.000000000,"sum":0.000015497}},"rpcs":{"65535:65535:5386877029230641151:0":{"rpc_id":5386877029230641151,"provider_id":0,"parent_rpc_id":65535,"parent_provider_id":65535,"name":"bedrock_query_config","origin":{"sent to ofi+cxi://0x20105c00":{"iforward":{"duration":{"num":1,"min":0.000206947,"max":0.000206947,"avg":0.000206947,"var":0.000000000.0,"sum":0.000206947},"relative_timestamp_from_create":{"num":1,"min":0.000027180,"max":0.000027180,"avg":0.000027180,"var":0.000000000.0,"sum":0.000027180}},"forward_cb":{"duration":{"num":1,"min":0.000001431,"max":0.000001431,"avg":0.000001431,"var":0.000000000.0,"sum":0.000001431},"relative_timestamp_from_iforward_start":{"num":1,"min":0.001754045,"max":0.001754045,"avg":0.001754045,"var":0.000000000.0,"sum":0.001754045}},"iforward_wait":{"duration":{"num":1,"min":0.001424551,"max":0.001424551,"avg":0.001424551,"var":0.000000000.0,"sum":0.001424551},"relative_timestamp_from_iforward_end":{"num":1,"min":0.000128746,"max":0.000128746,"avg":0.000128746,"var":0.000000000.0,"sum":0.000128746}},"set_input":{"duration":{"num":1,"min":0.000091314,"max":0.000091314,"avg":0.000091314,"var":0.000000000.0,"sum":0.000091314},"relative_timestamp_from_iforward_start":{"num":1,"min":0.000082254,"max":0.000082254,"avg":0.000082254,"var":0.000000000.0,"sum":0.000082254}},"get_output":{"duration":{"num":1,"min":0.000015259,"max":0.000015259,"avg":0.000015259,"var":0.000000000.0,"sum":0.000015259},"relative_timestamp_from_wait_end":{"num":1,"min":0.000029564,"max":0.000029564,"avg":0.000029564,"var":0.000000000.0,"sum":0.000029564}}}}},"65535:65535:7940397281847607295:3":{"rpc_id":7940397281847607295,"provider_id":3,"parent_rpc_id":65535,"parent_provider_id":65535,"name":"__identity__","origin":{"sent to ofi+cxi://0x20105c00":{"iforward":{"duration":{"num":1,"min":0.000020742,"max":0.000020742,"avg":0.000020742,"var":0.000000000.0,"sum":0.000020742},"relative_timestamp_from_create":{"num":1,"min":0.000001192,"max":0.000001192,"avg":0.000001192,"var":0.000000000.0,"sum":0.000001192}},"forward_cb":{"duration":{"num":1,"min":0.000001431,"max":0.000001431,"avg":0.000001431,"var":0.000000000.0,"sum":0.000001431},"relative_timestamp_from_iforward_start":{"num":1,"min":0.000061035,"max":0.000061035,"avg":0.000061035,"var":0.000000000.0,"sum":0.000061035}},"iforward_wait":{"duration":{"num":1,"min":0.000045061,"max":0.000045061,"avg":0.000045061,"var":0.000000000.0,"sum":0.000045061},"relative_timestamp_from_iforward_end":{"num":1,"min":0.000001431,"max":0.000001431,"avg":0.000001431,"var":0.000000000.0,"sum":0.000001431}},"set_input":{"duration":{"num":0,"min":0.000000000.0,"max":0.000000000.0,"avg":0.000000000.0,"var":0.000000000.0,"sum":0.000000000.0},"relative_timestamp_from_iforward_start":{"num":0,"min":0.000000000.0,"max":0.000000000.0,"avg":0.000000000.0,"var":0.000000000.0,"sum":0.000000000.0}},"get_output":{"duration":{"num":1,"min":0.000018835,"max":0.000018835,"avg":0.000018835,"var":0.000000000.0,"sum":0.000018835},"relative_timestamp_from_wait_end":{"num":1,"min":0.000000954,"max":0.000000954,"avg":0.000000954,"var":0.000000000.0,"sum":0.000000954}}}}},"65535:65535:1170338683618918399:3":{"rpc_id":1170338683618918399,"provider_id":3,"parent_rpc_id":65535,"parent_provider_id":65535,"name":"yk_put_direct","origin":{"sent to ofi+cxi://0x20105c00":{"iforward":{"duration":{"num":1,"min":0.000077248,"max":0.000077248,"avg":0.000077248,"var":0.000000000.0,"sum":0.000077248},"relative_timestamp_from_create":{"num":1,"min":0.000001192,"max":0.000001192,"avg":0.000001192,"var":0.000000000.0,"sum":0.000001192}},"forward_cb":{"duration":{"num":1,"min":0.000001431,"max":0.000001431,"avg":0.000001431,"var":0.000000000.0,"sum":0.000001431},"relative_timestamp_from_iforward_start":{"num":1,"min":0.000179291,"max":0.000179291,"avg":0.000179291,"var":0.000000000.0,"sum":0.000179291}},"iforward_wait":{"duration":{"num":1,"min":0.000106812,"max":0.000106812,"avg":0.000106812,"var":0.000000000.0,"sum":0.000106812},"relative_timestamp_from_iforward_end":{"num":1,"min":0.000001431,"max":0.000001431,"avg":0.000001431,"var":0.000000000.0,"sum":0.000001431}},"set_input":{"duration":{"num":1,"min":0.000041485,"max":0.000041485,"avg":0.000041485,"var":0.000000000.0,"sum":0.000041485},"relative_timestamp_from_iforward_start":{"num":1,"min":0.000011444,"max":0.000011444,"avg":0.000011444,"var":0.000000000.0,"sum":0.000011444}},"get_output":{"duration":{"num":1,"min":0.000001431,"max":0.000001431,"avg":0.000001431,"var":0.000000000.0,"sum":0.000001431},"relative_timestamp_from_wait_end":{"num":1,"min":0.000000954,"max":0.000000954,"avg":0.000000954,"var":0.000000000.0,"sum":0.000000954}}}}},"65535:65535:13614918458553729023:3":{"rpc_id":-4831825615155822593,"provider_id":3,"parent_rpc_id":65535,"parent_provider_id":65535,"name":"yk_coll_create","origin":{"sent to ofi+cxi://0x20105c00":{"iforward":{"duration":{"num":1,"min":0.000034809,"max":0.000034809,"avg":0.000034809,"var":0.000000000.0,"sum":0.000034809},"relative_timestamp_from_create":{"num":1,"min":0.000000954,"max":0.000000954,"avg":0.000000954,"var":0.000000000.0,"sum":0.000000954}},"forward_cb":{"duration":{"num":1,"min":0.000001431,"max":0.000001431,"avg":0.000001431,"var":0.000000000.0,"sum":0.000001431},"relative_timestamp_from_iforward_start":{"num":1,"min":0.000114441,"max":0.000114441,"avg":0.000114441,"var":0.000000000.0,"sum":0.000114441}},"iforward_wait":{"duration":{"num":1,"min":0.000085354,"max":0.000085354,"avg":0.000085354,"var":0.000000000.0,"sum":0.000085354},"relative_timestamp_from_iforward_end":{"num":1,"min":0.000001431,"max":0.000001431,"avg":0.000001431,"var":0.000000000.0,"sum":0.000001431}},"set_input":{"duration":{"num":1,"min":0.000015259,"max":0.000015259,"avg":0.000015259,"var":0.000000000.0,"sum":0.000015259},"relative_timestamp_from_iforward_start":{"num":1,"min":0.000006676,"max":0.000006676,"avg":0.000006676,"var":0.000000000.0,"sum":0.000006676}},"get_output":{"duration":{"num":1,"min":0.000001431,"max":0.000001431,"avg":0.000001431,"var":0.000000000.0,"sum":0.000001431},"relative_timestamp_from_wait_end":{"num":1,"min":0.000001431,"max":0.000001431,"avg":0.000001431,"var":0.000000000.0,"sum":0.000001431}}}}}}}