{"address":"","progress_loop":{"progress_with_timeout":{"num":8706,"min":0.000009775,"max":0.123991728,"avg":0.103678362,"var":0.222686018,"sum":902.623817444},"progress_timeout_value_msec":{"num":8706,"min":100.000000000.0,"max":100.000000000.0,"avg":100.000000000.0,"var":0.000000000.0,"sum":870600.000000000.0},"progress_without_timeout":{"num":117114,"min":0.000000000.0,"max":0.000000954,"avg":0.000000093,"var":0.000000002,"sum":0.010940790},"trigger":{"num":34,"min":0.000000477,"max":0.020774126,"avg":0.013436142,"var":0.000473156,"sum":0.456828833}},"rpcs":{"65535:65535:5386877029230641151:0":{"rpc_id":5386877029230641151,"provider_id":0,"parent_rpc_id":65535,"parent_provider_id":65535,"name":"bedrock_query_config","origin":{"sent to ofi+cxi://0x20825400":{"iforward":{"duration":{"num":1,"min":0.000055313,"max":0.000055313,"avg":0.000055313,"var":0.000000000.0,"sum":0.000055313},"relative_timestamp_from_create":{"num":1,"min":0.000004292,"max":0.000004292,"avg":0.000004292,"var":0.000000000.0,"sum":0.000004292}},"forward_cb":{"duration":{"num":1,"min":0.012653828,"max":0.012653828,"avg":0.012653828,"var":0.000000000.0,"sum":0.012653828},"relative_timestamp_from_iforward_start":{"num":1,"min":0.000637054,"max":0.000637054,"avg":0.000637054,"var":0.000000000.0,"sum":0.000637054}},"iforward_wait":{"duration":{"num":1,"min":0.029025078,"max":0.029025078,"avg":0.029025078,"var":0.000000000.0,"sum":0.029025078},"relative_timestamp_from_iforward_end":{"num":1,"min":0.000017405,"max":0.000017405,"avg":0.000017405,"var":0.000000000.0,"sum":0.000017405}},"set_input":{"duration":{"num":1,"min":0.000010252,"max":0.000010252,"avg":0.000010252,"var":0.000000000.0,"sum":0.000010252},"relative_timestamp_from_iforward_start":{"num":1,"min":0.000015259,"max":0.000015259,"avg":0.000015259,"var":0.000000000.0,"sum":0.000015259}},"get_output":{"duration":{"num":1,"min":0.000003099,"max":0.000003099,"avg":0.000003099,"var":0.000000000.0,"sum":0.000003099},"relative_timestamp_from_wait_end":{"num":1,"min":0.000005484,"max":0.000005484,"avg":0.000005484,"var":0.000000000.0,"sum":0.000005484}}}}},"65535:65535:7940397281847607295:3":{"rpc_id":7940397281847607295,"provider_id":3,"parent_rpc_id":65535,"parent_provider_id":65535,"name":"__identity__","origin":{"sent to ofi+cxi://0x20825400":{"iforward":{"duration":{"num":1,"min":0.000016689,"max":0.000016689,"avg":0.000016689,"var":0.000000000.0,"sum":0.000016689},"relative_timestamp_from_create":{"num":1,"min":0.000000238,"max":0.000000238,"avg":0.000000238,"var":0.000000000.0,"sum":0.000000238}},"forward_cb":{"duration":{"num":1,"min":0.015857935,"max":0.015857935,"avg":0.015857935,"var":0.000000000.0,"sum":0.015857935},"relative_timestamp_from_iforward_start":{"num":1,"min":0.000041485,"max":0.000041485,"avg":0.000041485,"var":0.000000000.0,"sum":0.000041485}},"iforward_wait":{"duration":{"num":1,"min":0.031882524,"max":0.031882524,"avg":0.031882524,"var":0.000000000.0,"sum":0.031882524},"relative_timestamp_from_iforward_end":{"num":1,"min":0.000000238,"max":0.000000238,"avg":0.000000238,"var":0.000000000.0,"sum":0.000000238}},"set_input":{"duration":{"num":0,"min":0.000000000.0,"max":0.000000000.0,"avg":0.000000000.0,"var":0.000000000.0,"sum":0.000000000.0},"relative_timestamp_from_iforward_start":{"num":0,"min":0.000000000.0,"max":0.000000000.0,"avg":0.000000000.0,"var":0.000000000.0,"sum":0.000000000.0}},"get_output":{"duration":{"num":1,"min":0.000003576,"max":0.000003576,"avg":0.000003576,"var":0.000000000.0,"sum":0.000003576},"relative_timestamp_from_wait_end":{"num":1,"min":0.000000238,"max":0.000000238,"avg":0.000000238,"var":0.000000000.0,"sum":0.000000238}}}}},"65535:65535:15281833229347258367:3":{"rpc_id":-3164910844362293249,"provider_id":3,"parent_rpc_id":65535,"parent_provider_id":65535,"name":"yk_length_direct","origin":{"sent to ofi+cxi://0x20825400":{"iforward":{"duration":{"num":1,"min":0.000026464,"max":0.000026464,"avg":0.000026464,"var":0.000000000.0,"sum":0.000026464},"relative_timestamp_from_create":{"num":1,"min":0.000000238,"max":0.000000238,"avg":0.000000238,"var":0.000000000.0,"sum":0.000000238}},"forward_cb":{"duration":{"num":1,"min":0.015879393,"max":0.015879393,"avg":0.015879393,"var":0.000000000.0,"sum":0.015879393},"relative_timestamp_from_iforward_start":{"num":1,"min":0.000050783,"max":0.000050783,"avg":0.000050783,"var":0.000000000.0,"sum":0.000050783}},"iforward_wait":{"duration":{"num":1,"min":0.031904221,"max":0.031904221,"avg":0.031904221,"var":0.000000000.0,"sum":0.031904221},"relative_timestamp_from_iforward_end":{"num":1,"min":0.000000000.0,"max":0.000000000.0,"avg":0.000000000.0,"var":0.000000000.0,"sum":0.000000000.0}},"set_input":{"duration":{"num":1,"min":0.000004053,"max":0.000004053,"avg":0.000004053,"var":0.000000000.0,"sum":0.000004053},"relative_timestamp_from_iforward_start":{"num":1,"min":0.000005007,"max":0.000005007,"avg":0.000005007,"var":0.000000000.0,"sum":0.000005007}},"get_output":{"duration":{"num":1,"min":0.000004053,"max":0.000004053,"avg":0.000004053,"var":0.000000000.0,"sum":0.000004053},"relative_timestamp_from_wait_end":{"num":1,"min":0.000000238,"max":0.000000238,"avg":0.000000238,"var":0.000000000.0,"sum":0.000000238}}}}},"65535:65535:14263933427668549631:3":{"rpc_id":-4182810646041001985,"provider_id":3,"parent_rpc_id":65535,"parent_provider_id":65535,"name":"yk_get","origin":{"sent to ofi+cxi://0x20825400":{"iforward":{"duration":{"num":1,"min":0.000035763,"max":0.000035763,"avg":0.000035763,"var":0.000000000.0,"sum":0.000035763},"relative_timestamp_from_create":{"num":1,"min":0.000000000.0,"max":0.000000000.0,"avg":0.000000000.0,"var":0.000000000.0,"sum":0.000000000.0}},"forward_cb":{"duration":{"num":1,"min":0.015803337,"max":0.015803337,"avg":0.015803337,"var":0.000000000.0,"sum":0.015803337},"relative_timestamp_from_iforward_start":{"num":1,"min":0.000106573,"max":0.000106573,"avg":0.000106573,"var":0.000000000.0,"sum":0.000106573}},"iforward_wait":{"duration":{"num":1,"min":0.031874180,"max":0.031874180,"avg":0.031874180,"var":0.000000000.0,"sum":0.031874180},"relative_timestamp_from_iforward_end":{"num":1,"min":0.000000238,"max":0.000000238,"avg":0.000000238,"var":0.000000000.0,"sum":0.000000238}},"set_input":{"duration":{"num":1,"min":0.000005484,"max":0.000005484,"avg":0.000005484,"var":0.000000000.0,"sum":0.000005484},"relative_timestamp_from_iforward_start":{"num":1,"min":0.000010014,"max":0.000010014,"avg":0.000010014,"var":0.000000000.0,"sum":0.000010014}},"get_output":{"duration":{"num":1,"min":0.000000238,"max":0.000000238,"avg":0.000000238,"var":0.000000000.0,"sum":0.000000238},"relative_timestamp_from_wait_end":{"num":1,"min":0.000000238,"max":0.000000238,"avg":0.000000238,"var":0.000000000.0,"sum":0.000000238}}}}},"65535:65535:6151631875094937599:3":{"rpc_id":6151631875094937599,"provider_id":3,"parent_rpc_id":65535,"parent_provider_id":65535,"name":"yk_doc_iter","origin":{"sent to ofi+cxi://0x20825400":{"iforward":{"duration":{"num":2,"min":0.000014782,"max":0.000019789,"avg":0.000017285,"var":0.000000000,"sum":0.000034571},"relative_timestamp_from_create":{"num":2,"min":0.000000238,"max":0.000000238,"avg":0.000000238,"var":0.000000000.0,"sum":0.000000477}},"forward_cb":{"duration":{"num":2,"min":0.000000000.0,"max":0.015960217,"avg":0.007980108,"var":0.000127364,"sum":0.015960217},"relative_timestamp_from_iforward_start":{"num":2,"min":0.000034332,"max":0.047971964,"avg":0.024003148,"var":0.001149008,"sum":0.048006296}},"iforward_wait":{"duration":{"num":2,"min":0.031981945,"max":0.063952446,"avg":0.047967196,"var":0.000511056,"sum":0.095934391},"relative_timestamp_from_iforward_end":{"num":2,"min":0.000000238,"max":0.000000238,"avg":0.000000238,"var":0.000000000.0,"sum":0.000000477}},"set_input":{"duration":{"num":2,"min":0.000000477,"max":0.000002384,"avg":0.000001431,"var":0.000000000,"sum":0.000002861},"relative_timestamp_from_iforward_start":{"num":2,"min":0.000001431,"max":0.000005007,"avg":0.000003219,"var":0.000000000,