{"address":"","progress_loop":{"progress_with_timeout":{"num":11372,"min":0.000000715,"max":0.124937057,"avg":0.098364102,"var":1.729954292,"sum":1118.596568823},"progress_timeout_value_msec":{"num":11372,"min":100.000000000.0,"max":100.000000000.0,"avg":100.000000000.0,"var":0.000000000.0,"sum":1137200.000000000.0},"progress_without_timeout":{"num":166088,"min":0.000000000.0,"max":0.000032187,"avg":0.000000088,"var":0.000000004,"sum":0.014596701},"trigger":{"num":220,"min":0.000000000.0,"max":0.023957491,"avg":0.006592636,"var":0.011434321,"sum":1.450379848}},"rpcs":{"65535:65535:5386877029230641151:0":{"rpc_id":5386877029230641151,"provider_id":0,"parent_rpc_id":65535,"parent_provider_id":65535,"name":"bedrock_query_config","origin":{"sent to ofi+cxi://0x2081fa00":{"iforward":{"duration":{"num":1,"min":0.000139236,"max":0.000139236,"avg":0.000139236,"var":0.000000000.0,"sum":0.000139236},"relative_timestamp_from_create":{"num":1,"min":0.000018835,"max":0.000018835,"avg":0.000018835,"var":0.000000000.0,"sum":0.000018835}},"forward_cb":{"duration":{"num":1,"min":0.014372110,"max":0.014372110,"avg":0.014372110,"var":0.000000000.0,"sum":0.014372110},"relative_timestamp_from_iforward_start":{"num":1,"min":0.001225710,"max":0.001225710,"avg":0.001225710,"var":0.000000000.0,"sum":0.001225710}},"iforward_wait":{"duration":{"num":1,"min":0.031186819,"max":0.031186819,"avg":0.031186819,"var":0.000000000.0,"sum":0.031186819},"relative_timestamp_from_iforward_end":{"num":1,"min":0.000086784,"max":0.000086784,"avg":0.000086784,"var":0.000000000.0,"sum":0.000086784}},"set_input":{"duration":{"num":1,"min":0.000055075,"max":0.000055075,"avg":0.000055075,"var":0.000000000.0,"sum":0.000055075},"relative_timestamp_from_iforward_start":{"num":1,"min":0.000053883,"max":0.000053883,"avg":0.000053883,"var":0.000000000.0,"sum":0.000053883}},"get_output":{"duration":{"num":1,"min":0.000010014,"max":0.000010014,"avg":0.000010014,"var":0.000000000.0,"sum":0.000010014},"relative_timestamp_from_wait_end":{"num":1,"min":0.000025272,"max":0.000025272,"avg":0.000025272,"var":0.000000000.0,"sum":0.000025272}}}}},"65535:65535:7940397281847607295:3":{"rpc_id":7940397281847607295,"provider_id":3,"parent_rpc_id":65535,"parent_provider_id":65535,"name":"__identity__","origin":{"sent to ofi+cxi://0x2081fa00":{"iforward":{"duration":{"num":1,"min":0.000017405,"max":0.000017405,"avg":0.000017405,"var":0.000000000.0,"sum":0.000017405},"relative_timestamp_from_create":{"num":1,"min":0.000000238,"max":0.000000238,"avg":0.000000238,"var":0.000000000.0,"sum":0.000000238}},"forward_cb":{"duration":{"num":1,"min":0.015695095,"max":0.015695095,"avg":0.015695095,"var":0.000000000.0,"sum":0.015695095},"relative_timestamp_from_iforward_start":{"num":1,"min":0.000043154,"max":0.000043154,"avg":0.000043154,"var":0.000000000.0,"sum":0.000043154}},"iforward_wait":{"duration":{"num":1,"min":0.031722307,"max":0.031722307,"avg":0.031722307,"var":0.000000000.0,"sum":0.031722307},"relative_timestamp_from_iforward_end":{"num":1,"min":0.000000238,"max":0.000000238,"avg":0.000000238,"var":0.000000000.0,"sum":0.000000238}},"set_input":{"duration":{"num":0,"min":0.000000000.0,"max":0.000000000.0,"avg":0.000000000.0,"var":0.000000000.0,"sum":0.000000000.0},"relative_timestamp_from_iforward_start":{"num":0,"min":0.000000000.0,"max":0.000000000.0,"avg":0.000000000.0,"var":0.000000000.0,"sum":0.000000000.0}},"get_output":{"duration":{"num":1,"min":0.000015497,"max":0.000015497,"avg":0.000015497,"var":0.000000000.0,"sum":0.000015497},"relative_timestamp_from_wait_end":{"num":1,"min":0.000000238,"max":0.000000238,"avg":0.000000238,"var":0.000000000.0,"sum":0.000000238}}}}},"65535:65535:15281833229347258367:3":{"rpc_id":-3164910844362293249,"provider_id":3,"parent_rpc_id":65535,"parent_provider_id":65535,"name":"yk_length_direct","origin":{"sent to ofi+cxi://0x2081fa00":{"iforward":{"duration":{"num":1,"min":0.000039339,"max":0.000039339,"avg":0.000039339,"var":0.000000000.0,"sum":0.000039339},"relative_timestamp_from_create":{"num":1,"min":0.000000238,"max":0.000000238,"avg":0.000000238,"var":0.000000000.0,"sum":0.000000238}},"forward_cb":{"duration":{"num":1,"min":0.015390158,"max":0.015390158,"avg":0.015390158,"var":0.000000000.0,"sum":0.015390158},"relative_timestamp_from_iforward_start":{"num":1,"min":0.000061035,"max":0.000061035,"avg":0.000061035,"var":0.000000000.0,"sum":0.000061035}},"iforward_wait":{"duration":{"num":1,"min":0.031408787,"max":0.031408787,"avg":0.031408787,"var":0.000000000.0,"sum":0.031408787},"relative_timestamp_from_iforward_end":{"num":1,"min":0.000000000.0,"max":0.000000000.0,"avg":0.000000000.0,"var":0.000000000.0,"sum":0.000000000.0}},"set_input":{"duration":{"num":1,"min":0.000018835,"max":0.000018835,"avg":0.000018835,"var":0.000000000.0,"sum":0.000018835},"relative_timestamp_from_iforward_start":{"num":1,"min":0.000006199,"max":0.000006199,"avg":0.000006199,"var":0.000000000.0,"sum":0.000006199}},"get_output":{"duration":{"num":1,"min":0.000015259,"max":0.000015259,"avg":0.000015259,"var":0.000000000.0,"sum":0.000015259},"relative_timestamp_from_wait_end":{"num":1,"min":0.000000238,"max":0.000000238,"avg":0.000000238,"var":0.000000000.0,"sum":0.000000238}}}}},"65535:65535:14263933427668549631:3":{"rpc_id":-4182810646041001985,"provider_id":3,"parent_rpc_id":65535,"parent_provider_id":65535,"name":"yk_get","origin":{"sent to ofi+cxi://0x2081fa00":{"iforward":{"duration":{"num":1,"min":0.000048876,"max":0.000048876,"avg":0.000048876,"var":0.000000000.0,"sum":0.000048876},"relative_timestamp_from_create":{"num":1,"min":0.000000000.0,"max":0.000000000.0,"avg":0.000000000.0,"var":0.000000000.0,"sum":0.000000000.0}},"forward_cb":{"duration":{"num":1,"min":0.015758276,"max":0.015758276,"avg":0.015758276,"var":0.000000000.0,"sum":0.015758276},"relative_timestamp_from_iforward_start":{"num":1,"min":0.000109434,"max":0.000109434,"avg":0.000109434,"var":0.000000000.0,"sum":0.000109434}},"iforward_wait":{"duration":{"num":1,"min":0.031818867,"max":0.031818867,"avg":0.031818867,"var":0.000000000.0,"sum":0.031818867},"relative_timestamp_from_iforward_end":{"num":1,"min":0.000000238,"max":0.000000238,"avg":0.000000238,"var":0.000000000.0,"sum":0.000000238}},"set_input":{"duration":{"num":1,"min":0.000024080,"max":0.000024080,"avg":0.000024080,"var":0.000000000.0,"sum":0.000024080},"relative_timestamp_from_iforward_start":{"num":1,"min":0.000004768,"max":0.000004768,"avg":0.000004768,"var":0.000000000.0,"sum":0.000004768}},"get_output":{"duration":{"num":1,"min":0.000000238,"max":0.000000238,"avg":0.000000238,"var":0.000000000.0,"sum":0.000000238},"relative_timestamp_from_wait_end":{"num":1,"min":0.000000238,"max":0.000000238,"avg":0.000000238,"var":0.000000000.0,"sum":0.000000238}}}}},"65535:65535:6151631875094937599:3":{"rpc_id":6151631875094937599,"provider_id":3,"parent_rpc_id":65535,"parent_provider_id":65535,"name":"yk_doc_iter","origin":{"sent to ofi+cxi://0x2081fa00":{"iforward":{"duration":{"num":2,"min":0.000018358,"max":0.000031948,"avg":0.000025153,"var":0.000000000,"sum":0.000050306},"relative_timestamp_from_create":{"num":2,"min":0.000000000.0,"max":0.000000238,"avg":0.000000119,"var":0.000000000,"sum":0.000000238}},"forward_cb":{"duration":{"num":2,"min":0.000000238,"max":0.023957253,"avg":0.011978745,"var":0.000286969,"sum":0.023957491},"relative_timestamp_from_iforward_start":{"num":2,"min":0.000036478,"max":0.047913551,"avg":0.023975015,"var":0.001146107,"sum":0.047950029}},"iforward_wait":{"duration":{"num":2,"min":0.039974928,"max":0.063883543,"avg":0.051929235,"var":0.000285811,"sum":0.103858471},"relative_timestamp_from_iforward_end":{"num":2,"min":0.000000238,"max":0.000000238,"avg":0.000000238,"var":0.000000000.0,"sum":0.000000477}},"set_input":{"duration":{"num":2,"min":0.000000238,"max":0.000010490,"avg":0.000005364,"var":0.000000000,"sum":0.000010729},"relative_timestamp_from_iforward_start":{"num":2,"min":0.000002146,"max":0.000008583,"avg":0.000005364,