{"address":"","progress_loop":{"progress_with_timeout":{"num":7,"min":0.000003338,"max":0.099700928,"avg":0.014474017,"var":0.008475783,"sum":0.101318121},"progress_timeout_value_msec":{"num":7,"min":100.000000000.0,"max":100.000000000.0,"avg":100.000000000.0,"var":0.000000000.0,"sum":700.000000000.0},"progress_without_timeout":{"num":0,"min":0.000000000.0,"max":0.000000000.0,"avg":0.000000000.0,"var":0.000000000.0,"sum":0.000000000.0},"trigger":{"num":4,"min":0.000000238,"max":0.000000954,"avg":0.000000536,"var":0.000000000,"sum":0.000002146}},"rpcs":{"65535:65535:5386877029230641151:0":{"rpc_id":5386877029230641151,"provider_id":0,"parent_rpc_id":65535,"parent_provider_id":65535,"name":"bedrock_query_config","origin":{"sent to ofi+cxi://0x20105c00":{"iforward":{"duration":{"num":1,"min":0.000061512,"max":0.000061512,"avg":0.000061512,"var":0.000000000.0,"sum":0.000061512},"relative_timestamp_from_create":{"num":1,"min":0.000005007,"max":0.000005007,"avg":0.000005007,"var":0.000000000.0,"sum":0.000005007}},"forward_cb":{"duration":{"num":1,"min":0.000000477,"max":0.000000477,"avg":0.000000477,"var":0.000000000.0,"sum":0.000000477},"relative_timestamp_from_iforward_start":{"num":1,"min":0.001508236,"max":0.001508236,"avg":0.001508236,"var":0.000000000.0,"sum":0.001508236}},"iforward_wait":{"duration":{"num":1,"min":0.001426220,"max":0.001426220,"avg":0.001426220,"var":0.000000000.0,"sum":0.001426220},"relative_timestamp_from_iforward_end":{"num":1,"min":0.000021935,"max":0.000021935,"avg":0.000021935,"var":0.000000000.0,"sum":0.000021935}},"set_input":{"duration":{"num":1,"min":0.000014544,"max":0.000014544,"avg":0.000014544,"var":0.000000000.0,"sum":0.000014544},"relative_timestamp_from_iforward_start":{"num":1,"min":0.000016689,"max":0.000016689,"avg":0.000016689,"var":0.000000000.0,"sum":0.000016689}},"get_output":{"duration":{"num":1,"min":0.000003338,"max":0.000003338,"avg":0.000003338,"var":0.000000000.0,"sum":0.000003338},"relative_timestamp_from_wait_end":{"num":1,"min":0.000005245,"max":0.000005245,"avg":0.000005245,"var":0.000000000.0,"sum":0.000005245}}}}},"65535:65535:7940397281847607295:3":{"rpc_id":7940397281847607295,"provider_id":3,"parent_rpc_id":65535,"parent_provider_id":65535,"name":"__identity__","origin":{"sent to ofi+cxi://0x20105c00":{"iforward":{"duration":{"num":1,"min":0.000015259,"max":0.000015259,"avg":0.000015259,"var":0.000000000.0,"sum":0.000015259},"relative_timestamp_from_create":{"num":1,"min":0.000000238,"max":0.000000238,"avg":0.000000238,"var":0.000000000.0,"sum":0.000000238}},"forward_cb":{"duration":{"num":1,"min":0.000000238,"max":0.000000238,"avg":0.000000238,"var":0.000000000.0,"sum":0.000000238},"relative_timestamp_from_iforward_start":{"num":1,"min":0.000044107,"max":0.000044107,"avg":0.000044107,"var":0.000000000.0,"sum":0.000044107}},"iforward_wait":{"duration":{"num":1,"min":0.000029325,"max":0.000029325,"avg":0.000029325,"var":0.000000000.0,"sum":0.000029325},"relative_timestamp_from_iforward_end":{"num":1,"min":0.000000238,"max":0.000000238,"avg":0.000000238,"var":0.000000000.0,"sum":0.000000238}},"set_input":{"duration":{"num":0,"min":0.000000000.0,"max":0.000000000.0,"avg":0.000000000.0,"var":0.000000000.0,"sum":0.000000000.0},"relative_timestamp_from_iforward_start":{"num":0,"min":0.000000000.0,"max":0.000000000.0,"avg":0.000000000.0,"var":0.000000000.0,"sum":0.000000000.0}},"get_output":{"duration":{"num":1,"min":0.000003099,"max":0.000003099,"avg":0.000003099,"var":0.000000000.0,"sum":0.000003099},"relative_timestamp_from_wait_end":{"num":1,"min":0.000000000.0,"max":0.000000000.0,"avg":0.000000000.0,"var":0.000000000.0,"sum":0.000000000.0}}}}},"65535:65535:1170338683618918399:3":{"rpc_id":1170338683618918399,"provider_id":3,"parent_rpc_id":65535,"parent_provider_id":65535,"name":"yk_put_direct","origin":{"sent to ofi+cxi://0x20105c00":{"iforward":{"duration":{"num":1,"min":0.000035048,"max":0.000035048,"avg":0.000035048,"var":0.000000000.0,"sum":0.000035048},"relative_timestamp_from_create":{"num":1,"min":0.000000238,"max":0.000000238,"avg":0.000000238,"var":0.000000000.0,"sum":0.000000238}},"forward_cb":{"duration":{"num":1,"min":0.000000238,"max":0.000000238,"avg":0.000000238,"var":0.000000000.0,"sum":0.000000238},"relative_timestamp_from_iforward_start":{"num":1,"min":0.000135422,"max":0.000135422,"avg":0.000135422,"var":0.000000000.0,"sum":0.000135422}},"iforward_wait":{"duration":{"num":1,"min":0.000100851,"max":0.000100851,"avg":0.000100851,"var":0.000000000.0,"sum":0.000100851},"relative_timestamp_from_iforward_end":{"num":1,"min":0.000000238,"max":0.000000238,"avg":0.000000238,"var":0.000000000.0,"sum":0.000000238}},"set_input":{"duration":{"num":1,"min":0.000006676,"max":0.000006676,"avg":0.000006676,"var":0.000000000.0,"sum":0.000006676},"relative_timestamp_from_iforward_start":{"num":1,"min":0.000005007,"max":0.000005007,"avg":0.000005007,"var":0.000000000.0,"sum":0.000005007}},"get_output":{"duration":{"num":1,"min":0.000003099,"max":0.000003099,"avg":0.000003099,"var":0.000000000.0,"sum":0.000003099},"relative_timestamp_from_wait_end":{"num":1,"min":0.000000238,"max":0.000000238,"avg":0.000000238,"var":0.000000000.0,"sum":0.000000238}}}}},"65535:65535:13614918458553729023:3":{"rpc_id":-4831825615155822593,"provider_id":3,"parent_rpc_id":65535,"parent_provider_id":65535,"name":"yk_coll_create","origin":{"sent to ofi+cxi://0x20105c00":{"iforward":{"duration":{"num":1,"min":0.000015974,"max":0.000015974,"avg":0.000015974,"var":0.000000000.0,"sum":0.000015974},"relative_timestamp_from_create":{"num":1,"min":0.000000238,"max":0.000000238,"avg":0.000000238,"var":0.000000000.0,"sum":0.000000238}},"forward_cb":{"duration":{"num":1,"min":0.000000000.0,"max":0.000000000.0,"avg":0.000000000.0,"var":0.000000000.0,"sum":0.000000000.0},"relative_timestamp_from_iforward_start":{"num":1,"min":0.000092745,"max":0.000092745,"avg":0.000092745,"var":0.000000000.0,"sum":0.000092745}},"iforward_wait":{"duration":{"num":1,"min":0.000077009,"max":0.000077009,"avg":0.000077009,"var":0.000000000.0,"sum":0.000077009},"relative_timestamp_from_iforward_end":{"num":1,"min":0.000000238,"max":0.000000238,"avg":0.000000238,"var":0.000000000.0,"sum":0.000000238}},"set_input":{"duration":{"num":1,"min":0.000002861,"max":0.000002861,"avg":0.000002861,"var":0.000000000.0,"sum":0.000002861},"relative_timestamp_from_iforward_start":{"num":1,"min":0.000002384,"max":0.000002384,"avg":0.000002384,"var":0.000000000.0,"sum":0.000002384}},"get_output":{"duration":{"num":1,"min":0.000000238,"max":0.000000238,"avg":0.000000238,"var":0.000000000.0,"sum":0.000000238},"relative_timestamp_from_wait_end":{"num":1,"min":0.000000000.0,"max":0.000000000.0,"avg":0.000000000.0,"var":0.000000000.0,"sum":0.000000000.0}}}}}}}