{"address":"","progress_loop":{"progress_with_timeout":{"num":9055,"min":0.000002384,"max":0.108008146,"avg":0.099679446,"var":0.222495980,"sum":902.597384691},"progress_timeout_value_msec":{"num":9055,"min":100.000000000.0,"max":100.000000000.0,"avg":100.000000000.0,"var":0.000000000.0,"sum":905500.000000000.0},"progress_without_timeout":{"num":5794,"min":0.000000715,"max":0.000046253,"avg":0.000001162,"var":0.000000002,"sum":0.006731749},"trigger":{"num":34,"min":0.000004053,"max":0.017248869,"avg":0.013115301,"var":0.000433520,"sum":0.445920229}},"rpcs":{"65535:65535:5386877029230641151:0":{"rpc_id":5386877029230641151,"provider_id":0,"parent_rpc_id":65535,"parent_provider_id":65535,"name":"bedrock_query_config","origin":{"sent to ofi+cxi://0x20725400":{"iforward":{"duration":{"num":1,"min":0.000075579,"max":0.000075579,"avg":0.000075579,"var":0.000000000.0,"sum":0.000075579},"relative_timestamp_from_create":{"num":1,"min":0.000007868,"max":0.000007868,"avg":0.000007868,"var":0.000000000.0,"sum":0.000007868}},"forward_cb":{"duration":{"num":1,"min":0.017016888,"max":0.017016888,"avg":0.017016888,"var":0.000000000.0,"sum":0.017016888},"relative_timestamp_from_iforward_start":{"num":1,"min":0.001098156,"max":0.001098156,"avg":0.001098156,"var":0.000000000.0,"sum":0.001098156}},"iforward_wait":{"duration":{"num":1,"min":0.033882618,"max":0.033882618,"avg":0.033882618,"var":0.000000000.0,"sum":0.033882618},"relative_timestamp_from_iforward_end":{"num":1,"min":0.000031233,"max":0.000031233,"avg":0.000031233,"var":0.000000000.0,"sum":0.000031233}},"set_input":{"duration":{"num":1,"min":0.000020027,"max":0.000020027,"avg":0.000020027,"var":0.000000000.0,"sum":0.000020027},"relative_timestamp_from_iforward_start":{"num":1,"min":0.000026464,"max":0.000026464,"avg":0.000026464,"var":0.000000000.0,"sum":0.000026464}},"get_output":{"duration":{"num":1,"min":0.000005960,"max":0.000005960,"avg":0.000005960,"var":0.000000000.0,"sum":0.000005960},"relative_timestamp_from_wait_end":{"num":1,"min":0.000008583,"max":0.000008583,"avg":0.000008583,"var":0.000000000.0,"sum":0.000008583}}}}},"65535:65535:7940397281847607295:3":{"rpc_id":7940397281847607295,"provider_id":3,"parent_rpc_id":65535,"parent_provider_id":65535,"name":"__identity__","origin":{"sent to ofi+cxi://0x20725400":{"iforward":{"duration":{"num":1,"min":0.000021458,"max":0.000021458,"avg":0.000021458,"var":0.000000000.0,"sum":0.000021458},"relative_timestamp_from_create":{"num":1,"min":0.000001431,"max":0.000001431,"avg":0.000001431,"var":0.000000000.0,"sum":0.000001431}},"forward_cb":{"duration":{"num":1,"min":0.015721083,"max":0.015721083,"avg":0.015721083,"var":0.000000000.0,"sum":0.015721083},"relative_timestamp_from_iforward_start":{"num":1,"min":0.000040531,"max":0.000040531,"avg":0.000040531,"var":0.000000000.0,"sum":0.000040531}},"iforward_wait":{"duration":{"num":1,"min":0.031739235,"max":0.031739235,"avg":0.031739235,"var":0.000000000.0,"sum":0.031739235},"relative_timestamp_from_iforward_end":{"num":1,"min":0.000000954,"max":0.000000954,"avg":0.000000954,"var":0.000000000.0,"sum":0.000000954}},"set_input":{"duration":{"num":0,"min":0.000000000.0,"max":0.000000000.0,"avg":0.000000000.0,"var":0.000000000.0,"sum":0.000000000.0},"relative_timestamp_from_iforward_start":{"num":0,"min":0.000000000.0,"max":0.000000000.0,"avg":0.000000000.0,"var":0.000000000.0,"sum":0.000000000.0}},"get_output":{"duration":{"num":1,"min":0.000006199,"max":0.000006199,"avg":0.000006199,"var":0.000000000.0,"sum":0.000006199},"relative_timestamp_from_wait_end":{"num":1,"min":0.000000954,"max":0.000000954,"avg":0.000000954,"var":0.000000000.0,"sum":0.000000954}}}}},"65535:65535:15281833229347258367:3":{"rpc_id":-3164910844362293249,"provider_id":3,"parent_rpc_id":65535,"parent_provider_id":65535,"name":"yk_length_direct","origin":{"sent to ofi+cxi://0x20725400":{"iforward":{"duration":{"num":1,"min":0.000032902,"max":0.000032902,"avg":0.000032902,"var":0.000000000.0,"sum":0.000032902},"relative_timestamp_from_create":{"num":1,"min":0.000001907,"max":0.000001907,"avg":0.000001907,"var":0.000000000.0,"sum":0.000001907}},"forward_cb":{"duration":{"num":1,"min":0.015872717,"max":0.015872717,"avg":0.015872717,"var":0.000000000.0,"sum":0.015872717},"relative_timestamp_from_iforward_start":{"num":1,"min":0.000050545,"max":0.000050545,"avg":0.000050545,"var":0.000000000.0,"sum":0.000050545}},"iforward_wait":{"duration":{"num":1,"min":0.031888723,"max":0.031888723,"avg":0.031888723,"var":0.000000000.0,"sum":0.031888723},"relative_timestamp_from_iforward_end":{"num":1,"min":0.000001431,"max":0.000001431,"avg":0.000001431,"var":0.000000000.0,"sum":0.000001431}},"set_input":{"duration":{"num":1,"min":0.000008106,"max":0.000008106,"avg":0.000008106,"var":0.000000000.0,"sum":0.000008106},"relative_timestamp_from_iforward_start":{"num":1,"min":0.000010729,"max":0.000010729,"avg":0.000010729,"var":0.000000000.0,"sum":0.000010729}},"get_output":{"duration":{"num":1,"min":0.000005484,"max":0.000005484,"avg":0.000005484,"var":0.000000000.0,"sum":0.000005484},"relative_timestamp_from_wait_end":{"num":1,"min":0.000001431,"max":0.000001431,"avg":0.000001431,"var":0.000000000.0,"sum":0.000001431}}}}},"65535:65535:14263933427668549631:3":{"rpc_id":-4182810646041001985,"provider_id":3,"parent_rpc_id":65535,"parent_provider_id":65535,"name":"yk_get","origin":{"sent to ofi+cxi://0x20725400":{"iforward":{"duration":{"num":1,"min":0.000040531,"max":0.000040531,"avg":0.000040531,"var":0.000000000.0,"sum":0.000040531},"relative_timestamp_from_create":{"num":1,"min":0.000000954,"max":0.000000954,"avg":0.000000954,"var":0.000000000.0,"sum":0.000000954}},"forward_cb":{"duration":{"num":1,"min":0.015803814,"max":0.015803814,"avg":0.015803814,"var":0.000000000.0,"sum":0.015803814},"relative_timestamp_from_iforward_start":{"num":1,"min":0.000077248,"max":0.000077248,"avg":0.000077248,"var":0.000000000.0,"sum":0.000077248}},"iforward_wait":{"duration":{"num":1,"min":0.031841993,"max":0.031841993,"avg":0.031841993,"var":0.000000000.0,"sum":0.031841993},"relative_timestamp_from_iforward_end":{"num":1,"min":0.000000954,"max":0.000000954,"avg":0.000000954,"var":0.000000000.0,"sum":0.000000954}},"set_input":{"duration":{"num":1,"min":0.000010014,"max":0.000010014,"avg":0.000010014,"var":0.000000000.0,"sum":0.000010014},"relative_timestamp_from_iforward_start":{"num":1,"min":0.000010014,"max":0.000010014,"avg":0.000010014,"var":0.000000000.0,"sum":0.000010014}},"get_output":{"duration":{"num":1,"min":0.000001431,"max":0.000001431,"avg":0.000001431,"var":0.000000000.0,"sum":0.000001431},"relative_timestamp_from_wait_end":{"num":1,"min":0.000000954,"max":0.000000954,"avg":0.000000954,"var":0.000000000.0,"sum":0.000000954}}}}},"65535:65535:6151631875094937599:3":{"rpc_id":6151631875094937599,"provider_id":3,"parent_rpc_id":65535,"parent_provider_id":65535,"name":"yk_doc_iter","origin":{"sent to ofi+cxi://0x20725400":{"iforward":{"duration":{"num":2,"min":0.000018120,"max":0.000026703,"avg":0.000022411,"var":0.000000000,"sum":0.000044823},"relative_timestamp_from_create":{"num":2,"min":0.000000954,"max":0.000001431,"avg":0.000001192,"var":0.000000000,"sum":0.000002384}},"forward_cb":{"duration":{"num":2,"min":0.000000954,"max":0.015941381,"avg":0.007971168,"var":0.000127049,"sum":0.015942335},"relative_timestamp_from_iforward_start":{"num":2,"min":0.000039101,"max":0.047961235,"avg":0.024000168,"var":0.001148265,"sum":0.048000336}},"iforward_wait":{"duration":{"num":2,"min":0.031962395,"max":0.063929796,"avg":0.047946095,"var":0.000510957,"sum":0.095892191},"relative_timestamp_from_iforward_end":{"num":2,"min":0.000001431,"max":0.000001431,"avg":0.000001431,"var":0.000000000.0,"sum":0.000002861}},"set_input":{"duration":{"num":2,"min":0.000001431,"max":0.000004768,"avg":0.000003099,"var":0.000000000,"sum":0.000006199},"relative_timestamp_from_iforward_start":{"num":2,"min":0.000002861,"max":0.000008106,"avg":0.000005484,"var":0.000000000,"sum":0.000010967}},