{"address":"","progress_loop":{"progress_with_timeout":{"num":9279,"min":0.000008821,"max":0.112002134,"avg":0.097860203,"var":1.698513537,"sum":908.044824600},"progress_timeout_value_msec":{"num":9279,"min":100.000000000.0,"max":100.000000000.0,"avg":100.000000000.0,"var":0.000000000.0,"sum":927900.000000000.0},"progress_without_timeout":{"num":129483,"min":0.000000000.0,"max":0.000000954,"avg":0.000000081,"var":0.000000002,"sum":0.010508299},"trigger":{"num":198,"min":0.000000477,"max":0.017419577,"avg":0.014870015,"var":0.000469601,"sum":2.944262981}},"rpcs":{"65535:65535:5386877029230641151:0":{"rpc_id":5386877029230641151,"provider_id":0,"parent_rpc_id":65535,"parent_provider_id":65535,"name":"bedrock_query_config","origin":{"sent to ofi+cxi://0x2083d400":{"iforward":{"duration":{"num":1,"min":0.000052929,"max":0.000052929,"avg":0.000052929,"var":0.000000000.0,"sum":0.000052929},"relative_timestamp_from_create":{"num":1,"min":0.000003576,"max":0.000003576,"avg":0.000003576,"var":0.000000000.0,"sum":0.000003576}},"forward_cb":{"duration":{"num":1,"min":0.017419100,"max":0.017419100,"avg":0.017419100,"var":0.000000000.0,"sum":0.017419100},"relative_timestamp_from_iforward_start":{"num":1,"min":0.000561237,"max":0.000561237,"avg":0.000561237,"var":0.000000000.0,"sum":0.000561237}},"iforward_wait":{"duration":{"num":1,"min":0.033772469,"max":0.033772469,"avg":0.033772469,"var":0.000000000.0,"sum":0.033772469},"relative_timestamp_from_iforward_end":{"num":1,"min":0.000017166,"max":0.000017166,"avg":0.000017166,"var":0.000000000.0,"sum":0.000017166}},"set_input":{"duration":{"num":1,"min":0.000010014,"max":0.000010014,"avg":0.000010014,"var":0.000000000.0,"sum":0.000010014},"relative_timestamp_from_iforward_start":{"num":1,"min":0.000014305,"max":0.000014305,"avg":0.000014305,"var":0.000000000.0,"sum":0.000014305}},"get_output":{"duration":{"num":1,"min":0.000002623,"max":0.000002623,"avg":0.000002623,"var":0.000000000.0,"sum":0.000002623},"relative_timestamp_from_wait_end":{"num":1,"min":0.000006914,"max":0.000006914,"avg":0.000006914,"var":0.000000000.0,"sum":0.000006914}}}}},"65535:65535:7940397281847607295:3":{"rpc_id":7940397281847607295,"provider_id":3,"parent_rpc_id":65535,"parent_provider_id":65535,"name":"__identity__","origin":{"sent to ofi+cxi://0x2083d400":{"iforward":{"duration":{"num":1,"min":0.000018358,"max":0.000018358,"avg":0.000018358,"var":0.000000000.0,"sum":0.000018358},"relative_timestamp_from_create":{"num":1,"min":0.000000238,"max":0.000000238,"avg":0.000000238,"var":0.000000000.0,"sum":0.000000238}},"forward_cb":{"duration":{"num":1,"min":0.015859604,"max":0.015859604,"avg":0.015859604,"var":0.000000000.0,"sum":0.015859604},"relative_timestamp_from_iforward_start":{"num":1,"min":0.000036955,"max":0.000036955,"avg":0.000036955,"var":0.000000000.0,"sum":0.000036955}},"iforward_wait":{"duration":{"num":1,"min":0.031878471,"max":0.031878471,"avg":0.031878471,"var":0.000000000.0,"sum":0.031878471},"relative_timestamp_from_iforward_end":{"num":1,"min":0.000000238,"max":0.000000238,"avg":0.000000238,"var":0.000000000.0,"sum":0.000000238}},"set_input":{"duration":{"num":0,"min":0.000000000.0,"max":0.000000000.0,"avg":0.000000000.0,"var":0.000000000.0,"sum":0.000000000.0},"relative_timestamp_from_iforward_start":{"num":0,"min":0.000000000.0,"max":0.000000000.0,"avg":0.000000000.0,"var":0.000000000.0,"sum":0.000000000.0}},"get_output":{"duration":{"num":1,"min":0.000003815,"max":0.000003815,"avg":0.000003815,"var":0.000000000.0,"sum":0.000003815},"relative_timestamp_from_wait_end":{"num":1,"min":0.000000238,"max":0.000000238,"avg":0.000000238,"var":0.000000000.0,"sum":0.000000238}}}}},"65535:65535:15281833229347258367:3":{"rpc_id":-3164910844362293249,"provider_id":3,"parent_rpc_id":65535,"parent_provider_id":65535,"name":"yk_length_direct","origin":{"sent to ofi+cxi://0x2083d400":{"iforward":{"duration":{"num":1,"min":0.000022411,"max":0.000022411,"avg":0.000022411,"var":0.000000000.0,"sum":0.000022411},"relative_timestamp_from_create":{"num":1,"min":0.000000238,"max":0.000000238,"avg":0.000000238,"var":0.000000000.0,"sum":0.000000238}},"forward_cb":{"duration":{"num":1,"min":0.015904665,"max":0.015904665,"avg":0.015904665,"var":0.000000000.0,"sum":0.015904665},"relative_timestamp_from_iforward_start":{"num":1,"min":0.000041485,"max":0.000041485,"avg":0.000041485,"var":0.000000000.0,"sum":0.000041485}},"iforward_wait":{"duration":{"num":1,"min":0.031923532,"max":0.031923532,"avg":0.031923532,"var":0.000000000.0,"sum":0.031923532},"relative_timestamp_from_iforward_end":{"num":1,"min":0.000000000.0,"max":0.000000000.0,"avg":0.000000000.0,"var":0.000000000.0,"sum":0.000000000.0}},"set_input":{"duration":{"num":1,"min":0.000003576,"max":0.000003576,"avg":0.000003576,"var":0.000000000.0,"sum":0.000003576},"relative_timestamp_from_iforward_start":{"num":1,"min":0.000005007,"max":0.000005007,"avg":0.000005007,"var":0.000000000.0,"sum":0.000005007}},"get_output":{"duration":{"num":1,"min":0.000003338,"max":0.000003338,"avg":0.000003338,"var":0.000000000.0,"sum":0.000003338},"relative_timestamp_from_wait_end":{"num":1,"min":0.000000000.0,"max":0.000000000.0,"avg":0.000000000.0,"var":0.000000000.0,"sum":0.000000000.0}}}}},"65535:65535:14263933427668549631:3":{"rpc_id":-4182810646041001985,"provider_id":3,"parent_rpc_id":65535,"parent_provider_id":65535,"name":"yk_get","origin":{"sent to ofi+cxi://0x2083d400":{"iforward":{"duration":{"num":1,"min":0.000033855,"max":0.000033855,"avg":0.000033855,"var":0.000000000.0,"sum":0.000033855},"relative_timestamp_from_create":{"num":1,"min":0.000000000.0,"max":0.000000000.0,"avg":0.000000000.0,"var":0.000000000.0,"sum":0.000000000.0}},"forward_cb":{"duration":{"num":1,"min":0.015831470,"max":0.015831470,"avg":0.015831470,"var":0.000000000.0,"sum":0.015831470},"relative_timestamp_from_iforward_start":{"num":1,"min":0.000069141,"max":0.000069141,"avg":0.000069141,"var":0.000000000.0,"sum":0.000069141}},"iforward_wait":{"duration":{"num":1,"min":0.031867266,"max":0.031867266,"avg":0.031867266,"var":0.000000000.0,"sum":0.031867266},"relative_timestamp_from_iforward_end":{"num":1,"min":0.000000000.0,"max":0.000000000.0,"avg":0.000000000.0,"var":0.000000000.0,"sum":0.000000000.0}},"set_input":{"duration":{"num":1,"min":0.000008583,"max":0.000008583,"avg":0.000008583,"var":0.000000000.0,"sum":0.000008583},"relative_timestamp_from_iforward_start":{"num":1,"min":0.000006199,"max":0.000006199,"avg":0.000006199,"var":0.000000000.0,"sum":0.000006199}},"get_output":{"duration":{"num":1,"min":0.000000238,"max":0.000000238,"avg":0.000000238,"var":0.000000000.0,"sum":0.000000238},"relative_timestamp_from_wait_end":{"num":1,"min":0.000000238,"max":0.000000238,"avg":0.000000238,"var":0.000000000.0,"sum":0.000000238}}}}},"65535:65535:6151631875094937599:3":{"rpc_id":6151631875094937599,"provider_id":3,"parent_rpc_id":65535,"parent_provider_id":65535,"name":"yk_doc_iter","origin":{"sent to ofi+cxi://0x2083d400":{"iforward":{"duration":{"num":2,"min":0.000014782,"max":0.000018835,"avg":0.000016809,"var":0.000000000,"sum":0.000033617},"relative_timestamp_from_create":{"num":2,"min":0.000000000.0,"max":0.000000000.0,"avg":0.000000000.0,"var":0.000000000.0,"sum":0.000000000.0}},"forward_cb":{"duration":{"num":2,"min":0.000000238,"max":0.015963793,"avg":0.007982016,"var":0.000127418,"sum":0.015964031},"relative_timestamp_from_iforward_start":{"num":2,"min":0.000032425,"max":0.047973394,"avg":0.024002910,"var":0.001149168,"sum":0.048005819}},"iforward_wait":{"duration":{"num":2,"min":0.031980276,"max":0.063955069,"avg":0.047967672,"var":0.000511194,"sum":0.095935345},"relative_timestamp_from_iforward_end":{"num":2,"min":0.000000238,"max":0.000000477,"avg":0.000000358,"var":0.000000000,"sum":0.000000715}},"set_input":{"duration":{"num":2,"min":0.000000238,"max":0.000002146,"avg":0.000001192,"var":0.000000000,"sum":0.000002384},"relative_timestamp_from_iforward_start":{"num":2,"min":0.000001907,"max":0.000005007,"avg":0.000003457,