{"address":"","progress_loop":{"progress_with_timeout":{"num":20431,"min":0.000002861,"max":0.126257658,"avg":0.103025883,"var":1.283318241,"sum":2104.921816826},"progress_timeout_value_msec":{"num":20431,"min":100.000000000.0,"max":100.000000000.0,"avg":100.000000000.0,"var":0.000000000.0,"sum":2043100.000000000.0},"progress_without_timeout":{"num":168407,"min":0.000000000.0,"max":0.000007153,"avg":0.000000087,"var":0.000000002,"sum":0.014593840},"trigger":{"num":118,"min":0.000000000.0,"max":0.020090818,"avg":0.010372566,"var":0.004289263,"sum":1.223962784}},"rpcs":{"65535:65535:5386877029230641151:0":{"rpc_id":5386877029230641151,"provider_id":0,"parent_rpc_id":65535,"parent_provider_id":65535,"name":"bedrock_query_config","origin":{"sent to ofi+cxi://0x2050fa00":{"iforward":{"duration":{"num":1,"min":0.000135183,"max":0.000135183,"avg":0.000135183,"var":0.000000000.0,"sum":0.000135183},"relative_timestamp_from_create":{"num":1,"min":0.000019073,"max":0.000019073,"avg":0.000019073,"var":0.000000000.0,"sum":0.000019073}},"forward_cb":{"duration":{"num":1,"min":0.012065172,"max":0.012065172,"avg":0.012065172,"var":0.000000000.0,"sum":0.012065172},"relative_timestamp_from_iforward_start":{"num":1,"min":0.000717640,"max":0.000717640,"avg":0.000717640,"var":0.000000000.0,"sum":0.000717640}},"iforward_wait":{"duration":{"num":1,"min":0.028437376,"max":0.028437376,"avg":0.028437376,"var":0.000000000.0,"sum":0.028437376},"relative_timestamp_from_iforward_end":{"num":1,"min":0.000085354,"max":0.000085354,"avg":0.000085354,"var":0.000000000.0,"sum":0.000085354}},"set_input":{"duration":{"num":1,"min":0.000054836,"max":0.000054836,"avg":0.000054836,"var":0.000000000.0,"sum":0.000054836},"relative_timestamp_from_iforward_start":{"num":1,"min":0.000052929,"max":0.000052929,"avg":0.000052929,"var":0.000000000.0,"sum":0.000052929}},"get_output":{"duration":{"num":1,"min":0.000010014,"max":0.000010014,"avg":0.000010014,"var":0.000000000.0,"sum":0.000010014},"relative_timestamp_from_wait_end":{"num":1,"min":0.000024080,"max":0.000024080,"avg":0.000024080,"var":0.000000000.0,"sum":0.000024080}}}}},"65535:65535:7940397281847607295:3":{"rpc_id":7940397281847607295,"provider_id":3,"parent_rpc_id":65535,"parent_provider_id":65535,"name":"__identity__","origin":{"sent to ofi+cxi://0x2050fa00":{"iforward":{"duration":{"num":1,"min":0.000017405,"max":0.000017405,"avg":0.000017405,"var":0.000000000.0,"sum":0.000017405},"relative_timestamp_from_create":{"num":1,"min":0.000000238,"max":0.000000238,"avg":0.000000238,"var":0.000000000.0,"sum":0.000000238}},"forward_cb":{"duration":{"num":1,"min":0.015692711,"max":0.015692711,"avg":0.015692711,"var":0.000000000.0,"sum":0.015692711},"relative_timestamp_from_iforward_start":{"num":1,"min":0.000044107,"max":0.000044107,"avg":0.000044107,"var":0.000000000.0,"sum":0.000044107}},"iforward_wait":{"duration":{"num":1,"min":0.031717300,"max":0.031717300,"avg":0.031717300,"var":0.000000000.0,"sum":0.031717300},"relative_timestamp_from_iforward_end":{"num":1,"min":0.000000238,"max":0.000000238,"avg":0.000000238,"var":0.000000000.0,"sum":0.000000238}},"set_input":{"duration":{"num":0,"min":0.000000000.0,"max":0.000000000.0,"avg":0.000000000.0,"var":0.000000000.0,"sum":0.000000000.0},"relative_timestamp_from_iforward_start":{"num":0,"min":0.000000000.0,"max":0.000000000.0,"avg":0.000000000.0,"var":0.000000000.0,"sum":0.000000000.0}},"get_output":{"duration":{"num":1,"min":0.000014782,"max":0.000014782,"avg":0.000014782,"var":0.000000000.0,"sum":0.000014782},"relative_timestamp_from_wait_end":{"num":1,"min":0.000000238,"max":0.000000238,"avg":0.000000238,"var":0.000000000.0,"sum":0.000000238}}}}},"65535:65535:15281833229347258367:3":{"rpc_id":-3164910844362293249,"provider_id":3,"parent_rpc_id":65535,"parent_provider_id":65535,"name":"yk_length_direct","origin":{"sent to ofi+cxi://0x2050fa00":{"iforward":{"duration":{"num":1,"min":0.000038624,"max":0.000038624,"avg":0.000038624,"var":0.000000000.0,"sum":0.000038624},"relative_timestamp_from_create":{"num":1,"min":0.000000238,"max":0.000000238,"avg":0.000000238,"var":0.000000000.0,"sum":0.000000238}},"forward_cb":{"duration":{"num":1,"min":0.015482426,"max":0.015482426,"avg":0.015482426,"var":0.000000000.0,"sum":0.015482426},"relative_timestamp_from_iforward_start":{"num":1,"min":0.000059366,"max":0.000059366,"avg":0.000059366,"var":0.000000000.0,"sum":0.000059366}},"iforward_wait":{"duration":{"num":1,"min":0.031502962,"max":0.031502962,"avg":0.031502962,"var":0.000000000.0,"sum":0.031502962},"relative_timestamp_from_iforward_end":{"num":1,"min":0.000000238,"max":0.000000238,"avg":0.000000238,"var":0.000000000.0,"sum":0.000000238}},"set_input":{"duration":{"num":1,"min":0.000018835,"max":0.000018835,"avg":0.000018835,"var":0.000000000.0,"sum":0.000018835},"relative_timestamp_from_iforward_start":{"num":1,"min":0.000005484,"max":0.000005484,"avg":0.000005484,"var":0.000000000.0,"sum":0.000005484}},"get_output":{"duration":{"num":1,"min":0.000013828,"max":0.000013828,"avg":0.000013828,"var":0.000000000.0,"sum":0.000013828},"relative_timestamp_from_wait_end":{"num":1,"min":0.000000238,"max":0.000000238,"avg":0.000000238,"var":0.000000000.0,"sum":0.000000238}}}}},"65535:65535:14263933427668549631:3":{"rpc_id":-4182810646041001985,"provider_id":3,"parent_rpc_id":65535,"parent_provider_id":65535,"name":"yk_get","origin":{"sent to ofi+cxi://0x2050fa00":{"iforward":{"duration":{"num":1,"min":0.000048399,"max":0.000048399,"avg":0.000048399,"var":0.000000000.0,"sum":0.000048399},"relative_timestamp_from_create":{"num":1,"min":0.000000000.0,"max":0.000000000.0,"avg":0.000000000.0,"var":0.000000000.0,"sum":0.000000000.0}},"forward_cb":{"duration":{"num":1,"min":0.015792370,"max":0.015792370,"avg":0.015792370,"var":0.000000000.0,"sum":0.015792370},"relative_timestamp_from_iforward_start":{"num":1,"min":0.000092506,"max":0.000092506,"avg":0.000092506,"var":0.000000000.0,"sum":0.000092506}},"iforward_wait":{"duration":{"num":1,"min":0.031838179,"max":0.031838179,"avg":0.031838179,"var":0.000000000.0,"sum":0.031838179},"relative_timestamp_from_iforward_end":{"num":1,"min":0.000000238,"max":0.000000238,"avg":0.000000238,"var":0.000000000.0,"sum":0.000000238}},"set_input":{"duration":{"num":1,"min":0.000023365,"max":0.000023365,"avg":0.000023365,"var":0.000000000.0,"sum":0.000023365},"relative_timestamp_from_iforward_start":{"num":1,"min":0.000004530,"max":0.000004530,"avg":0.000004530,"var":0.000000000.0,"sum":0.000004530}},"get_output":{"duration":{"num":1,"min":0.000000238,"max":0.000000238,"avg":0.000000238,"var":0.000000000.0,"sum":0.000000238},"relative_timestamp_from_wait_end":{"num":1,"min":0.000000238,"max":0.000000238,"avg":0.000000238,"var":0.000000000.0,"sum":0.000000238}}}}},"65535:65535:6151631875094937599:3":{"rpc_id":6151631875094937599,"provider_id":3,"parent_rpc_id":65535,"parent_provider_id":65535,"name":"yk_doc_iter","origin":{"sent to ofi+cxi://0x2050fa00":{"iforward":{"duration":{"num":2,"min":0.000015259,"max":0.000034571,"avg":0.000024915,"var":0.000000000,"sum":0.000049829},"relative_timestamp_from_create":{"num":2,"min":0.000000238,"max":0.000000238,"avg":0.000000238,"var":0.000000000.0,"sum":0.000000477}},"forward_cb":{"duration":{"num":2,"min":0.000000000.0,"max":0.015961170,"avg":0.007980585,"var":0.000127379,"sum":0.015961170},"relative_timestamp_from_iforward_start":{"num":2,"min":0.000034094,"max":0.047913551,"avg":0.023973823,"var":0.001146221,"sum":0.047947645}},"iforward_wait":{"duration":{"num":2,"min":0.031981468,"max":0.063879967,"avg":0.047930717,"var":0.000508757,"sum":0.095861435},"relative_timestamp_from_iforward_end":{"num":2,"min":0.000000238,"max":0.000000477,"avg":0.000000358,"var":0.000000000,"sum":0.000000715}},"set_input":{"duration":{"num":2,"min":0.000000477,"max":0.000010490,"avg":0.000005484,"var":0.000000000,"sum":0.000010967},"relative_timestamp_from_iforward_start":{"num":2,"min":0.000001431,"max":0.000010014,"avg":0.000005722,"var":0.000000000,