{"address":"","progress_loop":{"progress_with_timeout":{"num":7,"min":0.000002623,"max":0.103526354,"avg":0.014877251,"var":0.009168685,"sum":0.104140759},"progress_timeout_value_msec":{"num":7,"min":100.000000000.0,"max":100.000000000.0,"avg":100.000000000.0,"var":0.000000000.0,"sum":700.000000000.0},"progress_without_timeout":{"num":0,"min":0.000000000.0,"max":0.000000000.0,"avg":0.000000000.0,"var":0.000000000.0,"sum":0.000000000.0},"trigger":{"num":4,"min":0.000000000.0,"max":0.000000715,"avg":0.000000358,"var":0.000000000,"sum":0.000001431}},"rpcs":{"65535:65535:5386877029230641151:0":{"rpc_id":5386877029230641151,"provider_id":0,"parent_rpc_id":65535,"parent_provider_id":65535,"name":"bedrock_query_config","origin":{"sent to ofi+cxi://0x20037a00":{"iforward":{"duration":{"num":1,"min":0.000054121,"max":0.000054121,"avg":0.000054121,"var":0.000000000.0,"sum":0.000054121},"relative_timestamp_from_create":{"num":1,"min":0.000003576,"max":0.000003576,"avg":0.000003576,"var":0.000000000.0,"sum":0.000003576}},"forward_cb":{"duration":{"num":1,"min":0.000000477,"max":0.000000477,"avg":0.000000477,"var":0.000000000.0,"sum":0.000000477},"relative_timestamp_from_iforward_start":{"num":1,"min":0.000642776,"max":0.000642776,"avg":0.000642776,"var":0.000000000.0,"sum":0.000642776}},"iforward_wait":{"duration":{"num":1,"min":0.000573635,"max":0.000573635,"avg":0.000573635,"var":0.000000000.0,"sum":0.000573635},"relative_timestamp_from_iforward_end":{"num":1,"min":0.000016451,"max":0.000016451,"avg":0.000016451,"var":0.000000000.0,"sum":0.000016451}},"set_input":{"duration":{"num":1,"min":0.000010252,"max":0.000010252,"avg":0.000010252,"var":0.000000000.0,"sum":0.000010252},"relative_timestamp_from_iforward_start":{"num":1,"min":0.000016451,"max":0.000016451,"avg":0.000016451,"var":0.000000000.0,"sum":0.000016451}},"get_output":{"duration":{"num":1,"min":0.000002861,"max":0.000002861,"avg":0.000002861,"var":0.000000000.0,"sum":0.000002861},"relative_timestamp_from_wait_end":{"num":1,"min":0.000004292,"max":0.000004292,"avg":0.000004292,"var":0.000000000.0,"sum":0.000004292}}}}},"65535:65535:7940397281847607295:3":{"rpc_id":7940397281847607295,"provider_id":3,"parent_rpc_id":65535,"parent_provider_id":65535,"name":"__identity__","origin":{"sent to ofi+cxi://0x20037a00":{"iforward":{"duration":{"num":1,"min":0.000015020,"max":0.000015020,"avg":0.000015020,"var":0.000000000.0,"sum":0.000015020},"relative_timestamp_from_create":{"num":1,"min":0.000000238,"max":0.000000238,"avg":0.000000238,"var":0.000000000.0,"sum":0.000000238}},"forward_cb":{"duration":{"num":1,"min":0.000000238,"max":0.000000238,"avg":0.000000238,"var":0.000000000.0,"sum":0.000000238},"relative_timestamp_from_iforward_start":{"num":1,"min":0.000032187,"max":0.000032187,"avg":0.000032187,"var":0.000000000.0,"sum":0.000032187}},"iforward_wait":{"duration":{"num":1,"min":0.000017643,"max":0.000017643,"avg":0.000017643,"var":0.000000000.0,"sum":0.000017643},"relative_timestamp_from_iforward_end":{"num":1,"min":0.000000238,"max":0.000000238,"avg":0.000000238,"var":0.000000000.0,"sum":0.000000238}},"set_input":{"duration":{"num":0,"min":0.000000000.0,"max":0.000000000.0,"avg":0.000000000.0,"var":0.000000000.0,"sum":0.000000000.0},"relative_timestamp_from_iforward_start":{"num":0,"min":0.000000000.0,"max":0.000000000.0,"avg":0.000000000.0,"var":0.000000000.0,"sum":0.000000000.0}},"get_output":{"duration":{"num":1,"min":0.000002623,"max":0.000002623,"avg":0.000002623,"var":0.000000000.0,"sum":0.000002623},"relative_timestamp_from_wait_end":{"num":1,"min":0.000000238,"max":0.000000238,"avg":0.000000238,"var":0.000000000.0,"sum":0.000000238}}}}},"65535:65535:1170338683618918399:3":{"rpc_id":1170338683618918399,"provider_id":3,"parent_rpc_id":65535,"parent_provider_id":65535,"name":"yk_put_direct","origin":{"sent to ofi+cxi://0x20037a00":{"iforward":{"duration":{"num":1,"min":0.000034332,"max":0.000034332,"avg":0.000034332,"var":0.000000000.0,"sum":0.000034332},"relative_timestamp_from_create":{"num":1,"min":0.000000238,"max":0.000000238,"avg":0.000000238,"var":0.000000000.0,"sum":0.000000238}},"forward_cb":{"duration":{"num":1,"min":0.000000238,"max":0.000000238,"avg":0.000000238,"var":0.000000000.0,"sum":0.000000238},"relative_timestamp_from_iforward_start":{"num":1,"min":0.000056267,"max":0.000056267,"avg":0.000056267,"var":0.000000000.0,"sum":0.000056267}},"iforward_wait":{"duration":{"num":1,"min":0.000022650,"max":0.000022650,"avg":0.000022650,"var":0.000000000.0,"sum":0.000022650},"relative_timestamp_from_iforward_end":{"num":1,"min":0.000000238,"max":0.000000238,"avg":0.000000238,"var":0.000000000.0,"sum":0.000000238}},"set_input":{"duration":{"num":1,"min":0.000005484,"max":0.000005484,"avg":0.000005484,"var":0.000000000.0,"sum":0.000005484},"relative_timestamp_from_iforward_start":{"num":1,"min":0.000006914,"max":0.000006914,"avg":0.000006914,"var":0.000000000.0,"sum":0.000006914}},"get_output":{"duration":{"num":1,"min":0.000000238,"max":0.000000238,"avg":0.000000238,"var":0.000000000.0,"sum":0.000000238},"relative_timestamp_from_wait_end":{"num":1,"min":0.000000238,"max":0.000000238,"avg":0.000000238,"var":0.000000000.0,"sum":0.000000238}}}}},"65535:65535:13614918458553729023:3":{"rpc_id":-4831825615155822593,"provider_id":3,"parent_rpc_id":65535,"parent_provider_id":65535,"name":"yk_coll_create","origin":{"sent to ofi+cxi://0x20037a00":{"iforward":{"duration":{"num":1,"min":0.000015259,"max":0.000015259,"avg":0.000015259,"var":0.000000000.0,"sum":0.000015259},"relative_timestamp_from_create":{"num":1,"min":0.000000000.0,"max":0.000000000.0,"avg":0.000000000.0,"var":0.000000000.0,"sum":0.000000000.0}},"forward_cb":{"duration":{"num":1,"min":0.000000000.0,"max":0.000000000.0,"avg":0.000000000.0,"var":0.000000000.0,"sum":0.000000000.0},"relative_timestamp_from_iforward_start":{"num":1,"min":0.000030518,"max":0.000030518,"avg":0.000030518,"var":0.000000000.0,"sum":0.000030518}},"iforward_wait":{"duration":{"num":1,"min":0.000015497,"max":0.000015497,"avg":0.000015497,"var":0.000000000.0,"sum":0.000015497},"relative_timestamp_from_iforward_end":{"num":1,"min":0.000000238,"max":0.000000238,"avg":0.000000238,"var":0.000000000.0,"sum":0.000000238}},"set_input":{"duration":{"num":1,"min":0.000002146,"max":0.000002146,"avg":0.000002146,"var":0.000000000.0,"sum":0.000002146},"relative_timestamp_from_iforward_start":{"num":1,"min":0.000002623,"max":0.000002623,"avg":0.000002623,"var":0.000000000.0,"sum":0.000002623}},"get_output":{"duration":{"num":1,"min":0.000000238,"max":0.000000238,"avg":0.000000238,"var":0.000000000.0,"sum":0.000000238},"relative_timestamp_from_wait_end":{"num":1,"min":0.000000000.0,"max":0.000000000.0,"avg":0.000000000.0,"var":0.000000000.0,"sum":0.000000000.0}}}}}}}