{"address":"","progress_loop":{"progress_with_timeout":{"num":8780,"min":0.000010729,"max":0.123997211,"avg":0.103077168,"var":0.600535415,"sum":905.017535686},"progress_timeout_value_msec":{"num":8780,"min":100.000000000.0,"max":100.000000000.0,"avg":100.000000000.0,"var":0.000000000.0,"sum":878000.000000000.0},"progress_without_timeout":{"num":120031,"min":0.000000000.0,"max":0.000003815,"avg":0.000000088,"var":0.000000002,"sum":0.010618448},"trigger":{"num":104,"min":0.000000477,"max":0.023545980,"avg":0.014212996,"var":0.000574024,"sum":1.478151560}},"rpcs":{"65535:65535:5386877029230641151:0":{"rpc_id":5386877029230641151,"provider_id":0,"parent_rpc_id":65535,"parent_provider_id":65535,"name":"bedrock_query_config","origin":{"sent to ofi+cxi://0x2072be00":{"iforward":{"duration":{"num":1,"min":0.000158787,"max":0.000158787,"avg":0.000158787,"var":0.000000000.0,"sum":0.000158787},"relative_timestamp_from_create":{"num":1,"min":0.000011921,"max":0.000011921,"avg":0.000011921,"var":0.000000000.0,"sum":0.000011921}},"forward_cb":{"duration":{"num":1,"min":0.019430876,"max":0.019430876,"avg":0.019430876,"var":0.000000000.0,"sum":0.019430876},"relative_timestamp_from_iforward_start":{"num":1,"min":0.000789165,"max":0.000789165,"avg":0.000789165,"var":0.000000000.0,"sum":0.000789165}},"iforward_wait":{"duration":{"num":1,"min":0.035838127,"max":0.035838127,"avg":0.035838127,"var":0.000000000.0,"sum":0.035838127},"relative_timestamp_from_iforward_end":{"num":1,"min":0.000089645,"max":0.000089645,"avg":0.000089645,"var":0.000000000.0,"sum":0.000089645}},"set_input":{"duration":{"num":1,"min":0.000051498,"max":0.000051498,"avg":0.000051498,"var":0.000000000.0,"sum":0.000051498},"relative_timestamp_from_iforward_start":{"num":1,"min":0.000017643,"max":0.000017643,"avg":0.000017643,"var":0.000000000.0,"sum":0.000017643}},"get_output":{"duration":{"num":1,"min":0.000010252,"max":0.000010252,"avg":0.000010252,"var":0.000000000.0,"sum":0.000010252},"relative_timestamp_from_wait_end":{"num":1,"min":0.000025511,"max":0.000025511,"avg":0.000025511,"var":0.000000000.0,"sum":0.000025511}}}}},"65535:65535:7940397281847607295:3":{"rpc_id":7940397281847607295,"provider_id":3,"parent_rpc_id":65535,"parent_provider_id":65535,"name":"__identity__","origin":{"sent to ofi+cxi://0x2072be00":{"iforward":{"duration":{"num":1,"min":0.000020027,"max":0.000020027,"avg":0.000020027,"var":0.000000000.0,"sum":0.000020027},"relative_timestamp_from_create":{"num":1,"min":0.000000238,"max":0.000000238,"avg":0.000000238,"var":0.000000000.0,"sum":0.000000238}},"forward_cb":{"duration":{"num":1,"min":0.015668631,"max":0.015668631,"avg":0.015668631,"var":0.000000000.0,"sum":0.015668631},"relative_timestamp_from_iforward_start":{"num":1,"min":0.000058651,"max":0.000058651,"avg":0.000058651,"var":0.000000000.0,"sum":0.000058651}},"iforward_wait":{"duration":{"num":1,"min":0.031706572,"max":0.031706572,"avg":0.031706572,"var":0.000000000.0,"sum":0.031706572},"relative_timestamp_from_iforward_end":{"num":1,"min":0.000000477,"max":0.000000477,"avg":0.000000477,"var":0.000000000.0,"sum":0.000000477}},"set_input":{"duration":{"num":0,"min":0.000000000.0,"max":0.000000000.0,"avg":0.000000000.0,"var":0.000000000.0,"sum":0.000000000.0},"relative_timestamp_from_iforward_start":{"num":0,"min":0.000000000.0,"max":0.000000000.0,"avg":0.000000000.0,"var":0.000000000.0,"sum":0.000000000.0}},"get_output":{"duration":{"num":1,"min":0.000003576,"max":0.000003576,"avg":0.000003576,"var":0.000000000.0,"sum":0.000003576},"relative_timestamp_from_wait_end":{"num":1,"min":0.000000238,"max":0.000000238,"avg":0.000000238,"var":0.000000000.0,"sum":0.000000238}}}}},"65535:65535:15281833229347258367:3":{"rpc_id":-3164910844362293249,"provider_id":3,"parent_rpc_id":65535,"parent_provider_id":65535,"name":"yk_length_direct","origin":{"sent to ofi+cxi://0x2072be00":{"iforward":{"duration":{"num":1,"min":0.000038624,"max":0.000038624,"avg":0.000038624,"var":0.000000000.0,"sum":0.000038624},"relative_timestamp_from_create":{"num":1,"min":0.000000238,"max":0.000000238,"avg":0.000000238,"var":0.000000000.0,"sum":0.000000238}},"forward_cb":{"duration":{"num":1,"min":0.015249252,"max":0.015249252,"avg":0.015249252,"var":0.000000000.0,"sum":0.015249252},"relative_timestamp_from_iforward_start":{"num":1,"min":0.000160217,"max":0.000160217,"avg":0.000160217,"var":0.000000000.0,"sum":0.000160217}},"iforward_wait":{"duration":{"num":1,"min":0.031370878,"max":0.031370878,"avg":0.031370878,"var":0.000000000.0,"sum":0.031370878},"relative_timestamp_from_iforward_end":{"num":1,"min":0.000000238,"max":0.000000238,"avg":0.000000238,"var":0.000000000.0,"sum":0.000000238}},"set_input":{"duration":{"num":1,"min":0.000018835,"max":0.000018835,"avg":0.000018835,"var":0.000000000.0,"sum":0.000018835},"relative_timestamp_from_iforward_start":{"num":1,"min":0.000005722,"max":0.000005722,"avg":0.000005722,"var":0.000000000.0,"sum":0.000005722}},"get_output":{"duration":{"num":1,"min":0.000013828,"max":0.000013828,"avg":0.000013828,"var":0.000000000.0,"sum":0.000013828},"relative_timestamp_from_wait_end":{"num":1,"min":0.000000238,"max":0.000000238,"avg":0.000000238,"var":0.000000000.0,"sum":0.000000238}}}}},"65535:65535:14263933427668549631:3":{"rpc_id":-4182810646041001985,"provider_id":3,"parent_rpc_id":65535,"parent_provider_id":65535,"name":"yk_get","origin":{"sent to ofi+cxi://0x2072be00":{"iforward":{"duration":{"num":1,"min":0.000045300,"max":0.000045300,"avg":0.000045300,"var":0.000000000.0,"sum":0.000045300},"relative_timestamp_from_create":{"num":1,"min":0.000000238,"max":0.000000238,"avg":0.000000238,"var":0.000000000.0,"sum":0.000000238}},"forward_cb":{"duration":{"num":1,"min":0.015658617,"max":0.015658617,"avg":0.015658617,"var":0.000000000.0,"sum":0.015658617},"relative_timestamp_from_iforward_start":{"num":1,"min":0.000226736,"max":0.000226736,"avg":0.000226736,"var":0.000000000.0,"sum":0.000226736}},"iforward_wait":{"duration":{"num":1,"min":0.031839848,"max":0.031839848,"avg":0.031839848,"var":0.000000000.0,"sum":0.031839848},"relative_timestamp_from_iforward_end":{"num":1,"min":0.000000238,"max":0.000000238,"avg":0.000000238,"var":0.000000000.0,"sum":0.000000238}},"set_input":{"duration":{"num":1,"min":0.000016451,"max":0.000016451,"avg":0.000016451,"var":0.000000000.0,"sum":0.000016451},"relative_timestamp_from_iforward_start":{"num":1,"min":0.000008583,"max":0.000008583,"avg":0.000008583,"var":0.000000000.0,"sum":0.000008583}},"get_output":{"duration":{"num":1,"min":0.000013351,"max":0.000013351,"avg":0.000013351,"var":0.000000000.0,"sum":0.000013351},"relative_timestamp_from_wait_end":{"num":1,"min":0.000000238,"max":0.000000238,"avg":0.000000238,"var":0.000000000.0,"sum":0.000000238}}}}},"65535:65535:6151631875094937599:3":{"rpc_id":6151631875094937599,"provider_id":3,"parent_rpc_id":65535,"parent_provider_id":65535,"name":"yk_doc_iter","origin":{"sent to ofi+cxi://0x2072be00":{"iforward":{"duration":{"num":2,"min":0.000015497,"max":0.000029087,"avg":0.000022292,"var":0.000000000,"sum":0.000044584},"relative_timestamp_from_create":{"num":2,"min":0.000000238,"max":0.000000238,"avg":0.000000238,"var":0.000000000.0,"sum":0.000000477}},"forward_cb":{"duration":{"num":2,"min":0.000000238,"max":0.015941143,"avg":0.007970691,"var":0.000127056,"sum":0.015941381},"relative_timestamp_from_iforward_start":{"num":2,"min":0.000054836,"max":0.047903776,"avg":0.023979306,"var":0.001144761,"sum":0.047958612}},"iforward_wait":{"duration":{"num":2,"min":0.031979799,"max":0.063876152,"avg":0.047927976,"var":0.000508689,"sum":0.095855951},"relative_timestamp_from_iforward_end":{"num":2,"min":0.000000238,"max":0.000000238,"avg":0.000000238,"var":0.000000000.0,"sum":0.000000477}},"set_input":{"duration":{"num":2,"min":0.000000477,"max":0.000010252,"avg":0.000005364,"var":0.000000000,"sum":0.000010729},"relative_timestamp_from_iforward_start":{"num":2,"min":0.000002384,"max":0.000005722,"avg":0.000004053,"var":0.000000000,"sum":0.000008106}},