{"address":"","progress_loop":{"progress_with_timeout":{"num":154,"min":0.000005245,"max":0.109480143,"avg":0.072566221,"var":0.265445837,"sum":11.175198078},"progress_timeout_value_msec":{"num":154,"min":100.000000000.0,"max":100.000000000.0,"avg":100.000000000.0,"var":0.000000000.0,"sum":15400.000000000.0},"progress_without_timeout":{"num":151835,"min":0.000000000.0,"max":0.000018120,"avg":0.000000089,"var":0.000000004,"sum":0.013478279},"trigger":{"num":147,"min":0.000000000.0,"max":0.015986204,"avg":0.000933538,"var":0.001969431,"sum":0.137230158}},"rpcs":{"65535:65535:5386877029230641151:0":{"rpc_id":5386877029230641151,"provider_id":0,"parent_rpc_id":65535,"parent_provider_id":65535,"name":"bedrock_query_config","origin":{"sent to ofi+cxi://0x2072be00":{"iforward":{"duration":{"num":1,"min":0.000056028,"max":0.000056028,"avg":0.000056028,"var":0.000000000.0,"sum":0.000056028},"relative_timestamp_from_create":{"num":1,"min":0.000003815,"max":0.000003815,"avg":0.000003815,"var":0.000000000.0,"sum":0.000003815}},"forward_cb":{"duration":{"num":1,"min":0.014902830,"max":0.014902830,"avg":0.014902830,"var":0.000000000.0,"sum":0.014902830},"relative_timestamp_from_iforward_start":{"num":1,"min":0.000735998,"max":0.000735998,"avg":0.000735998,"var":0.000000000.0,"sum":0.000735998}},"iforward_wait":{"duration":{"num":1,"min":0.031489372,"max":0.031489372,"avg":0.031489372,"var":0.000000000.0,"sum":0.031489372},"relative_timestamp_from_iforward_end":{"num":1,"min":0.000016928,"max":0.000016928,"avg":0.000016928,"var":0.000000000.0,"sum":0.000016928}},"set_input":{"duration":{"num":1,"min":0.000011444,"max":0.000011444,"avg":0.000011444,"var":0.000000000.0,"sum":0.000011444},"relative_timestamp_from_iforward_start":{"num":1,"min":0.000015497,"max":0.000015497,"avg":0.000015497,"var":0.000000000.0,"sum":0.000015497}},"get_output":{"duration":{"num":1,"min":0.000002623,"max":0.000002623,"avg":0.000002623,"var":0.000000000.0,"sum":0.000002623},"relative_timestamp_from_wait_end":{"num":1,"min":0.000005960,"max":0.000005960,"avg":0.000005960,"var":0.000000000.0,"sum":0.000005960}}}}},"65535:65535:7940397281847607295:3":{"rpc_id":7940397281847607295,"provider_id":3,"parent_rpc_id":65535,"parent_provider_id":65535,"name":"__identity__","origin":{"sent to ofi+cxi://0x2072be00":{"iforward":{"duration":{"num":1,"min":0.000016212,"max":0.000016212,"avg":0.000016212,"var":0.000000000.0,"sum":0.000016212},"relative_timestamp_from_create":{"num":1,"min":0.000000238,"max":0.000000238,"avg":0.000000238,"var":0.000000000.0,"sum":0.000000238}},"forward_cb":{"duration":{"num":1,"min":0.015797138,"max":0.015797138,"avg":0.015797138,"var":0.000000000.0,"sum":0.015797138},"relative_timestamp_from_iforward_start":{"num":1,"min":0.000054598,"max":0.000054598,"avg":0.000054598,"var":0.000000000.0,"sum":0.000054598}},"iforward_wait":{"duration":{"num":1,"min":0.031834126,"max":0.031834126,"avg":0.031834126,"var":0.000000000.0,"sum":0.031834126},"relative_timestamp_from_iforward_end":{"num":1,"min":0.000000238,"max":0.000000238,"avg":0.000000238,"var":0.000000000.0,"sum":0.000000238}},"set_input":{"duration":{"num":0,"min":0.000000000.0,"max":0.000000000.0,"avg":0.000000000.0,"var":0.000000000.0,"sum":0.000000000.0},"relative_timestamp_from_iforward_start":{"num":0,"min":0.000000000.0,"max":0.000000000.0,"avg":0.000000000.0,"var":0.000000000.0,"sum":0.000000000.0}},"get_output":{"duration":{"num":1,"min":0.000003815,"max":0.000003815,"avg":0.000003815,"var":0.000000000.0,"sum":0.000003815},"relative_timestamp_from_wait_end":{"num":1,"min":0.000000238,"max":0.000000238,"avg":0.000000238,"var":0.000000000.0,"sum":0.000000238}}}}},"65535:65535:15281833229347258367:3":{"rpc_id":-3164910844362293249,"provider_id":3,"parent_rpc_id":65535,"parent_provider_id":65535,"name":"yk_length_direct","origin":{"sent to ofi+cxi://0x2072be00":{"iforward":{"duration":{"num":1,"min":0.000024319,"max":0.000024319,"avg":0.000024319,"var":0.000000000.0,"sum":0.000024319},"relative_timestamp_from_create":{"num":1,"min":0.000000238,"max":0.000000238,"avg":0.000000238,"var":0.000000000.0,"sum":0.000000238}},"forward_cb":{"duration":{"num":1,"min":0.015483379,"max":0.015483379,"avg":0.015483379,"var":0.000000000.0,"sum":0.015483379},"relative_timestamp_from_iforward_start":{"num":1,"min":0.000068188,"max":0.000068188,"avg":0.000068188,"var":0.000000000.0,"sum":0.000068188}},"iforward_wait":{"duration":{"num":1,"min":0.031526327,"max":0.031526327,"avg":0.031526327,"var":0.000000000.0,"sum":0.031526327},"relative_timestamp_from_iforward_end":{"num":1,"min":0.000000238,"max":0.000000238,"avg":0.000000238,"var":0.000000000.0,"sum":0.000000238}},"set_input":{"duration":{"num":1,"min":0.000003576,"max":0.000003576,"avg":0.000003576,"var":0.000000000.0,"sum":0.000003576},"relative_timestamp_from_iforward_start":{"num":1,"min":0.000005722,"max":0.000005722,"avg":0.000005722,"var":0.000000000.0,"sum":0.000005722}},"get_output":{"duration":{"num":1,"min":0.000002623,"max":0.000002623,"avg":0.000002623,"var":0.000000000.0,"sum":0.000002623},"relative_timestamp_from_wait_end":{"num":1,"min":0.000000238,"max":0.000000238,"avg":0.000000238,"var":0.000000000.0,"sum":0.000000238}}}}},"65535:65535:14263933427668549631:3":{"rpc_id":-4182810646041001985,"provider_id":3,"parent_rpc_id":65535,"parent_provider_id":65535,"name":"yk_get","origin":{"sent to ofi+cxi://0x2072be00":{"iforward":{"duration":{"num":1,"min":0.000030994,"max":0.000030994,"avg":0.000030994,"var":0.000000000.0,"sum":0.000030994},"relative_timestamp_from_create":{"num":1,"min":0.000000238,"max":0.000000238,"avg":0.000000238,"var":0.000000000.0,"sum":0.000000238}},"forward_cb":{"duration":{"num":1,"min":0.015719175,"max":0.015719175,"avg":0.015719175,"var":0.000000000.0,"sum":0.015719175},"relative_timestamp_from_iforward_start":{"num":1,"min":0.000181198,"max":0.000181198,"avg":0.000181198,"var":0.000000000.0,"sum":0.000181198}},"iforward_wait":{"duration":{"num":1,"min":0.031870604,"max":0.031870604,"avg":0.031870604,"var":0.000000000.0,"sum":0.031870604},"relative_timestamp_from_iforward_end":{"num":1,"min":0.000000000.0,"max":0.000000000.0,"avg":0.000000000.0,"var":0.000000000.0,"sum":0.000000000.0}},"set_input":{"duration":{"num":1,"min":0.000005245,"max":0.000005245,"avg":0.000005245,"var":0.000000000.0,"sum":0.000005245},"relative_timestamp_from_iforward_start":{"num":1,"min":0.000006914,"max":0.000006914,"avg":0.000006914,"var":0.000000000.0,"sum":0.000006914}},"get_output":{"duration":{"num":1,"min":0.000002623,"max":0.000002623,"avg":0.000002623,"var":0.000000000.0,"sum":0.000002623},"relative_timestamp_from_wait_end":{"num":1,"min":0.000000238,"max":0.000000238,"avg":0.000000238,"var":0.000000000.0,"sum":0.000000238}}}}},"65535:65535:6151631875094937599:3":{"rpc_id":6151631875094937599,"provider_id":3,"parent_rpc_id":65535,"parent_provider_id":65535,"name":"yk_doc_iter","origin":{"sent to ofi+cxi://0x2072be00":{"iforward":{"duration":{"num":2,"min":0.000015497,"max":0.000019312,"avg":0.000017405,"var":0.000000000,"sum":0.000034809},"relative_timestamp_from_create":{"num":2,"min":0.000000000.0,"max":0.000000238,"avg":0.000000119,"var":0.000000000,"sum":0.000000238}},"forward_cb":{"duration":{"num":2,"min":0.000000000.0,"max":0.015939951,"avg":0.007969975,"var":0.000127041,"sum":0.015939951},"relative_timestamp_from_iforward_start":{"num":2,"min":0.000053406,"max":0.047972202,"avg":0.024012804,"var":0.001148106,"sum":0.048025608}},"iforward_wait":{"duration":{"num":2,"min":0.031979322,"max":0.063953638,"avg":0.047966480,"var":0.000511178,"sum":0.095932961},"relative_timestamp_from_iforward_end":{"num":2,"min":0.000000238,"max":0.000000238,"avg":0.000000238,"var":0.000000000.0,"sum":0.000000477}},"set_input":{"duration":{"num":2,"min":0.000000477,"max":0.000002146,"avg":0.000001311,"var":0.000000000,"sum":0.000002623},"relative_timestamp_from_iforward_start":{"num":2,"min":0.000001907,"max":0.000005007,"avg":0.000003457,"var":0.000000000,