{"address":"","progress_loop":{"progress_with_timeout":{"num":8809,"min":0.000010252,"max":0.108012199,"avg":0.102551227,"var":0.451482286,"sum":903.373762608},"progress_timeout_value_msec":{"num":8809,"min":100.000000000.0,"max":100.000000000.0,"avg":100.000000000.0,"var":0.000000000.0,"sum":880900.000000000.0},"progress_without_timeout":{"num":119129,"min":0.000000000.0,"max":0.000025511,"avg":0.000000089,"var":0.000000002,"sum":0.010554552},"trigger":{"num":57,"min":0.000000238,"max":0.024578094,"avg":0.013138290,"var":0.000592919,"sum":0.748882532}},"rpcs":{"65535:65535:5386877029230641151:0":{"rpc_id":5386877029230641151,"provider_id":0,"parent_rpc_id":65535,"parent_provider_id":65535,"name":"bedrock_query_config","origin":{"sent to ofi+cxi://0x20723600":{"iforward":{"duration":{"num":1,"min":0.000096798,"max":0.000096798,"avg":0.000096798,"var":0.000000000.0,"sum":0.000096798},"relative_timestamp_from_create":{"num":1,"min":0.000012159,"max":0.000012159,"avg":0.000012159,"var":0.000000000.0,"sum":0.000012159}},"forward_cb":{"duration":{"num":1,"min":0.018981218,"max":0.018981218,"avg":0.018981218,"var":0.000000000.0,"sum":0.018981218},"relative_timestamp_from_iforward_start":{"num":1,"min":0.000713825,"max":0.000713825,"avg":0.000713825,"var":0.000000000.0,"sum":0.000713825}},"iforward_wait":{"duration":{"num":1,"min":0.039512873,"max":0.039512873,"avg":0.039512873,"var":0.000000000.0,"sum":0.039512873},"relative_timestamp_from_iforward_end":{"num":1,"min":0.000087738,"max":0.000087738,"avg":0.000087738,"var":0.000000000.0,"sum":0.000087738}},"set_input":{"duration":{"num":1,"min":0.000050783,"max":0.000050783,"avg":0.000050783,"var":0.000000000.0,"sum":0.000050783},"relative_timestamp_from_iforward_start":{"num":1,"min":0.000018120,"max":0.000018120,"avg":0.000018120,"var":0.000000000.0,"sum":0.000018120}},"get_output":{"duration":{"num":1,"min":0.000010490,"max":0.000010490,"avg":0.000010490,"var":0.000000000.0,"sum":0.000010490},"relative_timestamp_from_wait_end":{"num":1,"min":0.000025511,"max":0.000025511,"avg":0.000025511,"var":0.000000000.0,"sum":0.000025511}}}}},"65535:65535:7940397281847607295:3":{"rpc_id":7940397281847607295,"provider_id":3,"parent_rpc_id":65535,"parent_provider_id":65535,"name":"__identity__","origin":{"sent to ofi+cxi://0x20723600":{"iforward":{"duration":{"num":1,"min":0.000018597,"max":0.000018597,"avg":0.000018597,"var":0.000000000.0,"sum":0.000018597},"relative_timestamp_from_create":{"num":1,"min":0.000000238,"max":0.000000238,"avg":0.000000238,"var":0.000000000.0,"sum":0.000000238}},"forward_cb":{"duration":{"num":1,"min":0.015689135,"max":0.015689135,"avg":0.015689135,"var":0.000000000.0,"sum":0.015689135},"relative_timestamp_from_iforward_start":{"num":1,"min":0.000041008,"max":0.000041008,"avg":0.000041008,"var":0.000000000.0,"sum":0.000041008}},"iforward_wait":{"duration":{"num":1,"min":0.031710386,"max":0.031710386,"avg":0.031710386,"var":0.000000000.0,"sum":0.031710386},"relative_timestamp_from_iforward_end":{"num":1,"min":0.000000238,"max":0.000000238,"avg":0.000000238,"var":0.000000000.0,"sum":0.000000238}},"set_input":{"duration":{"num":0,"min":0.000000000.0,"max":0.000000000.0,"avg":0.000000000.0,"var":0.000000000.0,"sum":0.000000000.0},"relative_timestamp_from_iforward_start":{"num":0,"min":0.000000000.0,"max":0.000000000.0,"avg":0.000000000.0,"var":0.000000000.0,"sum":0.000000000.0}},"get_output":{"duration":{"num":1,"min":0.000003815,"max":0.000003815,"avg":0.000003815,"var":0.000000000.0,"sum":0.000003815},"relative_timestamp_from_wait_end":{"num":1,"min":0.000000238,"max":0.000000238,"avg":0.000000238,"var":0.000000000.0,"sum":0.000000238}}}}},"65535:65535:15281833229347258367:3":{"rpc_id":-3164910844362293249,"provider_id":3,"parent_rpc_id":65535,"parent_provider_id":65535,"name":"yk_length_direct","origin":{"sent to ofi+cxi://0x20723600":{"iforward":{"duration":{"num":1,"min":0.000044107,"max":0.000044107,"avg":0.000044107,"var":0.000000000.0,"sum":0.000044107},"relative_timestamp_from_create":{"num":1,"min":0.000000238,"max":0.000000238,"avg":0.000000238,"var":0.000000000.0,"sum":0.000000238}},"forward_cb":{"duration":{"num":1,"min":0.015372753,"max":0.015372753,"avg":0.015372753,"var":0.000000000.0,"sum":0.015372753},"relative_timestamp_from_iforward_start":{"num":1,"min":0.000124693,"max":0.000124693,"avg":0.000124693,"var":0.000000000.0,"sum":0.000124693}},"iforward_wait":{"duration":{"num":1,"min":0.031453133,"max":0.031453133,"avg":0.031453133,"var":0.000000000.0,"sum":0.031453133},"relative_timestamp_from_iforward_end":{"num":1,"min":0.000000238,"max":0.000000238,"avg":0.000000238,"var":0.000000000.0,"sum":0.000000238}},"set_input":{"duration":{"num":1,"min":0.000021696,"max":0.000021696,"avg":0.000021696,"var":0.000000000.0,"sum":0.000021696},"relative_timestamp_from_iforward_start":{"num":1,"min":0.000006199,"max":0.000006199,"avg":0.000006199,"var":0.000000000.0,"sum":0.000006199}},"get_output":{"duration":{"num":1,"min":0.000013828,"max":0.000013828,"avg":0.000013828,"var":0.000000000.0,"sum":0.000013828},"relative_timestamp_from_wait_end":{"num":1,"min":0.000000477,"max":0.000000477,"avg":0.000000477,"var":0.000000000.0,"sum":0.000000477}}}}},"65535:65535:14263933427668549631:3":{"rpc_id":-4182810646041001985,"provider_id":3,"parent_rpc_id":65535,"parent_provider_id":65535,"name":"yk_get","origin":{"sent to ofi+cxi://0x20723600":{"iforward":{"duration":{"num":1,"min":0.000045061,"max":0.000045061,"avg":0.000045061,"var":0.000000000.0,"sum":0.000045061},"relative_timestamp_from_create":{"num":1,"min":0.000000477,"max":0.000000477,"avg":0.000000477,"var":0.000000000.0,"sum":0.000000477}},"forward_cb":{"duration":{"num":1,"min":0.015736580,"max":0.015736580,"avg":0.015736580,"var":0.000000000.0,"sum":0.015736580},"relative_timestamp_from_iforward_start":{"num":1,"min":0.000141859,"max":0.000141859,"avg":0.000141859,"var":0.000000000.0,"sum":0.000141859}},"iforward_wait":{"duration":{"num":1,"min":0.031833649,"max":0.031833649,"avg":0.031833649,"var":0.000000000.0,"sum":0.031833649},"relative_timestamp_from_iforward_end":{"num":1,"min":0.000000238,"max":0.000000238,"avg":0.000000238,"var":0.000000000.0,"sum":0.000000238}},"set_input":{"duration":{"num":1,"min":0.000016212,"max":0.000016212,"avg":0.000016212,"var":0.000000000.0,"sum":0.000016212},"relative_timestamp_from_iforward_start":{"num":1,"min":0.000008821,"max":0.000008821,"avg":0.000008821,"var":0.000000000.0,"sum":0.000008821}},"get_output":{"duration":{"num":1,"min":0.000014544,"max":0.000014544,"avg":0.000014544,"var":0.000000000.0,"sum":0.000014544},"relative_timestamp_from_wait_end":{"num":1,"min":0.000000238,"max":0.000000238,"avg":0.000000238,"var":0.000000000.0,"sum":0.000000238}}}}},"65535:65535:6151631875094937599:3":{"rpc_id":6151631875094937599,"provider_id":3,"parent_rpc_id":65535,"parent_provider_id":65535,"name":"yk_doc_iter","origin":{"sent to ofi+cxi://0x20723600":{"iforward":{"duration":{"num":2,"min":0.000016212,"max":0.000028133,"avg":0.000022173,"var":0.000000000,"sum":0.000044346},"relative_timestamp_from_create":{"num":2,"min":0.000000238,"max":0.000000238,"avg":0.000000238,"var":0.000000000.0,"sum":0.000000477}},"forward_cb":{"duration":{"num":2,"min":0.000000238,"max":0.015962839,"avg":0.007981539,"var":0.000127402,"sum":0.015963078},"relative_timestamp_from_iforward_start":{"num":2,"min":0.000033379,"max":0.047904730,"avg":0.023969054,"var":0.001145833,"sum":0.047938108}},"iforward_wait":{"duration":{"num":2,"min":0.031979322,"max":0.063876867,"avg":0.047928095,"var":0.000508727,"sum":0.095856190},"relative_timestamp_from_iforward_end":{"num":2,"min":0.000000238,"max":0.000000238,"avg":0.000000238,"var":0.000000000.0,"sum":0.000000477}},"set_input":{"duration":{"num":2,"min":0.000000477,"max":0.000010014,"avg":0.000005245,"var":0.000000000,"sum":0.000010490},"relative_timestamp_from_iforward_start":{"num":2,"min":0.000002146,"max":0.000005484,"avg":0.000003815,"var":0.000000000,"sum":0.000007629}},