{"address":"","progress_loop":{"progress_with_timeout":{"num":11,"min":0.000001669,"max":0.098414660,"avg":0.009091291,"var":0.008776926,"sum":0.100004196},"progress_timeout_value_msec":{"num":11,"min":100.000000000.0,"max":100.000000000.0,"avg":100.000000000.0,"var":0.000000000.0,"sum":1100.000000000.0},"progress_without_timeout":{"num":0,"min":0.000000000.0,"max":0.000000000.0,"avg":0.000000000.0,"var":0.000000000.0,"sum":0.000000000.0},"trigger":{"num":5,"min":0.000003338,"max":0.000004292,"avg":0.000003815,"var":0.000000000,"sum":0.000019073}},"rpcs":{"65535:65535:5386877029230641151:0":{"rpc_id":5386877029230641151,"provider_id":0,"parent_rpc_id":65535,"parent_provider_id":65535,"name":"bedrock_query_config","origin":{"sent to ofi+cxi://0x2071fa00":{"iforward":{"duration":{"num":2,"min":0.000021696,"max":0.000078678,"avg":0.000050187,"var":0.000000002,"sum":0.000100374},"relative_timestamp_from_create":{"num":2,"min":0.000001431,"max":0.000007629,"avg":0.000004530,"var":0.000000000,"sum":0.000009060}},"forward_cb":{"duration":{"num":2,"min":0.000000954,"max":0.000001431,"avg":0.000001192,"var":0.000000000,"sum":0.000002384},"relative_timestamp_from_iforward_start":{"num":2,"min":0.000425577,"max":0.000617743,"avg":0.000521660,"var":0.000000018,"sum":0.001043320}},"iforward_wait":{"duration":{"num":2,"min":0.000409365,"max":0.000513792,"avg":0.000461578,"var":0.000000005,"sum":0.000923157},"relative_timestamp_from_iforward_end":{"num":2,"min":0.000000954,"max":0.000031948,"avg":0.000016451,"var":0.000000000,"sum":0.000032902}},"set_input":{"duration":{"num":2,"min":0.000001907,"max":0.000021458,"avg":0.000011683,"var":0.000000000,"sum":0.000023365},"relative_timestamp_from_iforward_start":{"num":2,"min":0.000004292,"max":0.000023842,"avg":0.000014067,"var":0.000000000,"sum":0.000028133}},"get_output":{"duration":{"num":2,"min":0.000001431,"max":0.000005484,"avg":0.000003457,"var":0.000000000,"sum":0.000006914},"relative_timestamp_from_wait_end":{"num":2,"min":0.000001431,"max":0.000008345,"avg":0.000004888,"var":0.000000000,"sum":0.000009775}}}}},"65535:65535:7940397281847607295:3":{"rpc_id":7940397281847607295,"provider_id":3,"parent_rpc_id":65535,"parent_provider_id":65535,"name":"__identity__","origin":{"sent to ofi+cxi://0x2071fa00":{"iforward":{"duration":{"num":1,"min":0.000020027,"max":0.000020027,"avg":0.000020027,"var":0.000000000.0,"sum":0.000020027},"relative_timestamp_from_create":{"num":1,"min":0.000001431,"max":0.000001431,"avg":0.000001431,"var":0.000000000.0,"sum":0.000001431}},"forward_cb":{"duration":{"num":1,"min":0.000000954,"max":0.000000954,"avg":0.000000954,"var":0.000000000.0,"sum":0.000000954},"relative_timestamp_from_iforward_start":{"num":1,"min":0.000040531,"max":0.000040531,"avg":0.000040531,"var":0.000000000.0,"sum":0.000040531}},"iforward_wait":{"duration":{"num":1,"min":0.000025272,"max":0.000025272,"avg":0.000025272,"var":0.000000000.0,"sum":0.000025272},"relative_timestamp_from_iforward_end":{"num":1,"min":0.000000954,"max":0.000000954,"avg":0.000000954,"var":0.000000000.0,"sum":0.000000954}},"set_input":{"duration":{"num":0,"min":0.000000000.0,"max":0.000000000.0,"avg":0.000000000.0,"var":0.000000000.0,"sum":0.000000000.0},"relative_timestamp_from_iforward_start":{"num":0,"min":0.000000000.0,"max":0.000000000.0,"avg":0.000000000.0,"var":0.000000000.0,"sum":0.000000000.0}},"get_output":{"duration":{"num":1,"min":0.000005722,"max":0.000005722,"avg":0.000005722,"var":0.000000000.0,"sum":0.000005722},"relative_timestamp_from_wait_end":{"num":1,"min":0.000001431,"max":0.000001431,"avg":0.000001431,"var":0.000000000.0,"sum":0.000001431}}}}},"65535:65535:13994581936748691455:0":{"rpc_id":-4452162136960860161,"provider_id":0,"parent_rpc_id":65535,"parent_provider_id":65535,"name":"bedrock_start_provider","origin":{"sent to ofi+cxi://0x2071fa00":{"iforward":{"duration":{"num":1,"min":0.000033379,"max":0.000033379,"avg":0.000033379,"var":0.000000000.0,"sum":0.000033379},"relative_timestamp_from_create":{"num":1,"min":0.000001192,"max":0.000001192,"avg":0.000001192,"var":0.000000000.0,"sum":0.000001192}},"forward_cb":{"duration":{"num":1,"min":0.000001431,"max":0.000001431,"avg":0.000001431,"var":0.000000000.0,"sum":0.000001431},"relative_timestamp_from_iforward_start":{"num":1,"min":0.000523329,"max":0.000523329,"avg":0.000523329,"var":0.000000000.0,"sum":0.000523329}},"iforward_wait":{"duration":{"num":1,"min":0.000494242,"max":0.000494242,"avg":0.000494242,"var":0.000000000.0,"sum":0.000494242},"relative_timestamp_from_iforward_end":{"num":1,"min":0.000001431,"max":0.000001431,"avg":0.000001431,"var":0.000000000.0,"sum":0.000001431}},"set_input":{"duration":{"num":1,"min":0.000001431,"max":0.000001431,"avg":0.000001431,"var":0.000000000.0,"sum":0.000001431},"relative_timestamp_from_iforward_start":{"num":1,"min":0.000011683,"max":0.000011683,"avg":0.000011683,"var":0.000000000.0,"sum":0.000011683}},"get_output":{"duration":{"num":1,"min":0.000001431,"max":0.000001431,"avg":0.000001431,"var":0.000000000.0,"sum":0.000001431},"relative_timestamp_from_wait_end":{"num":1,"min":0.000001431,"max":0.000001431,"avg":0.000001431,"var":0.000000000.0,"sum":0.000001431}}}}},"65535:65535:16409450654956847103:3":{"rpc_id":-2037293418752704513,"provider_id":3,"parent_rpc_id":65535,"parent_provider_id":65535,"name":"yk_doc_store","origin":{"sent to ofi+cxi://0x2071fa00":{"iforward":{"duration":{"num":1,"min":0.000035524,"max":0.000035524,"avg":0.000035524,"var":0.000000000.0,"sum":0.000035524},"relative_timestamp_from_create":{"num":1,"min":0.000001669,"max":0.000001669,"avg":0.000001669,"var":0.000000000.0,"sum":0.000001669}},"forward_cb":{"duration":{"num":1,"min":0.000001431,"max":0.000001431,"avg":0.000001431,"var":0.000000000.0,"sum":0.000001431},"relative_timestamp_from_iforward_start":{"num":1,"min":0.000264168,"max":0.000264168,"avg":0.000264168,"var":0.000000000.0,"sum":0.000264168}},"iforward_wait":{"duration":{"num":1,"min":0.000233412,"max":0.000233412,"avg":0.000233412,"var":0.000000000.0,"sum":0.000233412},"relative_timestamp_from_iforward_end":{"num":1,"min":0.000001431,"max":0.000001431,"avg":0.000001431,"var":0.000000000.0,"sum":0.000001431}},"set_input":{"duration":{"num":1,"min":0.000009537,"max":0.000009537,"avg":0.000009537,"var":0.000000000.0,"sum":0.000009537},"relative_timestamp_from_iforward_start":{"num":1,"min":0.000006199,"max":0.000006199,"avg":0.000006199,"var":0.000000000.0,"sum":0.000006199}},"get_output":{"duration":{"num":1,"min":0.000008821,"max":0.000008821,"avg":0.000008821,"var":0.000000000.0,"sum":0.000008821},"relative_timestamp_from_wait_end":{"num":1,"min":0.000000954,"max":0.000000954,"avg":0.000000954,"var":0.000000000.0,"sum":0.000000954}}}}},"65535:65535:65535:65535":{"rpc_id":65535,"provider_id":65535,"parent_rpc_id":65535,"parent_provider_id":65535,"name":"","target":{"received from <unknown>":{"bulk":{"create":{"duration":{"num":1,"min":0.000042677,"max":0.000042677,"avg":0.000042677,"var":0.000000000.0,"sum":0.000042677},"size":{"num":1,"min":104.000000000.0,"max":104.000000000.0,"avg":104.000000000.0,"var":0.000000000.0,"sum":104.000000000.0}}}}}}}}