{"address":"","progress_loop":{"progress_with_timeout":{"num":11,"min":0.000001907,"max":0.096380711,"avg":0.008857554,"var":0.008426627,"sum":0.097433090},"progress_timeout_value_msec":{"num":11,"min":100.000000000.0,"max":100.000000000.0,"avg":100.000000000.0,"var":0.000000000.0,"sum":1100.000000000.0},"progress_without_timeout":{"num":0,"min":0.000000000.0,"max":0.000000000.0,"avg":0.000000000.0,"var":0.000000000.0,"sum":0.000000000.0},"trigger":{"num":5,"min":0.000003338,"max":0.000004768,"avg":0.000003958,"var":0.000000000,"sum":0.000019789}},"rpcs":{"65535:65535:5386877029230641151:0":{"rpc_id":5386877029230641151,"provider_id":0,"parent_rpc_id":65535,"parent_provider_id":65535,"name":"bedrock_query_config","origin":{"sent to ofi+cxi://0x2071fa00":{"iforward":{"duration":{"num":2,"min":0.000018597,"max":0.000074387,"avg":0.000046492,"var":0.000000002,"sum":0.000092983},"relative_timestamp_from_create":{"num":2,"min":0.000001431,"max":0.000007391,"avg":0.000004411,"var":0.000000000,"sum":0.000008821}},"forward_cb":{"duration":{"num":2,"min":0.000001431,"max":0.000001431,"avg":0.000001431,"var":0.000000000.0,"sum":0.000002861},"relative_timestamp_from_iforward_start":{"num":2,"min":0.000422716,"max":0.000637531,"avg":0.000530124,"var":0.000000023,"sum":0.001060247}},"iforward_wait":{"duration":{"num":2,"min":0.000409365,"max":0.000538111,"avg":0.000473738,"var":0.000000008,"sum":0.000947475},"relative_timestamp_from_iforward_end":{"num":2,"min":0.000000954,"max":0.000031710,"avg":0.000016332,"var":0.000000000,"sum":0.000032663}},"set_input":{"duration":{"num":2,"min":0.000001669,"max":0.000020504,"avg":0.000011086,"var":0.000000000,"sum":0.000022173},"relative_timestamp_from_iforward_start":{"num":2,"min":0.000003338,"max":0.000025511,"avg":0.000014424,"var":0.000000000,"sum":0.000028849}},"get_output":{"duration":{"num":2,"min":0.000001907,"max":0.000005245,"avg":0.000003576,"var":0.000000000,"sum":0.000007153},"relative_timestamp_from_wait_end":{"num":2,"min":0.000001431,"max":0.000008106,"avg":0.000004768,"var":0.000000000,"sum":0.000009537}}}}},"65535:65535:7940397281847607295:3":{"rpc_id":7940397281847607295,"provider_id":3,"parent_rpc_id":65535,"parent_provider_id":65535,"name":"__identity__","origin":{"sent to ofi+cxi://0x2071fa00":{"iforward":{"duration":{"num":1,"min":0.000021219,"max":0.000021219,"avg":0.000021219,"var":0.000000000.0,"sum":0.000021219},"relative_timestamp_from_create":{"num":1,"min":0.000001431,"max":0.000001431,"avg":0.000001431,"var":0.000000000.0,"sum":0.000001431}},"forward_cb":{"duration":{"num":1,"min":0.000001431,"max":0.000001431,"avg":0.000001431,"var":0.000000000.0,"sum":0.000001431},"relative_timestamp_from_iforward_start":{"num":1,"min":0.000042200,"max":0.000042200,"avg":0.000042200,"var":0.000000000.0,"sum":0.000042200}},"iforward_wait":{"duration":{"num":1,"min":0.000025749,"max":0.000025749,"avg":0.000025749,"var":0.000000000.0,"sum":0.000025749},"relative_timestamp_from_iforward_end":{"num":1,"min":0.000001192,"max":0.000001192,"avg":0.000001192,"var":0.000000000.0,"sum":0.000001192}},"set_input":{"duration":{"num":0,"min":0.000000000.0,"max":0.000000000.0,"avg":0.000000000.0,"var":0.000000000.0,"sum":0.000000000.0},"relative_timestamp_from_iforward_start":{"num":0,"min":0.000000000.0,"max":0.000000000.0,"avg":0.000000000.0,"var":0.000000000.0,"sum":0.000000000.0}},"get_output":{"duration":{"num":1,"min":0.000005484,"max":0.000005484,"avg":0.000005484,"var":0.000000000.0,"sum":0.000005484},"relative_timestamp_from_wait_end":{"num":1,"min":0.000001192,"max":0.000001192,"avg":0.000001192,"var":0.000000000.0,"sum":0.000001192}}}}},"65535:65535:13994581936748691455:0":{"rpc_id":-4452162136960860161,"provider_id":0,"parent_rpc_id":65535,"parent_provider_id":65535,"name":"bedrock_start_provider","origin":{"sent to ofi+cxi://0x2071fa00":{"iforward":{"duration":{"num":1,"min":0.000029564,"max":0.000029564,"avg":0.000029564,"var":0.000000000.0,"sum":0.000029564},"relative_timestamp_from_create":{"num":1,"min":0.000001431,"max":0.000001431,"avg":0.000001431,"var":0.000000000.0,"sum":0.000001431}},"forward_cb":{"duration":{"num":1,"min":0.000001192,"max":0.000001192,"avg":0.000001192,"var":0.000000000.0,"sum":0.000001192},"relative_timestamp_from_iforward_start":{"num":1,"min":0.000127554,"max":0.000127554,"avg":0.000127554,"var":0.000000000.0,"sum":0.000127554}},"iforward_wait":{"duration":{"num":1,"min":0.000102758,"max":0.000102758,"avg":0.000102758,"var":0.000000000.0,"sum":0.000102758},"relative_timestamp_from_iforward_end":{"num":1,"min":0.000000954,"max":0.000000954,"avg":0.000000954,"var":0.000000000.0,"sum":0.000000954}},"set_input":{"duration":{"num":1,"min":0.000001431,"max":0.000001431,"avg":0.000001431,"var":0.000000000.0,"sum":0.000001431},"relative_timestamp_from_iforward_start":{"num":1,"min":0.000007391,"max":0.000007391,"avg":0.000007391,"var":0.000000000.0,"sum":0.000007391}},"get_output":{"duration":{"num":1,"min":0.000001907,"max":0.000001907,"avg":0.000001907,"var":0.000000000.0,"sum":0.000001907},"relative_timestamp_from_wait_end":{"num":1,"min":0.000001431,"max":0.000001431,"avg":0.000001431,"var":0.000000000.0,"sum":0.000001431}}}}},"65535:65535:16409450654956847103:3":{"rpc_id":-2037293418752704513,"provider_id":3,"parent_rpc_id":65535,"parent_provider_id":65535,"name":"yk_doc_store","origin":{"sent to ofi+cxi://0x2071fa00":{"iforward":{"duration":{"num":1,"min":0.000035763,"max":0.000035763,"avg":0.000035763,"var":0.000000000.0,"sum":0.000035763},"relative_timestamp_from_create":{"num":1,"min":0.000001431,"max":0.000001431,"avg":0.000001431,"var":0.000000000.0,"sum":0.000001431}},"forward_cb":{"duration":{"num":1,"min":0.000001431,"max":0.000001431,"avg":0.000001431,"var":0.000000000.0,"sum":0.000001431},"relative_timestamp_from_iforward_start":{"num":1,"min":0.000096083,"max":0.000096083,"avg":0.000096083,"var":0.000000000.0,"sum":0.000096083}},"iforward_wait":{"duration":{"num":1,"min":0.000066042,"max":0.000066042,"avg":0.000066042,"var":0.000000000.0,"sum":0.000066042},"relative_timestamp_from_iforward_end":{"num":1,"min":0.000001431,"max":0.000001431,"avg":0.000001431,"var":0.000000000.0,"sum":0.000001431}},"set_input":{"duration":{"num":1,"min":0.000009060,"max":0.000009060,"avg":0.000009060,"var":0.000000000.0,"sum":0.000009060},"relative_timestamp_from_iforward_start":{"num":1,"min":0.000006437,"max":0.000006437,"avg":0.000006437,"var":0.000000000.0,"sum":0.000006437}},"get_output":{"duration":{"num":1,"min":0.000008583,"max":0.000008583,"avg":0.000008583,"var":0.000000000.0,"sum":0.000008583},"relative_timestamp_from_wait_end":{"num":1,"min":0.000000954,"max":0.000000954,"avg":0.000000954,"var":0.000000000.0,"sum":0.000000954}}}}},"65535:65535:65535:65535":{"rpc_id":65535,"provider_id":65535,"parent_rpc_id":65535,"parent_provider_id":65535,"name":"","target":{"received from <unknown>":{"bulk":{"create":{"duration":{"num":1,"min":0.000045300,"max":0.000045300,"avg":0.000045300,"var":0.000000000.0,"sum":0.000045300},"size":{"num":1,"min":104.000000000.0,"max":104.000000000.0,"avg":104.000000000.0,"var":0.000000000.0,"sum":104.000000000.0}}}}}}}}