{"address":"","progress_loop":{"progress_with_timeout":{"num":9134,"min":0.000010014,"max":0.119988680,"avg":0.099064456,"var":0.628591228,"sum":904.854738712},"progress_timeout_value_msec":{"num":9134,"min":100.000000000.0,"max":100.000000000.0,"avg":100.000000000.0,"var":0.000000000.0,"sum":913400.000000000.0},"progress_without_timeout":{"num":5460,"min":0.000000477,"max":0.000052214,"avg":0.000001232,"var":0.000000003,"sum":0.006727695},"trigger":{"num":104,"min":0.000004530,"max":0.026079893,"avg":0.014068975,"var":0.000583051,"sum":1.463173389}},"rpcs":{"65535:65535:5386877029230641151:0":{"rpc_id":5386877029230641151,"provider_id":0,"parent_rpc_id":65535,"parent_provider_id":65535,"name":"bedrock_query_config","origin":{"sent to ofi+cxi://0x20735c00":{"iforward":{"duration":{"num":1,"min":0.000134706,"max":0.000134706,"avg":0.000134706,"var":0.000000000.0,"sum":0.000134706},"relative_timestamp_from_create":{"num":1,"min":0.000019073,"max":0.000019073,"avg":0.000019073,"var":0.000000000.0,"sum":0.000019073}},"forward_cb":{"duration":{"num":1,"min":0.016493559,"max":0.016493559,"avg":0.016493559,"var":0.000000000.0,"sum":0.016493559},"relative_timestamp_from_iforward_start":{"num":1,"min":0.000743151,"max":0.000743151,"avg":0.000743151,"var":0.000000000.0,"sum":0.000743151}},"iforward_wait":{"duration":{"num":1,"min":0.032908678,"max":0.032908678,"avg":0.032908678,"var":0.000000000.0,"sum":0.032908678},"relative_timestamp_from_iforward_end":{"num":1,"min":0.000122547,"max":0.000122547,"avg":0.000122547,"var":0.000000000.0,"sum":0.000122547}},"set_input":{"duration":{"num":1,"min":0.000074148,"max":0.000074148,"avg":0.000074148,"var":0.000000000.0,"sum":0.000074148},"relative_timestamp_from_iforward_start":{"num":1,"min":0.000029087,"max":0.000029087,"avg":0.000029087,"var":0.000000000.0,"sum":0.000029087}},"get_output":{"duration":{"num":1,"min":0.000015736,"max":0.000015736,"avg":0.000015736,"var":0.000000000.0,"sum":0.000015736},"relative_timestamp_from_wait_end":{"num":1,"min":0.000036478,"max":0.000036478,"avg":0.000036478,"var":0.000000000.0,"sum":0.000036478}}}}},"65535:65535:7940397281847607295:3":{"rpc_id":7940397281847607295,"provider_id":3,"parent_rpc_id":65535,"parent_provider_id":65535,"name":"__identity__","origin":{"sent to ofi+cxi://0x20735c00":{"iforward":{"duration":{"num":1,"min":0.000026226,"max":0.000026226,"avg":0.000026226,"var":0.000000000.0,"sum":0.000026226},"relative_timestamp_from_create":{"num":1,"min":0.000001431,"max":0.000001431,"avg":0.000001431,"var":0.000000000.0,"sum":0.000001431}},"forward_cb":{"duration":{"num":1,"min":0.015476465,"max":0.015476465,"avg":0.015476465,"var":0.000000000.0,"sum":0.015476465},"relative_timestamp_from_iforward_start":{"num":1,"min":0.000052452,"max":0.000052452,"avg":0.000052452,"var":0.000000000.0,"sum":0.000052452}},"iforward_wait":{"duration":{"num":1,"min":0.031502247,"max":0.031502247,"avg":0.031502247,"var":0.000000000.0,"sum":0.031502247},"relative_timestamp_from_iforward_end":{"num":1,"min":0.000001431,"max":0.000001431,"avg":0.000001431,"var":0.000000000.0,"sum":0.000001431}},"set_input":{"duration":{"num":0,"min":0.000000000.0,"max":0.000000000.0,"avg":0.000000000.0,"var":0.000000000.0,"sum":0.000000000.0},"relative_timestamp_from_iforward_start":{"num":0,"min":0.000000000.0,"max":0.000000000.0,"avg":0.000000000.0,"var":0.000000000.0,"sum":0.000000000.0}},"get_output":{"duration":{"num":1,"min":0.000006914,"max":0.000006914,"avg":0.000006914,"var":0.000000000.0,"sum":0.000006914},"relative_timestamp_from_wait_end":{"num":1,"min":0.000001431,"max":0.000001431,"avg":0.000001431,"var":0.000000000.0,"sum":0.000001431}}}}},"65535:65535:15281833229347258367:3":{"rpc_id":-3164910844362293249,"provider_id":3,"parent_rpc_id":65535,"parent_provider_id":65535,"name":"yk_length_direct","origin":{"sent to ofi+cxi://0x20735c00":{"iforward":{"duration":{"num":1,"min":0.000053883,"max":0.000053883,"avg":0.000053883,"var":0.000000000.0,"sum":0.000053883},"relative_timestamp_from_create":{"num":1,"min":0.000001431,"max":0.000001431,"avg":0.000001431,"var":0.000000000.0,"sum":0.000001431}},"forward_cb":{"duration":{"num":1,"min":0.014883757,"max":0.014883757,"avg":0.014883757,"var":0.000000000.0,"sum":0.014883757},"relative_timestamp_from_iforward_start":{"num":1,"min":0.000154018,"max":0.000154018,"avg":0.000154018,"var":0.000000000.0,"sum":0.000154018}},"iforward_wait":{"duration":{"num":1,"min":0.030987024,"max":0.030987024,"avg":0.030987024,"var":0.000000000.0,"sum":0.030987024},"relative_timestamp_from_iforward_end":{"num":1,"min":0.000000954,"max":0.000000954,"avg":0.000000954,"var":0.000000000.0,"sum":0.000000954}},"set_input":{"duration":{"num":1,"min":0.000027657,"max":0.000027657,"avg":0.000027657,"var":0.000000000.0,"sum":0.000027657},"relative_timestamp_from_iforward_start":{"num":1,"min":0.000009060,"max":0.000009060,"avg":0.000009060,"var":0.000000000.0,"sum":0.000009060}},"get_output":{"duration":{"num":1,"min":0.000018835,"max":0.000018835,"avg":0.000018835,"var":0.000000000.0,"sum":0.000018835},"relative_timestamp_from_wait_end":{"num":1,"min":0.000001431,"max":0.000001431,"avg":0.000001431,"var":0.000000000.0,"sum":0.000001431}}}}},"65535:65535:14263933427668549631:3":{"rpc_id":-4182810646041001985,"provider_id":3,"parent_rpc_id":65535,"parent_provider_id":65535,"name":"yk_get","origin":{"sent to ofi+cxi://0x20735c00":{"iforward":{"duration":{"num":1,"min":0.000053167,"max":0.000053167,"avg":0.000053167,"var":0.000000000.0,"sum":0.000053167},"relative_timestamp_from_create":{"num":1,"min":0.000001431,"max":0.000001431,"avg":0.000001431,"var":0.000000000.0,"sum":0.000001431}},"forward_cb":{"duration":{"num":1,"min":0.015691757,"max":0.015691757,"avg":0.015691757,"var":0.000000000.0,"sum":0.015691757},"relative_timestamp_from_iforward_start":{"num":1,"min":0.000162601,"max":0.000162601,"avg":0.000162601,"var":0.000000000.0,"sum":0.000162601}},"iforward_wait":{"duration":{"num":1,"min":0.031802177,"max":0.031802177,"avg":0.031802177,"var":0.000000000.0,"sum":0.031802177},"relative_timestamp_from_iforward_end":{"num":1,"min":0.000001192,"max":0.000001192,"avg":0.000001192,"var":0.000000000.0,"sum":0.000001192}},"set_input":{"duration":{"num":1,"min":0.000023127,"max":0.000023127,"avg":0.000023127,"var":0.000000000.0,"sum":0.000023127},"relative_timestamp_from_iforward_start":{"num":1,"min":0.000008345,"max":0.000008345,"avg":0.000008345,"var":0.000000000.0,"sum":0.000008345}},"get_output":{"duration":{"num":1,"min":0.000020027,"max":0.000020027,"avg":0.000020027,"var":0.000000000.0,"sum":0.000020027},"relative_timestamp_from_wait_end":{"num":1,"min":0.000000954,"max":0.000000954,"avg":0.000000954,"var":0.000000000.0,"sum":0.000000954}}}}},"65535:65535:6151631875094937599:3":{"rpc_id":6151631875094937599,"provider_id":3,"parent_rpc_id":65535,"parent_provider_id":65535,"name":"yk_doc_iter","origin":{"sent to ofi+cxi://0x20735c00":{"iforward":{"duration":{"num":2,"min":0.000018597,"max":0.000044346,"avg":0.000031471,"var":0.000000000,"sum":0.000062943},"relative_timestamp_from_create":{"num":2,"min":0.000000954,"max":0.000001431,"avg":0.000001192,"var":0.000000000,"sum":0.000002384}},"forward_cb":{"duration":{"num":2,"min":0.000001907,"max":0.015930176,"avg":0.007966042,"var":0.000126855,"sum":0.015932083},"relative_timestamp_from_iforward_start":{"num":2,"min":0.000046968,"max":0.047871590,"avg":0.023959279,"var":0.001143597,"sum":0.047918558}},"iforward_wait":{"duration":{"num":2,"min":0.031958342,"max":0.063823223,"avg":0.047890782,"var":0.000507685,"sum":0.095781565},"relative_timestamp_from_iforward_end":{"num":2,"min":0.000000954,"max":0.000001907,"avg":0.000001431,"var":0.000000000,"sum":0.000002861}},"set_input":{"duration":{"num":2,"min":0.000001431,"max":0.000015259,"avg":0.000008345,"var":0.000000000,"sum":0.000016689},"relative_timestamp_from_iforward_start":{"num":2,"min":0.000004053,"max":0.000012398,"avg":0.000008225,"var":0.000000000,"sum":0.000016451}},