{"address":"","progress_loop":{"progress_with_timeout":{"num":8698,"min":0.000009537,"max":0.114199877,"avg":0.103727420,"var":0.141550210,"sum":902.221102476},"progress_timeout_value_msec":{"num":8698,"min":100.000000000.0,"max":100.000000000.0,"avg":100.000000000.0,"var":0.000000000.0,"sum":869800.000000000.0},"progress_without_timeout":{"num":146458,"min":0.000000000.0,"max":0.000050306,"avg":0.000000090,"var":0.000000005,"sum":0.013228178},"trigger":{"num":22,"min":0.000000477,"max":0.021653175,"avg":0.013280543,"var":0.000664466,"sum":0.292171955}},"rpcs":{"65535:65535:5386877029230641151:0":{"rpc_id":5386877029230641151,"provider_id":0,"parent_rpc_id":65535,"parent_provider_id":65535,"name":"bedrock_query_config","origin":{"sent to ofi+cxi://0x2000d400":{"iforward":{"duration":{"num":1,"min":0.000056028,"max":0.000056028,"avg":0.000056028,"var":0.000000000.0,"sum":0.000056028},"relative_timestamp_from_create":{"num":1,"min":0.000004292,"max":0.000004292,"avg":0.000004292,"var":0.000000000.0,"sum":0.000004292}},"forward_cb":{"duration":{"num":1,"min":0.021652699,"max":0.021652699,"avg":0.021652699,"var":0.000000000.0,"sum":0.021652699},"relative_timestamp_from_iforward_start":{"num":1,"min":0.000603914,"max":0.000603914,"avg":0.000603914,"var":0.000000000.0,"sum":0.000603914}},"iforward_wait":{"duration":{"num":1,"min":0.038183451,"max":0.038183451,"avg":0.038183451,"var":0.000000000.0,"sum":0.038183451},"relative_timestamp_from_iforward_end":{"num":1,"min":0.000017405,"max":0.000017405,"avg":0.000017405,"var":0.000000000.0,"sum":0.000017405}},"set_input":{"duration":{"num":1,"min":0.000010729,"max":0.000010729,"avg":0.000010729,"var":0.000000000.0,"sum":0.000010729},"relative_timestamp_from_iforward_start":{"num":1,"min":0.000015497,"max":0.000015497,"avg":0.000015497,"var":0.000000000.0,"sum":0.000015497}},"get_output":{"duration":{"num":1,"min":0.000002861,"max":0.000002861,"avg":0.000002861,"var":0.000000000.0,"sum":0.000002861},"relative_timestamp_from_wait_end":{"num":1,"min":0.000005245,"max":0.000005245,"avg":0.000005245,"var":0.000000000.0,"sum":0.000005245}}}}},"65535:65535:7940397281847607295:3":{"rpc_id":7940397281847607295,"provider_id":3,"parent_rpc_id":65535,"parent_provider_id":65535,"name":"__identity__","origin":{"sent to ofi+cxi://0x2000d400":{"iforward":{"duration":{"num":1,"min":0.000015974,"max":0.000015974,"avg":0.000015974,"var":0.000000000.0,"sum":0.000015974},"relative_timestamp_from_create":{"num":1,"min":0.000000238,"max":0.000000238,"avg":0.000000238,"var":0.000000000.0,"sum":0.000000238}},"forward_cb":{"duration":{"num":1,"min":0.000002146,"max":0.000002146,"avg":0.000002146,"var":0.000000000.0,"sum":0.000002146},"relative_timestamp_from_iforward_start":{"num":1,"min":0.000037670,"max":0.000037670,"avg":0.000037670,"var":0.000000000.0,"sum":0.000037670}},"iforward_wait":{"duration":{"num":1,"min":0.007884741,"max":0.007884741,"avg":0.007884741,"var":0.000000000.0,"sum":0.007884741},"relative_timestamp_from_iforward_end":{"num":1,"min":0.000000000.0,"max":0.000000000.0,"avg":0.000000000.0,"var":0.000000000.0,"sum":0.000000000.0}},"set_input":{"duration":{"num":0,"min":0.000000000.0,"max":0.000000000.0,"avg":0.000000000.0,"var":0.000000000.0,"sum":0.000000000.0},"relative_timestamp_from_iforward_start":{"num":0,"min":0.000000000.0,"max":0.000000000.0,"avg":0.000000000.0,"var":0.000000000.0,"sum":0.000000000.0}},"get_output":{"duration":{"num":1,"min":0.000003338,"max":0.000003338,"avg":0.000003338,"var":0.000000000.0,"sum":0.000003338},"relative_timestamp_from_wait_end":{"num":1,"min":0.000000000.0,"max":0.000000000.0,"avg":0.000000000.0,"var":0.000000000.0,"sum":0.000000000.0}}}}},"65535:65535:15281833229347258367:3":{"rpc_id":-3164910844362293249,"provider_id":3,"parent_rpc_id":65535,"parent_provider_id":65535,"name":"yk_length_direct","origin":{"sent to ofi+cxi://0x2000d400":{"iforward":{"duration":{"num":1,"min":0.000023365,"max":0.000023365,"avg":0.000023365,"var":0.000000000.0,"sum":0.000023365},"relative_timestamp_from_create":{"num":1,"min":0.000000238,"max":0.000000238,"avg":0.000000238,"var":0.000000000.0,"sum":0.000000238}},"forward_cb":{"duration":{"num":1,"min":0.015881300,"max":0.015881300,"avg":0.015881300,"var":0.000000000.0,"sum":0.015881300},"relative_timestamp_from_iforward_start":{"num":1,"min":0.000045300,"max":0.000045300,"avg":0.000045300,"var":0.000000000.0,"sum":0.000045300}},"iforward_wait":{"duration":{"num":1,"min":0.031904459,"max":0.031904459,"avg":0.031904459,"var":0.000000000.0,"sum":0.031904459},"relative_timestamp_from_iforward_end":{"num":1,"min":0.000000000.0,"max":0.000000000.0,"avg":0.000000000.0,"var":0.000000000.0,"sum":0.000000000.0}},"set_input":{"duration":{"num":1,"min":0.000004053,"max":0.000004053,"avg":0.000004053,"var":0.000000000.0,"sum":0.000004053},"relative_timestamp_from_iforward_start":{"num":1,"min":0.000006437,"max":0.000006437,"avg":0.000006437,"var":0.000000000.0,"sum":0.000006437}},"get_output":{"duration":{"num":1,"min":0.000003338,"max":0.000003338,"avg":0.000003338,"var":0.000000000.0,"sum":0.000003338},"relative_timestamp_from_wait_end":{"num":1,"min":0.000000238,"max":0.000000238,"avg":0.000000238,"var":0.000000000.0,"sum":0.000000238}}}}},"65535:65535:14263933427668549631:3":{"rpc_id":-4182810646041001985,"provider_id":3,"parent_rpc_id":65535,"parent_provider_id":65535,"name":"yk_get","origin":{"sent to ofi+cxi://0x2000d400":{"iforward":{"duration":{"num":1,"min":0.000029087,"max":0.000029087,"avg":0.000029087,"var":0.000000000.0,"sum":0.000029087},"relative_timestamp_from_create":{"num":1,"min":0.000000238,"max":0.000000238,"avg":0.000000238,"var":0.000000000.0,"sum":0.000000238}},"forward_cb":{"duration":{"num":1,"min":0.015826225,"max":0.015826225,"avg":0.015826225,"var":0.000000000.0,"sum":0.015826225},"relative_timestamp_from_iforward_start":{"num":1,"min":0.000077009,"max":0.000077009,"avg":0.000077009,"var":0.000000000.0,"sum":0.000077009}},"iforward_wait":{"duration":{"num":1,"min":0.023925781,"max":0.023925781,"avg":0.023925781,"var":0.000000000.0,"sum":0.023925781},"relative_timestamp_from_iforward_end":{"num":1,"min":0.000000238,"max":0.000000238,"avg":0.000000238,"var":0.000000000.0,"sum":0.000000238}},"set_input":{"duration":{"num":1,"min":0.000005960,"max":0.000005960,"avg":0.000005960,"var":0.000000000.0,"sum":0.000005960},"relative_timestamp_from_iforward_start":{"num":1,"min":0.000004053,"max":0.000004053,"avg":0.000004053,"var":0.000000000.0,"sum":0.000004053}},"get_output":{"duration":{"num":1,"min":0.000000238,"max":0.000000238,"avg":0.000000238,"var":0.000000000.0,"sum":0.000000238},"relative_timestamp_from_wait_end":{"num":1,"min":0.000000238,"max":0.000000238,"avg":0.000000238,"var":0.000000000.0,"sum":0.000000238}}}}},"65535:65535:6151631875094937599:3":{"rpc_id":6151631875094937599,"provider_id":3,"parent_rpc_id":65535,"parent_provider_id":65535,"name":"yk_doc_iter","origin":{"sent to ofi+cxi://0x2000d400":{"iforward":{"duration":{"num":2,"min":0.000014305,"max":0.000024319,"avg":0.000019312,"var":0.000000000,"sum":0.000038624},"relative_timestamp_from_create":{"num":2,"min":0.000000238,"max":0.000000238,"avg":0.000000238,"var":0.000000000.0,"sum":0.000000477}},"forward_cb":{"duration":{"num":2,"min":0.000000238,"max":0.015957832,"avg":0.007979035,"var":0.000127322,"sum":0.015958071},"relative_timestamp_from_iforward_start":{"num":2,"min":0.000036478,"max":0.055921078,"avg":0.027978778,"var":0.001561544,"sum":0.055957556}},"iforward_wait":{"duration":{"num":2,"min":0.031979799,"max":0.071896076,"avg":0.051937938,"var":0.000796655,"sum":0.103875875},"relative_timestamp_from_iforward_end":{"num":2,"min":0.000000238,"max":0.000000477,"avg":0.000000358,"var":0.000000000,"sum":0.000000715}},"set_input":{"duration":{"num":2,"min":0.000000238,"max":0.000002384,"avg":0.000001311,"var":0.000000000,"sum":0.000002623},"relative_timestamp_from_iforward_start":{"num":2,"min":0.000001431,"max":0.000009298,"avg":0.000005364,"var":0.000000000,