{"address":"","progress_loop":{"progress_with_timeout":{"num":6,"min":0.000009537,"max":0.102913857,"avg":0.017252564,"var":0.008805633,"sum":0.103515387},"progress_timeout_value_msec":{"num":6,"min":100.000000000.0,"max":100.000000000.0,"avg":100.000000000.0,"var":0.000000000.0,"sum":600.000000000.0},"progress_without_timeout":{"num":0,"min":0.000000000.0,"max":0.000000000.0,"avg":0.000000000.0,"var":0.000000000.0,"sum":0.000000000.0},"trigger":{"num":4,"min":0.000000238,"max":0.000000954,"avg":0.000000477,"var":0.000000000,"sum":0.000001907}},"rpcs":{"65535:65535:5386877029230641151:0":{"rpc_id":5386877029230641151,"provider_id":0,"parent_rpc_id":65535,"parent_provider_id":65535,"name":"bedrock_query_config","origin":{"sent to ofi+cxi://0x2043fa00":{"iforward":{"duration":{"num":1,"min":0.000053644,"max":0.000053644,"avg":0.000053644,"var":0.000000000.0,"sum":0.000053644},"relative_timestamp_from_create":{"num":1,"min":0.000003576,"max":0.000003576,"avg":0.000003576,"var":0.000000000.0,"sum":0.000003576}},"forward_cb":{"duration":{"num":1,"min":0.000000238,"max":0.000000238,"avg":0.000000238,"var":0.000000000.0,"sum":0.000000238},"relative_timestamp_from_iforward_start":{"num":1,"min":0.000613928,"max":0.000613928,"avg":0.000613928,"var":0.000000000.0,"sum":0.000613928}},"iforward_wait":{"duration":{"num":1,"min":0.000545025,"max":0.000545025,"avg":0.000545025,"var":0.000000000.0,"sum":0.000545025},"relative_timestamp_from_iforward_end":{"num":1,"min":0.000016451,"max":0.000016451,"avg":0.000016451,"var":0.000000000.0,"sum":0.000016451}},"set_input":{"duration":{"num":1,"min":0.000010252,"max":0.000010252,"avg":0.000010252,"var":0.000000000.0,"sum":0.000010252},"relative_timestamp_from_iforward_start":{"num":1,"min":0.000014305,"max":0.000014305,"avg":0.000014305,"var":0.000000000.0,"sum":0.000014305}},"get_output":{"duration":{"num":1,"min":0.000003338,"max":0.000003338,"avg":0.000003338,"var":0.000000000.0,"sum":0.000003338},"relative_timestamp_from_wait_end":{"num":1,"min":0.000004053,"max":0.000004053,"avg":0.000004053,"var":0.000000000.0,"sum":0.000004053}}}}},"65535:65535:7940397281847607295:3":{"rpc_id":7940397281847607295,"provider_id":3,"parent_rpc_id":65535,"parent_provider_id":65535,"name":"__identity__","origin":{"sent to ofi+cxi://0x2043fa00":{"iforward":{"duration":{"num":1,"min":0.000015974,"max":0.000015974,"avg":0.000015974,"var":0.000000000.0,"sum":0.000015974},"relative_timestamp_from_create":{"num":1,"min":0.000000238,"max":0.000000238,"avg":0.000000238,"var":0.000000000.0,"sum":0.000000238}},"forward_cb":{"duration":{"num":1,"min":0.000000238,"max":0.000000238,"avg":0.000000238,"var":0.000000000.0,"sum":0.000000238},"relative_timestamp_from_iforward_start":{"num":1,"min":0.000035048,"max":0.000035048,"avg":0.000035048,"var":0.000000000.0,"sum":0.000035048}},"iforward_wait":{"duration":{"num":1,"min":0.000019312,"max":0.000019312,"avg":0.000019312,"var":0.000000000.0,"sum":0.000019312},"relative_timestamp_from_iforward_end":{"num":1,"min":0.000000477,"max":0.000000477,"avg":0.000000477,"var":0.000000000.0,"sum":0.000000477}},"set_input":{"duration":{"num":0,"min":0.000000000.0,"max":0.000000000.0,"avg":0.000000000.0,"var":0.000000000.0,"sum":0.000000000.0},"relative_timestamp_from_iforward_start":{"num":0,"min":0.000000000.0,"max":0.000000000.0,"avg":0.000000000.0,"var":0.000000000.0,"sum":0.000000000.0}},"get_output":{"duration":{"num":1,"min":0.000002623,"max":0.000002623,"avg":0.000002623,"var":0.000000000.0,"sum":0.000002623},"relative_timestamp_from_wait_end":{"num":1,"min":0.000000238,"max":0.000000238,"avg":0.000000238,"var":0.000000000.0,"sum":0.000000238}}}}},"65535:65535:1170338683618918399:3":{"rpc_id":1170338683618918399,"provider_id":3,"parent_rpc_id":65535,"parent_provider_id":65535,"name":"yk_put_direct","origin":{"sent to ofi+cxi://0x2043fa00":{"iforward":{"duration":{"num":1,"min":0.000031471,"max":0.000031471,"avg":0.000031471,"var":0.000000000.0,"sum":0.000031471},"relative_timestamp_from_create":{"num":1,"min":0.000000000.0,"max":0.000000000.0,"avg":0.000000000.0,"var":0.000000000.0,"sum":0.000000000.0}},"forward_cb":{"duration":{"num":1,"min":0.000000000.0,"max":0.000000000.0,"avg":0.000000000.0,"var":0.000000000.0,"sum":0.000000000.0},"relative_timestamp_from_iforward_start":{"num":1,"min":0.000061750,"max":0.000061750,"avg":0.000061750,"var":0.000000000.0,"sum":0.000061750}},"iforward_wait":{"duration":{"num":1,"min":0.000030994,"max":0.000030994,"avg":0.000030994,"var":0.000000000.0,"sum":0.000030994},"relative_timestamp_from_iforward_end":{"num":1,"min":0.000000000.0,"max":0.000000000.0,"avg":0.000000000.0,"var":0.000000000.0,"sum":0.000000000.0}},"set_input":{"duration":{"num":1,"min":0.000005007,"max":0.000005007,"avg":0.000005007,"var":0.000000000.0,"sum":0.000005007},"relative_timestamp_from_iforward_start":{"num":1,"min":0.000004768,"max":0.000004768,"avg":0.000004768,"var":0.000000000.0,"sum":0.000004768}},"get_output":{"duration":{"num":1,"min":0.000000000.0,"max":0.000000000.0,"avg":0.000000000.0,"var":0.000000000.0,"sum":0.000000000.0},"relative_timestamp_from_wait_end":{"num":1,"min":0.000000238,"max":0.000000238,"avg":0.000000238,"var":0.000000000.0,"sum":0.000000238}}}}},"65535:65535:13614918458553729023:3":{"rpc_id":-4831825615155822593,"provider_id":3,"parent_rpc_id":65535,"parent_provider_id":65535,"name":"yk_coll_create","origin":{"sent to ofi+cxi://0x2043fa00":{"iforward":{"duration":{"num":1,"min":0.000018597,"max":0.000018597,"avg":0.000018597,"var":0.000000000.0,"sum":0.000018597},"relative_timestamp_from_create":{"num":1,"min":0.000000000.0,"max":0.000000000.0,"avg":0.000000000.0,"var":0.000000000.0,"sum":0.000000000.0}},"forward_cb":{"duration":{"num":1,"min":0.000000238,"max":0.000000238,"avg":0.000000238,"var":0.000000000.0,"sum":0.000000238},"relative_timestamp_from_iforward_start":{"num":1,"min":0.000039101,"max":0.000039101,"avg":0.000039101,"var":0.000000000.0,"sum":0.000039101}},"iforward_wait":{"duration":{"num":1,"min":0.000020742,"max":0.000020742,"avg":0.000020742,"var":0.000000000.0,"sum":0.000020742},"relative_timestamp_from_iforward_end":{"num":1,"min":0.000000238,"max":0.000000238,"avg":0.000000238,"var":0.000000000.0,"sum":0.000000238}},"set_input":{"duration":{"num":1,"min":0.000001907,"max":0.000001907,"avg":0.000001907,"var":0.000000000.0,"sum":0.000001907},"relative_timestamp_from_iforward_start":{"num":1,"min":0.000006199,"max":0.000006199,"avg":0.000006199,"var":0.000000000.0,"sum":0.000006199}},"get_output":{"duration":{"num":1,"min":0.000000000.0,"max":0.000000000.0,"avg":0.000000000.0,"var":0.000000000.0,"sum":0.000000000.0},"relative_timestamp_from_wait_end":{"num":1,"min":0.000000238,"max":0.000000238,"avg":0.000000238,"var":0.000000000.0,"sum":0.000000238}}}}}}}