{"address":"","progress_loop":{"progress_with_timeout":{"num":9,"min":0.000002623,"max":0.098190546,"avg":0.011032210,"var":0.008546435,"sum":0.099289894},"progress_timeout_value_msec":{"num":9,"min":100.000000000.0,"max":100.000000000.0,"avg":100.000000000.0,"var":0.000000000.0,"sum":900.000000000.0},"progress_without_timeout":{"num":0,"min":0.000000000.0,"max":0.000000000.0,"avg":0.000000000.0,"var":0.000000000.0,"sum":0.000000000.0},"trigger":{"num":5,"min":0.000000238,"max":0.000000715,"avg":0.000000429,"var":0.000000000,"sum":0.000002146}},"rpcs":{"65535:65535:5386877029230641151:0":{"rpc_id":5386877029230641151,"provider_id":0,"parent_rpc_id":65535,"parent_provider_id":65535,"name":"bedrock_query_config","origin":{"sent to ofi+cxi://0x2001d400":{"iforward":{"duration":{"num":2,"min":0.000014782,"max":0.000055313,"avg":0.000035048,"var":0.000000001,"sum":0.000070095},"relative_timestamp_from_create":{"num":2,"min":0.000000238,"max":0.000003815,"avg":0.000002027,"var":0.000000000,"sum":0.000004053}},"forward_cb":{"duration":{"num":2,"min":0.000000238,"max":0.000000477,"avg":0.000000358,"var":0.000000000,"sum":0.000000715},"relative_timestamp_from_iforward_start":{"num":2,"min":0.000417709,"max":0.000608444,"avg":0.000513077,"var":0.000000018,"sum":0.001026154}},"iforward_wait":{"duration":{"num":2,"min":0.000403404,"max":0.000536919,"avg":0.000470161,"var":0.000000009,"sum":0.000940323},"relative_timestamp_from_iforward_end":{"num":2,"min":0.000000238,"max":0.000017405,"avg":0.000008821,"var":0.000000000,"sum":0.000017643}},"set_input":{"duration":{"num":2,"min":0.000000238,"max":0.000010967,"avg":0.000005603,"var":0.000000000,"sum":0.000011206},"relative_timestamp_from_iforward_start":{"num":2,"min":0.000002384,"max":0.000017405,"avg":0.000009894,"var":0.000000000,"sum":0.000019789}},"get_output":{"duration":{"num":2,"min":0.000000477,"max":0.000002861,"avg":0.000001669,"var":0.000000000,"sum":0.000003338},"relative_timestamp_from_wait_end":{"num":2,"min":0.000000477,"max":0.000004292,"avg":0.000002384,"var":0.000000000,"sum":0.000004768}}}}},"65535:65535:7940397281847607295:3":{"rpc_id":7940397281847607295,"provider_id":3,"parent_rpc_id":65535,"parent_provider_id":65535,"name":"__identity__","origin":{"sent to ofi+cxi://0x2001d400":{"iforward":{"duration":{"num":1,"min":0.000014305,"max":0.000014305,"avg":0.000014305,"var":0.000000000.0,"sum":0.000014305},"relative_timestamp_from_create":{"num":1,"min":0.000000238,"max":0.000000238,"avg":0.000000238,"var":0.000000000.0,"sum":0.000000238}},"forward_cb":{"duration":{"num":1,"min":0.000000000.0,"max":0.000000000.0,"avg":0.000000000.0,"var":0.000000000.0,"sum":0.000000000.0},"relative_timestamp_from_iforward_start":{"num":1,"min":0.000031710,"max":0.000031710,"avg":0.000031710,"var":0.000000000.0,"sum":0.000031710}},"iforward_wait":{"duration":{"num":1,"min":0.000017881,"max":0.000017881,"avg":0.000017881,"var":0.000000000.0,"sum":0.000017881},"relative_timestamp_from_iforward_end":{"num":1,"min":0.000000238,"max":0.000000238,"avg":0.000000238,"var":0.000000000.0,"sum":0.000000238}},"set_input":{"duration":{"num":0,"min":0.000000000.0,"max":0.000000000.0,"avg":0.000000000.0,"var":0.000000000.0,"sum":0.000000000.0},"relative_timestamp_from_iforward_start":{"num":0,"min":0.000000000.0,"max":0.000000000.0,"avg":0.000000000.0,"var":0.000000000.0,"sum":0.000000000.0}},"get_output":{"duration":{"num":1,"min":0.000002861,"max":0.000002861,"avg":0.000002861,"var":0.000000000.0,"sum":0.000002861},"relative_timestamp_from_wait_end":{"num":1,"min":0.000000000.0,"max":0.000000000.0,"avg":0.000000000.0,"var":0.000000000.0,"sum":0.000000000.0}}}}},"65535:65535:13994581936748691455:0":{"rpc_id":-4452162136960860161,"provider_id":0,"parent_rpc_id":65535,"parent_provider_id":65535,"name":"bedrock_start_provider","origin":{"sent to ofi+cxi://0x2001d400":{"iforward":{"duration":{"num":1,"min":0.000022888,"max":0.000022888,"avg":0.000022888,"var":0.000000000.0,"sum":0.000022888},"relative_timestamp_from_create":{"num":1,"min":0.000000000.0,"max":0.000000000.0,"avg":0.000000000.0,"var":0.000000000.0,"sum":0.000000000.0}},"forward_cb":{"duration":{"num":1,"min":0.000000238,"max":0.000000238,"avg":0.000000238,"var":0.000000000.0,"sum":0.000000238},"relative_timestamp_from_iforward_start":{"num":1,"min":0.000122070,"max":0.000122070,"avg":0.000122070,"var":0.000000000.0,"sum":0.000122070}},"iforward_wait":{"duration":{"num":1,"min":0.000099421,"max":0.000099421,"avg":0.000099421,"var":0.000000000.0,"sum":0.000099421},"relative_timestamp_from_iforward_end":{"num":1,"min":0.000000238,"max":0.000000238,"avg":0.000000238,"var":0.000000000.0,"sum":0.000000238}},"set_input":{"duration":{"num":1,"min":0.000000238,"max":0.000000238,"avg":0.000000238,"var":0.000000000.0,"sum":0.000000238},"relative_timestamp_from_iforward_start":{"num":1,"min":0.000003099,"max":0.000003099,"avg":0.000003099,"var":0.000000000.0,"sum":0.000003099}},"get_output":{"duration":{"num":1,"min":0.000000477,"max":0.000000477,"avg":0.000000477,"var":0.000000000.0,"sum":0.000000477},"relative_timestamp_from_wait_end":{"num":1,"min":0.000000477,"max":0.000000477,"avg":0.000000477,"var":0.000000000.0,"sum":0.000000477}}}}},"65535:65535:16409450654956847103:3":{"rpc_id":-2037293418752704513,"provider_id":3,"parent_rpc_id":65535,"parent_provider_id":65535,"name":"yk_doc_store","origin":{"sent to ofi+cxi://0x2001d400":{"iforward":{"duration":{"num":1,"min":0.000027180,"max":0.000027180,"avg":0.000027180,"var":0.000000000.0,"sum":0.000027180},"relative_timestamp_from_create":{"num":1,"min":0.000000000.0,"max":0.000000000.0,"avg":0.000000000.0,"var":0.000000000.0,"sum":0.000000000.0}},"forward_cb":{"duration":{"num":1,"min":0.000000238,"max":0.000000238,"avg":0.000000238,"var":0.000000000.0,"sum":0.000000238},"relative_timestamp_from_iforward_start":{"num":1,"min":0.000084400,"max":0.000084400,"avg":0.000084400,"var":0.000000000.0,"sum":0.000084400}},"iforward_wait":{"duration":{"num":1,"min":0.000057936,"max":0.000057936,"avg":0.000057936,"var":0.000000000.0,"sum":0.000057936},"relative_timestamp_from_iforward_end":{"num":1,"min":0.000000000.0,"max":0.000000000.0,"avg":0.000000000.0,"var":0.000000000.0,"sum":0.000000000.0}},"set_input":{"duration":{"num":1,"min":0.000005007,"max":0.000005007,"avg":0.000005007,"var":0.000000000.0,"sum":0.000005007},"relative_timestamp_from_iforward_start":{"num":1,"min":0.000003099,"max":0.000003099,"avg":0.000003099,"var":0.000000000.0,"sum":0.000003099}},"get_output":{"duration":{"num":1,"min":0.000003576,"max":0.000003576,"avg":0.000003576,"var":0.000000000.0,"sum":0.000003576},"relative_timestamp_from_wait_end":{"num":1,"min":0.000000238,"max":0.000000238,"avg":0.000000238,"var":0.000000000.0,"sum":0.000000238}}}}},"65535:65535:65535:65535":{"rpc_id":65535,"provider_id":65535,"parent_rpc_id":65535,"parent_provider_id":65535,"name":"","target":{"received from <unknown>":{"bulk":{"create":{"duration":{"num":1,"min":0.000041008,"max":0.000041008,"avg":0.000041008,"var":0.000000000.0,"sum":0.000041008},"size":{"num":1,"min":104.000000000.0,"max":104.000000000.0,"avg":104.000000000.0,"var":0.000000000.0,"sum":104.000000000.0}}}}}}}}