{"address":"","progress_loop":{"progress_with_timeout":{"num":19948,"min":0.000018597,"max":0.130820274,"avg":0.099855903,"var":0.440731071,"sum":1991.925560951},"progress_timeout_value_msec":{"num":19948,"min":100.000000000.0,"max":100.000000000.0,"avg":100.000000000.0,"var":0.000000000.0,"sum":1994800.000000000.0},"progress_without_timeout":{"num":976871,"min":0.000000000.0,"max":0.000020504,"avg":0.000000081,"var":0.000000017,"sum":0.079006672},"trigger":{"num":676,"min":0.000000000.0,"max":0.020850420,"avg":0.002053441,"var":0.016098048,"sum":1.388126135}},"rpcs":{"65535:65535:5386877029230641151:0":{"rpc_id":5386877029230641151,"provider_id":0,"parent_rpc_id":65535,"parent_provider_id":65535,"name":"bedrock_query_config","origin":{"sent to ofi+cxi://0x20021a00":{"iforward":{"duration":{"num":1,"min":0.000136137,"max":0.000136137,"avg":0.000136137,"var":0.000000000.0,"sum":0.000136137},"relative_timestamp_from_create":{"num":1,"min":0.000018835,"max":0.000018835,"avg":0.000018835,"var":0.000000000.0,"sum":0.000018835}},"forward_cb":{"duration":{"num":1,"min":0.020849705,"max":0.020849705,"avg":0.020849705,"var":0.000000000.0,"sum":0.020849705},"relative_timestamp_from_iforward_start":{"num":1,"min":0.000975370,"max":0.000975370,"avg":0.000975370,"var":0.000000000.0,"sum":0.000975370}},"iforward_wait":{"duration":{"num":1,"min":0.037542820,"max":0.037542820,"avg":0.037542820,"var":0.000000000.0,"sum":0.037542820},"relative_timestamp_from_iforward_end":{"num":1,"min":0.000085831,"max":0.000085831,"avg":0.000085831,"var":0.000000000.0,"sum":0.000085831}},"set_input":{"duration":{"num":1,"min":0.000055075,"max":0.000055075,"avg":0.000055075,"var":0.000000000.0,"sum":0.000055075},"relative_timestamp_from_iforward_start":{"num":1,"min":0.000052452,"max":0.000052452,"avg":0.000052452,"var":0.000000000.0,"sum":0.000052452}},"get_output":{"duration":{"num":1,"min":0.000010014,"max":0.000010014,"avg":0.000010014,"var":0.000000000.0,"sum":0.000010014},"relative_timestamp_from_wait_end":{"num":1,"min":0.000024796,"max":0.000024796,"avg":0.000024796,"var":0.000000000.0,"sum":0.000024796}}}}},"65535:65535:7940397281847607295:3":{"rpc_id":7940397281847607295,"provider_id":3,"parent_rpc_id":65535,"parent_provider_id":65535,"name":"__identity__","origin":{"sent to ofi+cxi://0x20021a00":{"iforward":{"duration":{"num":1,"min":0.000018597,"max":0.000018597,"avg":0.000018597,"var":0.000000000.0,"sum":0.000018597},"relative_timestamp_from_create":{"num":1,"min":0.000000238,"max":0.000000238,"avg":0.000000238,"var":0.000000000.0,"sum":0.000000238}},"forward_cb":{"duration":{"num":1,"min":0.000002146,"max":0.000002146,"avg":0.000002146,"var":0.000000000.0,"sum":0.000002146},"relative_timestamp_from_iforward_start":{"num":1,"min":0.000045538,"max":0.000045538,"avg":0.000045538,"var":0.000000000.0,"sum":0.000045538}},"iforward_wait":{"duration":{"num":1,"min":0.007719517,"max":0.007719517,"avg":0.007719517,"var":0.000000000.0,"sum":0.007719517},"relative_timestamp_from_iforward_end":{"num":1,"min":0.000000238,"max":0.000000238,"avg":0.000000238,"var":0.000000000.0,"sum":0.000000238}},"set_input":{"duration":{"num":0,"min":0.000000000.0,"max":0.000000000.0,"avg":0.000000000.0,"var":0.000000000.0,"sum":0.000000000.0},"relative_timestamp_from_iforward_start":{"num":0,"min":0.000000000.0,"max":0.000000000.0,"avg":0.000000000.0,"var":0.000000000.0,"sum":0.000000000.0}},"get_output":{"duration":{"num":1,"min":0.000015020,"max":0.000015020,"avg":0.000015020,"var":0.000000000.0,"sum":0.000015020},"relative_timestamp_from_wait_end":{"num":1,"min":0.000000000.0,"max":0.000000000.0,"avg":0.000000000.0,"var":0.000000000.0,"sum":0.000000000.0}}}}},"65535:65535:15281833229347258367:3":{"rpc_id":-3164910844362293249,"provider_id":3,"parent_rpc_id":65535,"parent_provider_id":65535,"name":"yk_length_direct","origin":{"sent to ofi+cxi://0x20021a00":{"iforward":{"duration":{"num":1,"min":0.000038624,"max":0.000038624,"avg":0.000038624,"var":0.000000000.0,"sum":0.000038624},"relative_timestamp_from_create":{"num":1,"min":0.000000238,"max":0.000000238,"avg":0.000000238,"var":0.000000000.0,"sum":0.000000238}},"forward_cb":{"duration":{"num":1,"min":0.015452623,"max":0.015452623,"avg":0.015452623,"var":0.000000000.0,"sum":0.015452623},"relative_timestamp_from_iforward_start":{"num":1,"min":0.000063896,"max":0.000063896,"avg":0.000063896,"var":0.000000000.0,"sum":0.000063896}},"iforward_wait":{"duration":{"num":1,"min":0.031477451,"max":0.031477451,"avg":0.031477451,"var":0.000000000.0,"sum":0.031477451},"relative_timestamp_from_iforward_end":{"num":1,"min":0.000000000.0,"max":0.000000000.0,"avg":0.000000000.0,"var":0.000000000.0,"sum":0.000000000.0}},"set_input":{"duration":{"num":1,"min":0.000018597,"max":0.000018597,"avg":0.000018597,"var":0.000000000.0,"sum":0.000018597},"relative_timestamp_from_iforward_start":{"num":1,"min":0.000005722,"max":0.000005722,"avg":0.000005722,"var":0.000000000.0,"sum":0.000005722}},"get_output":{"duration":{"num":1,"min":0.000014067,"max":0.000014067,"avg":0.000014067,"var":0.000000000.0,"sum":0.000014067},"relative_timestamp_from_wait_end":{"num":1,"min":0.000000238,"max":0.000000238,"avg":0.000000238,"var":0.000000000.0,"sum":0.000000238}}}}},"65535:65535:14263933427668549631:3":{"rpc_id":-4182810646041001985,"provider_id":3,"parent_rpc_id":65535,"parent_provider_id":65535,"name":"yk_get","origin":{"sent to ofi+cxi://0x20021a00":{"iforward":{"duration":{"num":1,"min":0.000049829,"max":0.000049829,"avg":0.000049829,"var":0.000000000.0,"sum":0.000049829},"relative_timestamp_from_create":{"num":1,"min":0.000000477,"max":0.000000477,"avg":0.000000477,"var":0.000000000.0,"sum":0.000000477}},"forward_cb":{"duration":{"num":1,"min":0.019744635,"max":0.019744635,"avg":0.019744635,"var":0.000000000.0,"sum":0.019744635},"relative_timestamp_from_iforward_start":{"num":1,"min":0.000126839,"max":0.000126839,"avg":0.000126839,"var":0.000000000.0,"sum":0.000126839}},"iforward_wait":{"duration":{"num":1,"min":0.035822630,"max":0.035822630,"avg":0.035822630,"var":0.000000000.0,"sum":0.035822630},"relative_timestamp_from_iforward_end":{"num":1,"min":0.000000000.0,"max":0.000000000.0,"avg":0.000000000.0,"var":0.000000000.0,"sum":0.000000000.0}},"set_input":{"duration":{"num":1,"min":0.000023127,"max":0.000023127,"avg":0.000023127,"var":0.000000000.0,"sum":0.000023127},"relative_timestamp_from_iforward_start":{"num":1,"min":0.000004530,"max":0.000004530,"avg":0.000004530,"var":0.000000000.0,"sum":0.000004530}},"get_output":{"duration":{"num":1,"min":0.000000238,"max":0.000000238,"avg":0.000000238,"var":0.000000000.0,"sum":0.000000238},"relative_timestamp_from_wait_end":{"num":1,"min":0.000000238,"max":0.000000238,"avg":0.000000238,"var":0.000000000.0,"sum":0.000000238}}}}},"65535:65535:6151631875094937599:3":{"rpc_id":6151631875094937599,"provider_id":3,"parent_rpc_id":65535,"parent_provider_id":65535,"name":"yk_doc_iter","origin":{"sent to ofi+cxi://0x20021a00":{"iforward":{"duration":{"num":2,"min":0.000014305,"max":0.000032425,"avg":0.000023365,"var":0.000000000,"sum":0.000046730},"relative_timestamp_from_create":{"num":2,"min":0.000000000.0,"max":0.000000238,"avg":0.000000119,"var":0.000000000,"sum":0.000000238}},"forward_cb":{"duration":{"num":2,"min":0.000000238,"max":0.015957832,"avg":0.007979035,"var":0.000127322,"sum":0.015958071},"relative_timestamp_from_iforward_start":{"num":2,"min":0.000036955,"max":0.047914505,"avg":0.023975730,"var":0.001146130,"sum":0.047951460}},"iforward_wait":{"duration":{"num":2,"min":0.031980515,"max":0.063882589,"avg":0.047931552,"var":0.000508871,"sum":0.095863104},"relative_timestamp_from_iforward_end":{"num":2,"min":0.000000238,"max":0.000000238,"avg":0.000000238,"var":0.000000000.0,"sum":0.000000477}},"set_input":{"duration":{"num":2,"min":0.000000238,"max":0.000010014,"avg":0.000005126,"var":0.000000000,"sum":0.000010252},"relative_timestamp_from_iforward_start":{"num":2,"min":0.000001907,"max":0.000005960,"avg":0.000003934,