{"address":"","progress_loop":{"progress_with_timeout":{"num":6,"min":0.000032663,"max":0.096808672,"avg":0.016479731,"var":0.007745451,"sum":0.098878384},"progress_timeout_value_msec":{"num":6,"min":100.000000000.0,"max":100.000000000.0,"avg":100.000000000.0,"var":0.000000000.0,"sum":600.000000000.0},"progress_without_timeout":{"num":0,"min":0.000000000.0,"max":0.000000000.0,"avg":0.000000000.0,"var":0.000000000.0,"sum":0.000000000.0},"trigger":{"num":4,"min":0.000000477,"max":0.000001192,"avg":0.000000775,"var":0.000000000,"sum":0.000003099}},"rpcs":{"65535:65535:5386877029230641151:0":{"rpc_id":5386877029230641151,"provider_id":0,"parent_rpc_id":65535,"parent_provider_id":65535,"name":"bedrock_query_config","origin":{"sent to ofi+cxi://0x20021a00":{"iforward":{"duration":{"num":1,"min":0.000179529,"max":0.000179529,"avg":0.000179529,"var":0.000000000.0,"sum":0.000179529},"relative_timestamp_from_create":{"num":1,"min":0.000019073,"max":0.000019073,"avg":0.000019073,"var":0.000000000.0,"sum":0.000019073}},"forward_cb":{"duration":{"num":1,"min":0.000000715,"max":0.000000715,"avg":0.000000715,"var":0.000000000.0,"sum":0.000000715},"relative_timestamp_from_iforward_start":{"num":1,"min":0.002067089,"max":0.002067089,"avg":0.002067089,"var":0.000000000.0,"sum":0.002067089}},"iforward_wait":{"duration":{"num":1,"min":0.001802206,"max":0.001802206,"avg":0.001802206,"var":0.000000000.0,"sum":0.001802206},"relative_timestamp_from_iforward_end":{"num":1,"min":0.000087023,"max":0.000087023,"avg":0.000087023,"var":0.000000000.0,"sum":0.000087023}},"set_input":{"duration":{"num":1,"min":0.000095367,"max":0.000095367,"avg":0.000095367,"var":0.000000000.0,"sum":0.000095367},"relative_timestamp_from_iforward_start":{"num":1,"min":0.000051737,"max":0.000051737,"avg":0.000051737,"var":0.000000000.0,"sum":0.000051737}},"get_output":{"duration":{"num":1,"min":0.000010490,"max":0.000010490,"avg":0.000010490,"var":0.000000000.0,"sum":0.000010490},"relative_timestamp_from_wait_end":{"num":1,"min":0.000020981,"max":0.000020981,"avg":0.000020981,"var":0.000000000.0,"sum":0.000020981}}}}},"65535:65535:7940397281847607295:3":{"rpc_id":7940397281847607295,"provider_id":3,"parent_rpc_id":65535,"parent_provider_id":65535,"name":"__identity__","origin":{"sent to ofi+cxi://0x20021a00":{"iforward":{"duration":{"num":1,"min":0.000017881,"max":0.000017881,"avg":0.000017881,"var":0.000000000.0,"sum":0.000017881},"relative_timestamp_from_create":{"num":1,"min":0.000000477,"max":0.000000477,"avg":0.000000477,"var":0.000000000.0,"sum":0.000000477}},"forward_cb":{"duration":{"num":1,"min":0.000000238,"max":0.000000238,"avg":0.000000238,"var":0.000000000.0,"sum":0.000000238},"relative_timestamp_from_iforward_start":{"num":1,"min":0.000082016,"max":0.000082016,"avg":0.000082016,"var":0.000000000.0,"sum":0.000082016}},"iforward_wait":{"duration":{"num":1,"min":0.000064850,"max":0.000064850,"avg":0.000064850,"var":0.000000000.0,"sum":0.000064850},"relative_timestamp_from_iforward_end":{"num":1,"min":0.000000238,"max":0.000000238,"avg":0.000000238,"var":0.000000000.0,"sum":0.000000238}},"set_input":{"duration":{"num":0,"min":0.000000000.0,"max":0.000000000.0,"avg":0.000000000.0,"var":0.000000000.0,"sum":0.000000000.0},"relative_timestamp_from_iforward_start":{"num":0,"min":0.000000000.0,"max":0.000000000.0,"avg":0.000000000.0,"var":0.000000000.0,"sum":0.000000000.0}},"get_output":{"duration":{"num":1,"min":0.000014067,"max":0.000014067,"avg":0.000014067,"var":0.000000000.0,"sum":0.000014067},"relative_timestamp_from_wait_end":{"num":1,"min":0.000000000.0,"max":0.000000000.0,"avg":0.000000000.0,"var":0.000000000.0,"sum":0.000000000.0}}}}},"65535:65535:1170338683618918399:3":{"rpc_id":1170338683618918399,"provider_id":3,"parent_rpc_id":65535,"parent_provider_id":65535,"name":"yk_put_direct","origin":{"sent to ofi+cxi://0x20021a00":{"iforward":{"duration":{"num":1,"min":0.000058413,"max":0.000058413,"avg":0.000058413,"var":0.000000000.0,"sum":0.000058413},"relative_timestamp_from_create":{"num":1,"min":0.000000238,"max":0.000000238,"avg":0.000000238,"var":0.000000000.0,"sum":0.000000238}},"forward_cb":{"duration":{"num":1,"min":0.000000238,"max":0.000000238,"avg":0.000000238,"var":0.000000000.0,"sum":0.000000238},"relative_timestamp_from_iforward_start":{"num":1,"min":0.000190258,"max":0.000190258,"avg":0.000190258,"var":0.000000000.0,"sum":0.000190258}},"iforward_wait":{"duration":{"num":1,"min":0.000132561,"max":0.000132561,"avg":0.000132561,"var":0.000000000.0,"sum":0.000132561},"relative_timestamp_from_iforward_end":{"num":1,"min":0.000000238,"max":0.000000238,"avg":0.000000238,"var":0.000000000.0,"sum":0.000000238}},"set_input":{"duration":{"num":1,"min":0.000028849,"max":0.000028849,"avg":0.000028849,"var":0.000000000.0,"sum":0.000028849},"relative_timestamp_from_iforward_start":{"num":1,"min":0.000005484,"max":0.000005484,"avg":0.000005484,"var":0.000000000.0,"sum":0.000005484}},"get_output":{"duration":{"num":1,"min":0.000000238,"max":0.000000238,"avg":0.000000238,"var":0.000000000.0,"sum":0.000000238},"relative_timestamp_from_wait_end":{"num":1,"min":0.000000238,"max":0.000000238,"avg":0.000000238,"var":0.000000000.0,"sum":0.000000238}}}}},"65535:65535:13614918458553729023:3":{"rpc_id":-4831825615155822593,"provider_id":3,"parent_rpc_id":65535,"parent_provider_id":65535,"name":"yk_coll_create","origin":{"sent to ofi+cxi://0x20021a00":{"iforward":{"duration":{"num":1,"min":0.000028133,"max":0.000028133,"avg":0.000028133,"var":0.000000000.0,"sum":0.000028133},"relative_timestamp_from_create":{"num":1,"min":0.000000000.0,"max":0.000000000.0,"avg":0.000000000.0,"var":0.000000000.0,"sum":0.000000000.0}},"forward_cb":{"duration":{"num":1,"min":0.000000238,"max":0.000000238,"avg":0.000000238,"var":0.000000000.0,"sum":0.000000238},"relative_timestamp_from_iforward_start":{"num":1,"min":0.000144720,"max":0.000144720,"avg":0.000144720,"var":0.000000000.0,"sum":0.000144720}},"iforward_wait":{"duration":{"num":1,"min":0.000117540,"max":0.000117540,"avg":0.000117540,"var":0.000000000.0,"sum":0.000117540},"relative_timestamp_from_iforward_end":{"num":1,"min":0.000000000.0,"max":0.000000000.0,"avg":0.000000000.0,"var":0.000000000.0,"sum":0.000000000.0}},"set_input":{"duration":{"num":1,"min":0.000010490,"max":0.000010490,"avg":0.000010490,"var":0.000000000.0,"sum":0.000010490},"relative_timestamp_from_iforward_start":{"num":1,"min":0.000005960,"max":0.000005960,"avg":0.000005960,"var":0.000000000.0,"sum":0.000005960}},"get_output":{"duration":{"num":1,"min":0.000000000.0,"max":0.000000000.0,"avg":0.000000000.0,"var":0.000000000.0,"sum":0.000000000.0},"relative_timestamp_from_wait_end":{"num":1,"min":0.000000238,"max":0.000000238,"avg":0.000000238,"var":0.000000000.0,"sum":0.000000238}}}}}}}