{"address":"","progress_loop":{"progress_with_timeout":{"num":19447,"min":0.000000715,"max":0.135496140,"avg":0.102930816,"var":1.311286461,"sum":2001.695577145},"progress_timeout_value_msec":{"num":19447,"min":100.000000000.0,"max":100.000000000.0,"avg":100.000000000.0,"var":0.000000000.0,"sum":1944700.000000000.0},"progress_without_timeout":{"num":263187,"min":0.000000000.0,"max":0.000027180,"avg":0.000000080,"var":0.000000004,"sum":0.021006107},"trigger":{"num":153,"min":0.000000000.0,"max":0.025359631,"avg":0.008374258,"var":0.006245847,"sum":1.281261444}},"rpcs":{"65535:65535:5386877029230641151:0":{"rpc_id":5386877029230641151,"provider_id":0,"parent_rpc_id":65535,"parent_provider_id":65535,"name":"bedrock_query_config","origin":{"sent to ofi+cxi://0x2001fa00":{"iforward":{"duration":{"num":1,"min":0.000134706,"max":0.000134706,"avg":0.000134706,"var":0.000000000.0,"sum":0.000134706},"relative_timestamp_from_create":{"num":1,"min":0.000018597,"max":0.000018597,"avg":0.000018597,"var":0.000000000.0,"sum":0.000018597}},"forward_cb":{"duration":{"num":1,"min":0.025358677,"max":0.025358677,"avg":0.025358677,"var":0.000000000.0,"sum":0.025358677},"relative_timestamp_from_iforward_start":{"num":1,"min":0.000707626,"max":0.000707626,"avg":0.000707626,"var":0.000000000.0,"sum":0.000707626}},"iforward_wait":{"duration":{"num":1,"min":0.041731358,"max":0.041731358,"avg":0.041731358,"var":0.000000000.0,"sum":0.041731358},"relative_timestamp_from_iforward_end":{"num":1,"min":0.000085592,"max":0.000085592,"avg":0.000085592,"var":0.000000000.0,"sum":0.000085592}},"set_input":{"duration":{"num":1,"min":0.000054836,"max":0.000054836,"avg":0.000054836,"var":0.000000000.0,"sum":0.000054836},"relative_timestamp_from_iforward_start":{"num":1,"min":0.000053167,"max":0.000053167,"avg":0.000053167,"var":0.000000000.0,"sum":0.000053167}},"get_output":{"duration":{"num":1,"min":0.000010014,"max":0.000010014,"avg":0.000010014,"var":0.000000000.0,"sum":0.000010014},"relative_timestamp_from_wait_end":{"num":1,"min":0.000024557,"max":0.000024557,"avg":0.000024557,"var":0.000000000.0,"sum":0.000024557}}}}},"65535:65535:7940397281847607295:3":{"rpc_id":7940397281847607295,"provider_id":3,"parent_rpc_id":65535,"parent_provider_id":65535,"name":"__identity__","origin":{"sent to ofi+cxi://0x2001fa00":{"iforward":{"duration":{"num":1,"min":0.000017643,"max":0.000017643,"avg":0.000017643,"var":0.000000000.0,"sum":0.000017643},"relative_timestamp_from_create":{"num":1,"min":0.000000238,"max":0.000000238,"avg":0.000000238,"var":0.000000000.0,"sum":0.000000238}},"forward_cb":{"duration":{"num":1,"min":0.000002146,"max":0.000002146,"avg":0.000002146,"var":0.000000000.0,"sum":0.000002146},"relative_timestamp_from_iforward_start":{"num":1,"min":0.000040531,"max":0.000040531,"avg":0.000040531,"var":0.000000000.0,"sum":0.000040531}},"iforward_wait":{"duration":{"num":1,"min":0.011724710,"max":0.011724710,"avg":0.011724710,"var":0.000000000.0,"sum":0.011724710},"relative_timestamp_from_iforward_end":{"num":1,"min":0.000000238,"max":0.000000238,"avg":0.000000238,"var":0.000000000.0,"sum":0.000000238}},"set_input":{"duration":{"num":0,"min":0.000000000.0,"max":0.000000000.0,"avg":0.000000000.0,"var":0.000000000.0,"sum":0.000000000.0},"relative_timestamp_from_iforward_start":{"num":0,"min":0.000000000.0,"max":0.000000000.0,"avg":0.000000000.0,"var":0.000000000.0,"sum":0.000000000.0}},"get_output":{"duration":{"num":1,"min":0.000014544,"max":0.000014544,"avg":0.000014544,"var":0.000000000.0,"sum":0.000014544},"relative_timestamp_from_wait_end":{"num":1,"min":0.000000238,"max":0.000000238,"avg":0.000000238,"var":0.000000000.0,"sum":0.000000238}}}}},"65535:65535:15281833229347258367:3":{"rpc_id":-3164910844362293249,"provider_id":3,"parent_rpc_id":65535,"parent_provider_id":65535,"name":"yk_length_direct","origin":{"sent to ofi+cxi://0x2001fa00":{"iforward":{"duration":{"num":1,"min":0.000038624,"max":0.000038624,"avg":0.000038624,"var":0.000000000.0,"sum":0.000038624},"relative_timestamp_from_create":{"num":1,"min":0.000000238,"max":0.000000238,"avg":0.000000238,"var":0.000000000.0,"sum":0.000000238}},"forward_cb":{"duration":{"num":1,"min":0.015511751,"max":0.015511751,"avg":0.015511751,"var":0.000000000.0,"sum":0.015511751},"relative_timestamp_from_iforward_start":{"num":1,"min":0.000055790,"max":0.000055790,"avg":0.000055790,"var":0.000000000.0,"sum":0.000055790}},"iforward_wait":{"duration":{"num":1,"min":0.031528950,"max":0.031528950,"avg":0.031528950,"var":0.000000000.0,"sum":0.031528950},"relative_timestamp_from_iforward_end":{"num":1,"min":0.000000238,"max":0.000000238,"avg":0.000000238,"var":0.000000000.0,"sum":0.000000238}},"set_input":{"duration":{"num":1,"min":0.000018597,"max":0.000018597,"avg":0.000018597,"var":0.000000000.0,"sum":0.000018597},"relative_timestamp_from_iforward_start":{"num":1,"min":0.000005484,"max":0.000005484,"avg":0.000005484,"var":0.000000000.0,"sum":0.000005484}},"get_output":{"duration":{"num":1,"min":0.000014067,"max":0.000014067,"avg":0.000014067,"var":0.000000000.0,"sum":0.000014067},"relative_timestamp_from_wait_end":{"num":1,"min":0.000000238,"max":0.000000238,"avg":0.000000238,"var":0.000000000.0,"sum":0.000000238}}}}},"65535:65535:14263933427668549631:3":{"rpc_id":-4182810646041001985,"provider_id":3,"parent_rpc_id":65535,"parent_provider_id":65535,"name":"yk_get","origin":{"sent to ofi+cxi://0x2001fa00":{"iforward":{"duration":{"num":1,"min":0.000049829,"max":0.000049829,"avg":0.000049829,"var":0.000000000.0,"sum":0.000049829},"relative_timestamp_from_create":{"num":1,"min":0.000000238,"max":0.000000238,"avg":0.000000238,"var":0.000000000.0,"sum":0.000000238}},"forward_cb":{"duration":{"num":1,"min":0.015764236,"max":0.015764236,"avg":0.015764236,"var":0.000000000.0,"sum":0.015764236},"relative_timestamp_from_iforward_start":{"num":1,"min":0.000112057,"max":0.000112057,"avg":0.000112057,"var":0.000000000.0,"sum":0.000112057}},"iforward_wait":{"duration":{"num":1,"min":0.031826496,"max":0.031826496,"avg":0.031826496,"var":0.000000000.0,"sum":0.031826496},"relative_timestamp_from_iforward_end":{"num":1,"min":0.000000000.0,"max":0.000000000.0,"avg":0.000000000.0,"var":0.000000000.0,"sum":0.000000000.0}},"set_input":{"duration":{"num":1,"min":0.000022888,"max":0.000022888,"avg":0.000022888,"var":0.000000000.0,"sum":0.000022888},"relative_timestamp_from_iforward_start":{"num":1,"min":0.000007391,"max":0.000007391,"avg":0.000007391,"var":0.000000000.0,"sum":0.000007391}},"get_output":{"duration":{"num":1,"min":0.000000238,"max":0.000000238,"avg":0.000000238,"var":0.000000000.0,"sum":0.000000238},"relative_timestamp_from_wait_end":{"num":1,"min":0.000000238,"max":0.000000238,"avg":0.000000238,"var":0.000000000.0,"sum":0.000000238}}}}},"65535:65535:6151631875094937599:3":{"rpc_id":6151631875094937599,"provider_id":3,"parent_rpc_id":65535,"parent_provider_id":65535,"name":"yk_doc_iter","origin":{"sent to ofi+cxi://0x2001fa00":{"iforward":{"duration":{"num":2,"min":0.000015497,"max":0.000034571,"avg":0.000025034,"var":0.000000000,"sum":0.000050068},"relative_timestamp_from_create":{"num":2,"min":0.000000000.0,"max":0.000000000.0,"avg":0.000000000.0,"var":0.000000000.0,"sum":0.000000000.0}},"forward_cb":{"duration":{"num":2,"min":0.000000238,"max":0.015961409,"avg":0.007980824,"var":0.000127379,"sum":0.015961647},"relative_timestamp_from_iforward_start":{"num":2,"min":0.000032663,"max":0.047917843,"avg":0.023975253,"var":0.001146495,"sum":0.047950506}},"iforward_wait":{"duration":{"num":2,"min":0.031978846,"max":0.063884735,"avg":0.047931790,"var":0.000508993,"sum":0.095863581},"relative_timestamp_from_iforward_end":{"num":2,"min":0.000000238,"max":0.000000238,"avg":0.000000238,"var":0.000000000.0,"sum":0.000000477}},"set_input":{"duration":{"num":2,"min":0.000000238,"max":0.000010252,"avg":0.000005245,"var":0.000000000,"sum":0.000010490},"relative_timestamp_from_iforward_start":{"num":2,"min":0.000002146,"max":0.000010014,"avg":0.000006080,