{"address":"","progress_loop":{"progress_with_timeout":{"num":9,"min":0.000003815,"max":0.098057747,"avg":0.011017879,"var":0.008523235,"sum":0.099160910},"progress_timeout_value_msec":{"num":9,"min":100.000000000.0,"max":100.000000000.0,"avg":100.000000000.0,"var":0.000000000.0,"sum":900.000000000.0},"progress_without_timeout":{"num":0,"min":0.000000000.0,"max":0.000000000.0,"avg":0.000000000.0,"var":0.000000000.0,"sum":0.000000000.0},"trigger":{"num":5,"min":0.000000238,"max":0.000001192,"avg":0.000000525,"var":0.000000000,"sum":0.000002623}},"rpcs":{"65535:65535:5386877029230641151:0":{"rpc_id":5386877029230641151,"provider_id":0,"parent_rpc_id":65535,"parent_provider_id":65535,"name":"bedrock_query_config","origin":{"sent to ofi+cxi://0x20513c00":{"iforward":{"duration":{"num":2,"min":0.000017166,"max":0.000055313,"avg":0.000036240,"var":0.000000001,"sum":0.000072479},"relative_timestamp_from_create":{"num":2,"min":0.000000238,"max":0.000003576,"avg":0.000001907,"var":0.000000000,"sum":0.000003815}},"forward_cb":{"duration":{"num":2,"min":0.000000000.0,"max":0.000000715,"avg":0.000000358,"var":0.000000000,"sum":0.000000715},"relative_timestamp_from_iforward_start":{"num":2,"min":0.000430822,"max":0.000617504,"avg":0.000524163,"var":0.000000017,"sum":0.001048326}},"iforward_wait":{"duration":{"num":2,"min":0.000414371,"max":0.000546217,"avg":0.000480294,"var":0.000000009,"sum":0.000960588},"relative_timestamp_from_iforward_end":{"num":2,"min":0.000000000.0,"max":0.000017643,"avg":0.000008821,"var":0.000000000,"sum":0.000017643}},"set_input":{"duration":{"num":2,"min":0.000000477,"max":0.000010014,"avg":0.000005245,"var":0.000000000,"sum":0.000010490},"relative_timestamp_from_iforward_start":{"num":2,"min":0.000002861,"max":0.000016689,"avg":0.000009775,"var":0.000000000,"sum":0.000019550}},"get_output":{"duration":{"num":2,"min":0.000000715,"max":0.000003338,"avg":0.000002027,"var":0.000000000,"sum":0.000004053},"relative_timestamp_from_wait_end":{"num":2,"min":0.000000238,"max":0.000005007,"avg":0.000002623,"var":0.000000000,"sum":0.000005245}}}}},"65535:65535:7940397281847607295:3":{"rpc_id":7940397281847607295,"provider_id":3,"parent_rpc_id":65535,"parent_provider_id":65535,"name":"__identity__","origin":{"sent to ofi+cxi://0x20513c00":{"iforward":{"duration":{"num":1,"min":0.000016928,"max":0.000016928,"avg":0.000016928,"var":0.000000000.0,"sum":0.000016928},"relative_timestamp_from_create":{"num":1,"min":0.000000238,"max":0.000000238,"avg":0.000000238,"var":0.000000000.0,"sum":0.000000238}},"forward_cb":{"duration":{"num":1,"min":0.000000238,"max":0.000000238,"avg":0.000000238,"var":0.000000000.0,"sum":0.000000238},"relative_timestamp_from_iforward_start":{"num":1,"min":0.000032902,"max":0.000032902,"avg":0.000032902,"var":0.000000000.0,"sum":0.000032902}},"iforward_wait":{"duration":{"num":1,"min":0.000016212,"max":0.000016212,"avg":0.000016212,"var":0.000000000.0,"sum":0.000016212},"relative_timestamp_from_iforward_end":{"num":1,"min":0.000000477,"max":0.000000477,"avg":0.000000477,"var":0.000000000.0,"sum":0.000000477}},"set_input":{"duration":{"num":0,"min":0.000000000.0,"max":0.000000000.0,"avg":0.000000000.0,"var":0.000000000.0,"sum":0.000000000.0},"relative_timestamp_from_iforward_start":{"num":0,"min":0.000000000.0,"max":0.000000000.0,"avg":0.000000000.0,"var":0.000000000.0,"sum":0.000000000.0}},"get_output":{"duration":{"num":1,"min":0.000003338,"max":0.000003338,"avg":0.000003338,"var":0.000000000.0,"sum":0.000003338},"relative_timestamp_from_wait_end":{"num":1,"min":0.000000238,"max":0.000000238,"avg":0.000000238,"var":0.000000000.0,"sum":0.000000238}}}}},"65535:65535:13994581936748691455:0":{"rpc_id":-4452162136960860161,"provider_id":0,"parent_rpc_id":65535,"parent_provider_id":65535,"name":"bedrock_start_provider","origin":{"sent to ofi+cxi://0x20513c00":{"iforward":{"duration":{"num":1,"min":0.000025511,"max":0.000025511,"avg":0.000025511,"var":0.000000000.0,"sum":0.000025511},"relative_timestamp_from_create":{"num":1,"min":0.000000000.0,"max":0.000000000.0,"avg":0.000000000.0,"var":0.000000000.0,"sum":0.000000000.0}},"forward_cb":{"duration":{"num":1,"min":0.000000000.0,"max":0.000000000.0,"avg":0.000000000.0,"var":0.000000000.0,"sum":0.000000000.0},"relative_timestamp_from_iforward_start":{"num":1,"min":0.000115633,"max":0.000115633,"avg":0.000115633,"var":0.000000000.0,"sum":0.000115633}},"iforward_wait":{"duration":{"num":1,"min":0.000090599,"max":0.000090599,"avg":0.000090599,"var":0.000000000.0,"sum":0.000090599},"relative_timestamp_from_iforward_end":{"num":1,"min":0.000000000.0,"max":0.000000000.0,"avg":0.000000000.0,"var":0.000000000.0,"sum":0.000000000.0}},"set_input":{"duration":{"num":1,"min":0.000000238,"max":0.000000238,"avg":0.000000238,"var":0.000000000.0,"sum":0.000000238},"relative_timestamp_from_iforward_start":{"num":1,"min":0.000005722,"max":0.000005722,"avg":0.000005722,"var":0.000000000.0,"sum":0.000005722}},"get_output":{"duration":{"num":1,"min":0.000000238,"max":0.000000238,"avg":0.000000238,"var":0.000000000.0,"sum":0.000000238},"relative_timestamp_from_wait_end":{"num":1,"min":0.000000477,"max":0.000000477,"avg":0.000000477,"var":0.000000000.0,"sum":0.000000477}}}}},"65535:65535:16409450654956847103:3":{"rpc_id":-2037293418752704513,"provider_id":3,"parent_rpc_id":65535,"parent_provider_id":65535,"name":"yk_doc_store","origin":{"sent to ofi+cxi://0x20513c00":{"iforward":{"duration":{"num":1,"min":0.000028372,"max":0.000028372,"avg":0.000028372,"var":0.000000000.0,"sum":0.000028372},"relative_timestamp_from_create":{"num":1,"min":0.000000000.0,"max":0.000000000.0,"avg":0.000000000.0,"var":0.000000000.0,"sum":0.000000000.0}},"forward_cb":{"duration":{"num":1,"min":0.000000238,"max":0.000000238,"avg":0.000000238,"var":0.000000000.0,"sum":0.000000238},"relative_timestamp_from_iforward_start":{"num":1,"min":0.000080824,"max":0.000080824,"avg":0.000080824,"var":0.000000000.0,"sum":0.000080824}},"iforward_wait":{"duration":{"num":1,"min":0.000053167,"max":0.000053167,"avg":0.000053167,"var":0.000000000.0,"sum":0.000053167},"relative_timestamp_from_iforward_end":{"num":1,"min":0.000000000.0,"max":0.000000000.0,"avg":0.000000000.0,"var":0.000000000.0,"sum":0.000000000.0}},"set_input":{"duration":{"num":1,"min":0.000004768,"max":0.000004768,"avg":0.000004768,"var":0.000000000.0,"sum":0.000004768},"relative_timestamp_from_iforward_start":{"num":1,"min":0.000003576,"max":0.000003576,"avg":0.000003576,"var":0.000000000.0,"sum":0.000003576}},"get_output":{"duration":{"num":1,"min":0.000004053,"max":0.000004053,"avg":0.000004053,"var":0.000000000.0,"sum":0.000004053},"relative_timestamp_from_wait_end":{"num":1,"min":0.000000000.0,"max":0.000000000.0,"avg":0.000000000.0,"var":0.000000000.0,"sum":0.000000000.0}}}}},"65535:65535:65535:65535":{"rpc_id":65535,"provider_id":65535,"parent_rpc_id":65535,"parent_provider_id":65535,"name":"","target":{"received from <unknown>":{"bulk":{"create":{"duration":{"num":1,"min":0.000039339,"max":0.000039339,"avg":0.000039339,"var":0.000000000.0,"sum":0.000039339},"size":{"num":1,"min":104.000000000.0,"max":104.000000000.0,"avg":104.000000000.0,"var":0.000000000.0,"sum":104.000000000.0}}}}}}}}