{"address":"","progress_loop":{"progress_with_timeout":{"num":6,"min":0.000032902,"max":0.099951267,"avg":0.016934633,"var":0.008271582,"sum":0.101607800},"progress_timeout_value_msec":{"num":6,"min":100.000000000.0,"max":100.000000000.0,"avg":100.000000000.0,"var":0.000000000.0,"sum":600.000000000.0},"progress_without_timeout":{"num":0,"min":0.000000000.0,"max":0.000000000.0,"avg":0.000000000.0,"var":0.000000000.0,"sum":0.000000000.0},"trigger":{"num":4,"min":0.000000477,"max":0.000000954,"avg":0.000000596,"var":0.000000000,"sum":0.000002384}},"rpcs":{"65535:65535:5386877029230641151:0":{"rpc_id":5386877029230641151,"provider_id":0,"parent_rpc_id":65535,"parent_provider_id":65535,"name":"bedrock_query_config","origin":{"sent to ofi+cxi://0x20513c00":{"iforward":{"duration":{"num":1,"min":0.000139713,"max":0.000139713,"avg":0.000139713,"var":0.000000000.0,"sum":0.000139713},"relative_timestamp_from_create":{"num":1,"min":0.000018835,"max":0.000018835,"avg":0.000018835,"var":0.000000000.0,"sum":0.000018835}},"forward_cb":{"duration":{"num":1,"min":0.000000477,"max":0.000000477,"avg":0.000000477,"var":0.000000000.0,"sum":0.000000477},"relative_timestamp_from_iforward_start":{"num":1,"min":0.001714468,"max":0.001714468,"avg":0.001714468,"var":0.000000000.0,"sum":0.001714468}},"iforward_wait":{"duration":{"num":1,"min":0.001488924,"max":0.001488924,"avg":0.001488924,"var":0.000000000.0,"sum":0.001488924},"relative_timestamp_from_iforward_end":{"num":1,"min":0.000087500,"max":0.000087500,"avg":0.000087500,"var":0.000000000.0,"sum":0.000087500}},"set_input":{"duration":{"num":1,"min":0.000055790,"max":0.000055790,"avg":0.000055790,"var":0.000000000.0,"sum":0.000055790},"relative_timestamp_from_iforward_start":{"num":1,"min":0.000051498,"max":0.000051498,"avg":0.000051498,"var":0.000000000.0,"sum":0.000051498}},"get_output":{"duration":{"num":1,"min":0.000010490,"max":0.000010490,"avg":0.000010490,"var":0.000000000.0,"sum":0.000010490},"relative_timestamp_from_wait_end":{"num":1,"min":0.000020742,"max":0.000020742,"avg":0.000020742,"var":0.000000000.0,"sum":0.000020742}}}}},"65535:65535:7940397281847607295:3":{"rpc_id":7940397281847607295,"provider_id":3,"parent_rpc_id":65535,"parent_provider_id":65535,"name":"__identity__","origin":{"sent to ofi+cxi://0x20513c00":{"iforward":{"duration":{"num":1,"min":0.000022888,"max":0.000022888,"avg":0.000022888,"var":0.000000000.0,"sum":0.000022888},"relative_timestamp_from_create":{"num":1,"min":0.000000238,"max":0.000000238,"avg":0.000000238,"var":0.000000000.0,"sum":0.000000238}},"forward_cb":{"duration":{"num":1,"min":0.000000238,"max":0.000000238,"avg":0.000000238,"var":0.000000000.0,"sum":0.000000238},"relative_timestamp_from_iforward_start":{"num":1,"min":0.000060320,"max":0.000060320,"avg":0.000060320,"var":0.000000000.0,"sum":0.000060320}},"iforward_wait":{"duration":{"num":1,"min":0.000038147,"max":0.000038147,"avg":0.000038147,"var":0.000000000.0,"sum":0.000038147},"relative_timestamp_from_iforward_end":{"num":1,"min":0.000000000.0,"max":0.000000000.0,"avg":0.000000000.0,"var":0.000000000.0,"sum":0.000000000.0}},"set_input":{"duration":{"num":0,"min":0.000000000.0,"max":0.000000000.0,"avg":0.000000000.0,"var":0.000000000.0,"sum":0.000000000.0},"relative_timestamp_from_iforward_start":{"num":0,"min":0.000000000.0,"max":0.000000000.0,"avg":0.000000000.0,"var":0.000000000.0,"sum":0.000000000.0}},"get_output":{"duration":{"num":1,"min":0.000014067,"max":0.000014067,"avg":0.000014067,"var":0.000000000.0,"sum":0.000014067},"relative_timestamp_from_wait_end":{"num":1,"min":0.000000238,"max":0.000000238,"avg":0.000000238,"var":0.000000000.0,"sum":0.000000238}}}}},"65535:65535:1170338683618918399:3":{"rpc_id":1170338683618918399,"provider_id":3,"parent_rpc_id":65535,"parent_provider_id":65535,"name":"yk_put_direct","origin":{"sent to ofi+cxi://0x20513c00":{"iforward":{"duration":{"num":1,"min":0.000055552,"max":0.000055552,"avg":0.000055552,"var":0.000000000.0,"sum":0.000055552},"relative_timestamp_from_create":{"num":1,"min":0.000000238,"max":0.000000238,"avg":0.000000238,"var":0.000000000.0,"sum":0.000000238}},"forward_cb":{"duration":{"num":1,"min":0.000000238,"max":0.000000238,"avg":0.000000238,"var":0.000000000.0,"sum":0.000000238},"relative_timestamp_from_iforward_start":{"num":1,"min":0.000156879,"max":0.000156879,"avg":0.000156879,"var":0.000000000.0,"sum":0.000156879}},"iforward_wait":{"duration":{"num":1,"min":0.000102520,"max":0.000102520,"avg":0.000102520,"var":0.000000000.0,"sum":0.000102520},"relative_timestamp_from_iforward_end":{"num":1,"min":0.000000000.0,"max":0.000000000.0,"avg":0.000000000.0,"var":0.000000000.0,"sum":0.000000000.0}},"set_input":{"duration":{"num":1,"min":0.000028133,"max":0.000028133,"avg":0.000028133,"var":0.000000000.0,"sum":0.000028133},"relative_timestamp_from_iforward_start":{"num":1,"min":0.000004768,"max":0.000004768,"avg":0.000004768,"var":0.000000000.0,"sum":0.000004768}},"get_output":{"duration":{"num":1,"min":0.000000238,"max":0.000000238,"avg":0.000000238,"var":0.000000000.0,"sum":0.000000238},"relative_timestamp_from_wait_end":{"num":1,"min":0.000000238,"max":0.000000238,"avg":0.000000238,"var":0.000000000.0,"sum":0.000000238}}}}},"65535:65535:13614918458553729023:3":{"rpc_id":-4831825615155822593,"provider_id":3,"parent_rpc_id":65535,"parent_provider_id":65535,"name":"yk_coll_create","origin":{"sent to ofi+cxi://0x20513c00":{"iforward":{"duration":{"num":1,"min":0.000027657,"max":0.000027657,"avg":0.000027657,"var":0.000000000.0,"sum":0.000027657},"relative_timestamp_from_create":{"num":1,"min":0.000000238,"max":0.000000238,"avg":0.000000238,"var":0.000000000.0,"sum":0.000000238}},"forward_cb":{"duration":{"num":1,"min":0.000000238,"max":0.000000238,"avg":0.000000238,"var":0.000000000.0,"sum":0.000000238},"relative_timestamp_from_iforward_start":{"num":1,"min":0.000101328,"max":0.000101328,"avg":0.000101328,"var":0.000000000.0,"sum":0.000101328}},"iforward_wait":{"duration":{"num":1,"min":0.000074387,"max":0.000074387,"avg":0.000074387,"var":0.000000000.0,"sum":0.000074387},"relative_timestamp_from_iforward_end":{"num":1,"min":0.000000238,"max":0.000000238,"avg":0.000000238,"var":0.000000000.0,"sum":0.000000238}},"set_input":{"duration":{"num":1,"min":0.000010490,"max":0.000010490,"avg":0.000010490,"var":0.000000000.0,"sum":0.000010490},"relative_timestamp_from_iforward_start":{"num":1,"min":0.000005722,"max":0.000005722,"avg":0.000005722,"var":0.000000000.0,"sum":0.000005722}},"get_output":{"duration":{"num":1,"min":0.000000238,"max":0.000000238,"avg":0.000000238,"var":0.000000000.0,"sum":0.000000238},"relative_timestamp_from_wait_end":{"num":1,"min":0.000000238,"max":0.000000238,"avg":0.000000238,"var":0.000000000.0,"sum":0.000000238}}}}}}}