{"address":"","progress_loop":{"progress_with_timeout":{"num":20190,"min":0.000001907,"max":0.118500471,"avg":0.099745756,"var":0.929483566,"sum":2013.866816521},"progress_timeout_value_msec":{"num":20190,"min":100.000000000.0,"max":100.000000000.0,"avg":100.000000000.0,"var":0.000000000.0,"sum":2019000.000000000.0},"progress_without_timeout":{"num":8467,"min":0.000000477,"max":0.000008106,"avg":0.000001164,"var":0.000000001,"sum":0.009854555},"trigger":{"num":124,"min":0.000003099,"max":0.024712086,"avg":0.010635566,"var":0.003397686,"sum":1.318810225}},"rpcs":{"65535:65535:5386877029230641151:0":{"rpc_id":5386877029230641151,"provider_id":0,"parent_rpc_id":65535,"parent_provider_id":65535,"name":"bedrock_query_config","origin":{"sent to ofi+cxi://0x2072f000":{"iforward":{"duration":{"num":1,"min":0.000197411,"max":0.000197411,"avg":0.000197411,"var":0.000000000.0,"sum":0.000197411},"relative_timestamp_from_create":{"num":1,"min":0.000027895,"max":0.000027895,"avg":0.000027895,"var":0.000000000.0,"sum":0.000027895}},"forward_cb":{"duration":{"num":1,"min":0.015812874,"max":0.015812874,"avg":0.015812874,"var":0.000000000.0,"sum":0.015812874},"relative_timestamp_from_iforward_start":{"num":1,"min":0.000737429,"max":0.000737429,"avg":0.000737429,"var":0.000000000.0,"sum":0.000737429}},"iforward_wait":{"duration":{"num":1,"min":0.032332659,"max":0.032332659,"avg":0.032332659,"var":0.000000000.0,"sum":0.032332659},"relative_timestamp_from_iforward_end":{"num":1,"min":0.000120878,"max":0.000120878,"avg":0.000120878,"var":0.000000000.0,"sum":0.000120878}},"set_input":{"duration":{"num":1,"min":0.000079632,"max":0.000079632,"avg":0.000079632,"var":0.000000000.0,"sum":0.000079632},"relative_timestamp_from_iforward_start":{"num":1,"min":0.000077248,"max":0.000077248,"avg":0.000077248,"var":0.000000000.0,"sum":0.000077248}},"get_output":{"duration":{"num":1,"min":0.000015974,"max":0.000015974,"avg":0.000015974,"var":0.000000000.0,"sum":0.000015974},"relative_timestamp_from_wait_end":{"num":1,"min":0.000035763,"max":0.000035763,"avg":0.000035763,"var":0.000000000.0,"sum":0.000035763}}}}},"65535:65535:7940397281847607295:3":{"rpc_id":7940397281847607295,"provider_id":3,"parent_rpc_id":65535,"parent_provider_id":65535,"name":"__identity__","origin":{"sent to ofi+cxi://0x2072f000":{"iforward":{"duration":{"num":1,"min":0.031422615,"max":0.031422615,"avg":0.031422615,"var":0.000000000.0,"sum":0.031422615},"relative_timestamp_from_create":{"num":1,"min":0.000001431,"max":0.000001431,"avg":0.000001431,"var":0.000000000.0,"sum":0.000001431}},"forward_cb":{"duration":{"num":1,"min":0.015960693,"max":0.015960693,"avg":0.015960693,"var":0.000000000.0,"sum":0.015960693},"relative_timestamp_from_iforward_start":{"num":1,"min":0.031446457,"max":0.031446457,"avg":0.031446457,"var":0.000000000.0,"sum":0.031446457}},"iforward_wait":{"duration":{"num":1,"min":0.031984806,"max":0.031984806,"avg":0.031984806,"var":0.000000000.0,"sum":0.031984806},"relative_timestamp_from_iforward_end":{"num":1,"min":0.000001431,"max":0.000001431,"avg":0.000001431,"var":0.000000000.0,"sum":0.000001431}},"set_input":{"duration":{"num":0,"min":0.000000000.0,"max":0.000000000.0,"avg":0.000000000.0,"var":0.000000000.0,"sum":0.000000000.0},"relative_timestamp_from_iforward_start":{"num":0,"min":0.000000000.0,"max":0.000000000.0,"avg":0.000000000.0,"var":0.000000000.0,"sum":0.000000000.0}},"get_output":{"duration":{"num":1,"min":0.000020742,"max":0.000020742,"avg":0.000020742,"var":0.000000000.0,"sum":0.000020742},"relative_timestamp_from_wait_end":{"num":1,"min":0.000001431,"max":0.000001431,"avg":0.000001431,"var":0.000000000.0,"sum":0.000001431}}}}},"65535:65535:15281833229347258367:3":{"rpc_id":-3164910844362293249,"provider_id":3,"parent_rpc_id":65535,"parent_provider_id":65535,"name":"yk_length_direct","origin":{"sent to ofi+cxi://0x2072f000":{"iforward":{"duration":{"num":1,"min":0.000054121,"max":0.000054121,"avg":0.000054121,"var":0.000000000.0,"sum":0.000054121},"relative_timestamp_from_create":{"num":1,"min":0.000000954,"max":0.000000954,"avg":0.000000954,"var":0.000000000.0,"sum":0.000000954}},"forward_cb":{"duration":{"num":1,"min":0.015321493,"max":0.015321493,"avg":0.015321493,"var":0.000000000.0,"sum":0.015321493},"relative_timestamp_from_iforward_start":{"num":1,"min":0.000076532,"max":0.000076532,"avg":0.000076532,"var":0.000000000.0,"sum":0.000076532}},"iforward_wait":{"duration":{"num":1,"min":0.031342268,"max":0.031342268,"avg":0.031342268,"var":0.000000000.0,"sum":0.031342268},"relative_timestamp_from_iforward_end":{"num":1,"min":0.000001431,"max":0.000001431,"avg":0.000001431,"var":0.000000000.0,"sum":0.000001431}},"set_input":{"duration":{"num":1,"min":0.000027895,"max":0.000027895,"avg":0.000027895,"var":0.000000000.0,"sum":0.000027895},"relative_timestamp_from_iforward_start":{"num":1,"min":0.000009537,"max":0.000009537,"avg":0.000009537,"var":0.000000000.0,"sum":0.000009537}},"get_output":{"duration":{"num":1,"min":0.000018597,"max":0.000018597,"avg":0.000018597,"var":0.000000000.0,"sum":0.000018597},"relative_timestamp_from_wait_end":{"num":1,"min":0.000001431,"max":0.000001431,"avg":0.000001431,"var":0.000000000.0,"sum":0.000001431}}}}},"65535:65535:14263933427668549631:3":{"rpc_id":-4182810646041001985,"provider_id":3,"parent_rpc_id":65535,"parent_provider_id":65535,"name":"yk_get","origin":{"sent to ofi+cxi://0x2072f000":{"iforward":{"duration":{"num":1,"min":0.000066042,"max":0.000066042,"avg":0.000066042,"var":0.000000000.0,"sum":0.000066042},"relative_timestamp_from_create":{"num":1,"min":0.000001431,"max":0.000001431,"avg":0.000001431,"var":0.000000000.0,"sum":0.000001431}},"forward_cb":{"duration":{"num":1,"min":0.015739679,"max":0.015739679,"avg":0.015739679,"var":0.000000000.0,"sum":0.015739679},"relative_timestamp_from_iforward_start":{"num":1,"min":0.000103235,"max":0.000103235,"avg":0.000103235,"var":0.000000000.0,"sum":0.000103235}},"iforward_wait":{"duration":{"num":1,"min":0.031779051,"max":0.031779051,"avg":0.031779051,"var":0.000000000.0,"sum":0.031779051},"relative_timestamp_from_iforward_end":{"num":1,"min":0.000001431,"max":0.000001431,"avg":0.000001431,"var":0.000000000.0,"sum":0.000001431}},"set_input":{"duration":{"num":1,"min":0.000032425,"max":0.000032425,"avg":0.000032425,"var":0.000000000.0,"sum":0.000032425},"relative_timestamp_from_iforward_start":{"num":1,"min":0.000012636,"max":0.000012636,"avg":0.000012636,"var":0.000000000.0,"sum":0.000012636}},"get_output":{"duration":{"num":1,"min":0.000001431,"max":0.000001431,"avg":0.000001431,"var":0.000000000.0,"sum":0.000001431},"relative_timestamp_from_wait_end":{"num":1,"min":0.000000954,"max":0.000000954,"avg":0.000000954,"var":0.000000000.0,"sum":0.000000954}}}}},"65535:65535:6151631875094937599:3":{"rpc_id":6151631875094937599,"provider_id":3,"parent_rpc_id":65535,"parent_provider_id":65535,"name":"yk_doc_iter","origin":{"sent to ofi+cxi://0x2072f000":{"iforward":{"duration":{"num":2,"min":0.000018597,"max":0.000038624,"avg":0.000028610,"var":0.000000000,"sum":0.000057220},"relative_timestamp_from_create":{"num":2,"min":0.000000954,"max":0.000001431,"avg":0.000001192,"var":0.000000000,"sum":0.000002384}},"forward_cb":{"duration":{"num":2,"min":0.015944242,"max":0.015971422,"avg":0.015957832,"var":0.000000000,"sum":0.031915665},"relative_timestamp_from_iforward_start":{"num":2,"min":0.000042439,"max":0.031901598,"avg":0.015972018,"var":0.000507503,"sum":0.031944036}},"iforward_wait":{"duration":{"num":2,"min":0.031969786,"max":0.063834429,"avg":0.047902107,"var":0.000507678,"sum":0.095804214},"relative_timestamp_from_iforward_end":{"num":2,"min":0.000000954,"max":0.000000954,"avg":0.000000954,"var":0.000000000.0,"sum":0.000001907}},"set_input":{"duration":{"num":2,"min":0.000001431,"max":0.000015259,"avg":0.000008345,"var":0.000000000,"sum":0.000016689},"relative_timestamp_from_iforward_start":{"num":2,"min":0.000003338,"max":0.000009537,"avg":0.000006437,"var":0.000000000,"sum":0.000012875}},