{"address":"","progress_loop":{"progress_with_timeout":{"num":9,"min":0.000001907,"max":0.100859404,"avg":0.011404117,"var":0.009004373,"sum":0.102637053},"progress_timeout_value_msec":{"num":9,"min":100.000000000.0,"max":100.000000000.0,"avg":100.000000000.0,"var":0.000000000.0,"sum":900.000000000.0},"progress_without_timeout":{"num":0,"min":0.000000000.0,"max":0.000000000.0,"avg":0.000000000.0,"var":0.000000000.0,"sum":0.000000000.0},"trigger":{"num":4,"min":0.000000477,"max":0.000000954,"avg":0.000000596,"var":0.000000000,"sum":0.000002384}},"rpcs":{"65535:65535:5386877029230641151:0":{"rpc_id":5386877029230641151,"provider_id":0,"parent_rpc_id":65535,"parent_provider_id":65535,"name":"bedrock_query_config","origin":{"sent to ofi+cxi://0x2072f000":{"iforward":{"duration":{"num":1,"min":0.000142336,"max":0.000142336,"avg":0.000142336,"var":0.000000000.0,"sum":0.000142336},"relative_timestamp_from_create":{"num":1,"min":0.000018597,"max":0.000018597,"avg":0.000018597,"var":0.000000000.0,"sum":0.000018597}},"forward_cb":{"duration":{"num":1,"min":0.000000477,"max":0.000000477,"avg":0.000000477,"var":0.000000000.0,"sum":0.000000477},"relative_timestamp_from_iforward_start":{"num":1,"min":0.001788378,"max":0.001788378,"avg":0.001788378,"var":0.000000000.0,"sum":0.001788378}},"iforward_wait":{"duration":{"num":1,"min":0.001561880,"max":0.001561880,"avg":0.001561880,"var":0.000000000.0,"sum":0.001561880},"relative_timestamp_from_iforward_end":{"num":1,"min":0.000085831,"max":0.000085831,"avg":0.000085831,"var":0.000000000.0,"sum":0.000085831}},"set_input":{"duration":{"num":1,"min":0.000055790,"max":0.000055790,"avg":0.000055790,"var":0.000000000.0,"sum":0.000055790},"relative_timestamp_from_iforward_start":{"num":1,"min":0.000056505,"max":0.000056505,"avg":0.000056505,"var":0.000000000.0,"sum":0.000056505}},"get_output":{"duration":{"num":1,"min":0.000010490,"max":0.000010490,"avg":0.000010490,"var":0.000000000.0,"sum":0.000010490},"relative_timestamp_from_wait_end":{"num":1,"min":0.000020266,"max":0.000020266,"avg":0.000020266,"var":0.000000000.0,"sum":0.000020266}}}}},"65535:65535:7940397281847607295:3":{"rpc_id":7940397281847607295,"provider_id":3,"parent_rpc_id":65535,"parent_provider_id":65535,"name":"__identity__","origin":{"sent to ofi+cxi://0x2072f000":{"iforward":{"duration":{"num":1,"min":0.000017881,"max":0.000017881,"avg":0.000017881,"var":0.000000000.0,"sum":0.000017881},"relative_timestamp_from_create":{"num":1,"min":0.000000238,"max":0.000000238,"avg":0.000000238,"var":0.000000000.0,"sum":0.000000238}},"forward_cb":{"duration":{"num":1,"min":0.000000238,"max":0.000000238,"avg":0.000000238,"var":0.000000000.0,"sum":0.000000238},"relative_timestamp_from_iforward_start":{"num":1,"min":0.000072241,"max":0.000072241,"avg":0.000072241,"var":0.000000000.0,"sum":0.000072241}},"iforward_wait":{"duration":{"num":1,"min":0.000054836,"max":0.000054836,"avg":0.000054836,"var":0.000000000.0,"sum":0.000054836},"relative_timestamp_from_iforward_end":{"num":1,"min":0.000000238,"max":0.000000238,"avg":0.000000238,"var":0.000000000.0,"sum":0.000000238}},"set_input":{"duration":{"num":0,"min":0.000000000.0,"max":0.000000000.0,"avg":0.000000000.0,"var":0.000000000.0,"sum":0.000000000.0},"relative_timestamp_from_iforward_start":{"num":0,"min":0.000000000.0,"max":0.000000000.0,"avg":0.000000000.0,"var":0.000000000.0,"sum":0.000000000.0}},"get_output":{"duration":{"num":1,"min":0.000013351,"max":0.000013351,"avg":0.000013351,"var":0.000000000.0,"sum":0.000013351},"relative_timestamp_from_wait_end":{"num":1,"min":0.000000238,"max":0.000000238,"avg":0.000000238,"var":0.000000000.0,"sum":0.000000238}}}}},"65535:65535:1170338683618918399:3":{"rpc_id":1170338683618918399,"provider_id":3,"parent_rpc_id":65535,"parent_provider_id":65535,"name":"yk_put_direct","origin":{"sent to ofi+cxi://0x2072f000":{"iforward":{"duration":{"num":1,"min":0.000060081,"max":0.000060081,"avg":0.000060081,"var":0.000000000.0,"sum":0.000060081},"relative_timestamp_from_create":{"num":1,"min":0.000000238,"max":0.000000238,"avg":0.000000238,"var":0.000000000.0,"sum":0.000000238}},"forward_cb":{"duration":{"num":1,"min":0.000000000.0,"max":0.000000000.0,"avg":0.000000000.0,"var":0.000000000.0,"sum":0.000000000.0},"relative_timestamp_from_iforward_start":{"num":1,"min":0.000173092,"max":0.000173092,"avg":0.000173092,"var":0.000000000.0,"sum":0.000173092}},"iforward_wait":{"duration":{"num":1,"min":0.000113726,"max":0.000113726,"avg":0.000113726,"var":0.000000000.0,"sum":0.000113726},"relative_timestamp_from_iforward_end":{"num":1,"min":0.000000238,"max":0.000000238,"avg":0.000000238,"var":0.000000000.0,"sum":0.000000238}},"set_input":{"duration":{"num":1,"min":0.000028610,"max":0.000028610,"avg":0.000028610,"var":0.000000000.0,"sum":0.000028610},"relative_timestamp_from_iforward_start":{"num":1,"min":0.000005722,"max":0.000005722,"avg":0.000005722,"var":0.000000000.0,"sum":0.000005722}},"get_output":{"duration":{"num":1,"min":0.000000238,"max":0.000000238,"avg":0.000000238,"var":0.000000000.0,"sum":0.000000238},"relative_timestamp_from_wait_end":{"num":1,"min":0.000000000.0,"max":0.000000000.0,"avg":0.000000000.0,"var":0.000000000.0,"sum":0.000000000.0}}}}},"65535:65535:13614918458553729023:3":{"rpc_id":-4831825615155822593,"provider_id":3,"parent_rpc_id":65535,"parent_provider_id":65535,"name":"yk_coll_create","origin":{"sent to ofi+cxi://0x2072f000":{"iforward":{"duration":{"num":1,"min":0.000025034,"max":0.000025034,"avg":0.000025034,"var":0.000000000.0,"sum":0.000025034},"relative_timestamp_from_create":{"num":1,"min":0.000000000.0,"max":0.000000000.0,"avg":0.000000000.0,"var":0.000000000.0,"sum":0.000000000.0}},"forward_cb":{"duration":{"num":1,"min":0.000000000.0,"max":0.000000000.0,"avg":0.000000000.0,"var":0.000000000.0,"sum":0.000000000.0},"relative_timestamp_from_iforward_start":{"num":1,"min":0.000119209,"max":0.000119209,"avg":0.000119209,"var":0.000000000.0,"sum":0.000119209}},"iforward_wait":{"duration":{"num":1,"min":0.000094891,"max":0.000094891,"avg":0.000094891,"var":0.000000000.0,"sum":0.000094891},"relative_timestamp_from_iforward_end":{"num":1,"min":0.000000000.0,"max":0.000000000.0,"avg":0.000000000.0,"var":0.000000000.0,"sum":0.000000000.0}},"set_input":{"duration":{"num":1,"min":0.000010014,"max":0.000010014,"avg":0.000010014,"var":0.000000000.0,"sum":0.000010014},"relative_timestamp_from_iforward_start":{"num":1,"min":0.000003338,"max":0.000003338,"avg":0.000003338,"var":0.000000000.0,"sum":0.000003338}},"get_output":{"duration":{"num":1,"min":0.000000238,"max":0.000000238,"avg":0.000000238,"var":0.000000000.0,"sum":0.000000238},"relative_timestamp_from_wait_end":{"num":1,"min":0.000000000.0,"max":0.000000000.0,"avg":0.000000000.0,"var":0.000000000.0,"sum":0.000000000.0}}}}}}}