{"address":"","progress_loop":{"progress_with_timeout":{"num":9,"min":0.000002623,"max":0.100800276,"avg":0.011330260,"var":0.009005821,"sum":0.101972342},"progress_timeout_value_msec":{"num":9,"min":100.000000000.0,"max":100.000000000.0,"avg":100.000000000.0,"var":0.000000000.0,"sum":900.000000000.0},"progress_without_timeout":{"num":0,"min":0.000000000.0,"max":0.000000000.0,"avg":0.000000000.0,"var":0.000000000.0,"sum":0.000000000.0},"trigger":{"num":5,"min":0.000000238,"max":0.000000715,"avg":0.000000381,"var":0.000000000,"sum":0.000001907}},"rpcs":{"65535:65535:5386877029230641151:0":{"rpc_id":5386877029230641151,"provider_id":0,"parent_rpc_id":65535,"parent_provider_id":65535,"name":"bedrock_query_config","origin":{"sent to ofi+cxi://0x2072f000":{"iforward":{"duration":{"num":2,"min":0.000015736,"max":0.000056028,"avg":0.000035882,"var":0.000000001,"sum":0.000071764},"relative_timestamp_from_create":{"num":2,"min":0.000000000.0,"max":0.000004053,"avg":0.000002027,"var":0.000000000,"sum":0.000004053}},"forward_cb":{"duration":{"num":2,"min":0.000000238,"max":0.000000477,"avg":0.000000358,"var":0.000000000,"sum":0.000000715},"relative_timestamp_from_iforward_start":{"num":2,"min":0.000478029,"max":0.000617504,"avg":0.000547767,"var":0.000000010,"sum":0.001095533}},"iforward_wait":{"duration":{"num":2,"min":0.000462770,"max":0.000545502,"avg":0.000504136,"var":0.000000003,"sum":0.001008272},"relative_timestamp_from_iforward_end":{"num":2,"min":0.000000238,"max":0.000017405,"avg":0.000008821,"var":0.000000000,"sum":0.000017643}},"set_input":{"duration":{"num":2,"min":0.000000477,"max":0.000010490,"avg":0.000005484,"var":0.000000000,"sum":0.000010967},"relative_timestamp_from_iforward_start":{"num":2,"min":0.000002384,"max":0.000016689,"avg":0.000009537,"var":0.000000000,"sum":0.000019073}},"get_output":{"duration":{"num":2,"min":0.000000477,"max":0.000002861,"avg":0.000001669,"var":0.000000000,"sum":0.000003338},"relative_timestamp_from_wait_end":{"num":2,"min":0.000000477,"max":0.000004292,"avg":0.000002384,"var":0.000000000,"sum":0.000004768}}}}},"65535:65535:7940397281847607295:3":{"rpc_id":7940397281847607295,"provider_id":3,"parent_rpc_id":65535,"parent_provider_id":65535,"name":"__identity__","origin":{"sent to ofi+cxi://0x2072f000":{"iforward":{"duration":{"num":1,"min":0.000020266,"max":0.000020266,"avg":0.000020266,"var":0.000000000.0,"sum":0.000020266},"relative_timestamp_from_create":{"num":1,"min":0.000000238,"max":0.000000238,"avg":0.000000238,"var":0.000000000.0,"sum":0.000000238}},"forward_cb":{"duration":{"num":1,"min":0.000000000.0,"max":0.000000000.0,"avg":0.000000000.0,"var":0.000000000.0,"sum":0.000000000.0},"relative_timestamp_from_iforward_start":{"num":1,"min":0.000040054,"max":0.000040054,"avg":0.000040054,"var":0.000000000.0,"sum":0.000040054}},"iforward_wait":{"duration":{"num":1,"min":0.000020266,"max":0.000020266,"avg":0.000020266,"var":0.000000000.0,"sum":0.000020266},"relative_timestamp_from_iforward_end":{"num":1,"min":0.000000238,"max":0.000000238,"avg":0.000000238,"var":0.000000000.0,"sum":0.000000238}},"set_input":{"duration":{"num":0,"min":0.000000000.0,"max":0.000000000.0,"avg":0.000000000.0,"var":0.000000000.0,"sum":0.000000000.0},"relative_timestamp_from_iforward_start":{"num":0,"min":0.000000000.0,"max":0.000000000.0,"avg":0.000000000.0,"var":0.000000000.0,"sum":0.000000000.0}},"get_output":{"duration":{"num":1,"min":0.000002861,"max":0.000002861,"avg":0.000002861,"var":0.000000000.0,"sum":0.000002861},"relative_timestamp_from_wait_end":{"num":1,"min":0.000000000.0,"max":0.000000000.0,"avg":0.000000000.0,"var":0.000000000.0,"sum":0.000000000.0}}}}},"65535:65535:13994581936748691455:0":{"rpc_id":-4452162136960860161,"provider_id":0,"parent_rpc_id":65535,"parent_provider_id":65535,"name":"bedrock_start_provider","origin":{"sent to ofi+cxi://0x2072f000":{"iforward":{"duration":{"num":1,"min":0.000025511,"max":0.000025511,"avg":0.000025511,"var":0.000000000.0,"sum":0.000025511},"relative_timestamp_from_create":{"num":1,"min":0.000000000.0,"max":0.000000000.0,"avg":0.000000000.0,"var":0.000000000.0,"sum":0.000000000.0}},"forward_cb":{"duration":{"num":1,"min":0.000000000.0,"max":0.000000000.0,"avg":0.000000000.0,"var":0.000000000.0,"sum":0.000000000.0},"relative_timestamp_from_iforward_start":{"num":1,"min":0.000120640,"max":0.000120640,"avg":0.000120640,"var":0.000000000.0,"sum":0.000120640}},"iforward_wait":{"duration":{"num":1,"min":0.000095367,"max":0.000095367,"avg":0.000095367,"var":0.000000000.0,"sum":0.000095367},"relative_timestamp_from_iforward_end":{"num":1,"min":0.000000238,"max":0.000000238,"avg":0.000000238,"var":0.000000000.0,"sum":0.000000238}},"set_input":{"duration":{"num":1,"min":0.000000238,"max":0.000000238,"avg":0.000000238,"var":0.000000000.0,"sum":0.000000238},"relative_timestamp_from_iforward_start":{"num":1,"min":0.000005960,"max":0.000005960,"avg":0.000005960,"var":0.000000000.0,"sum":0.000005960}},"get_output":{"duration":{"num":1,"min":0.000000477,"max":0.000000477,"avg":0.000000477,"var":0.000000000.0,"sum":0.000000477},"relative_timestamp_from_wait_end":{"num":1,"min":0.000000238,"max":0.000000238,"avg":0.000000238,"var":0.000000000.0,"sum":0.000000238}}}}},"65535:65535:16409450654956847103:3":{"rpc_id":-2037293418752704513,"provider_id":3,"parent_rpc_id":65535,"parent_provider_id":65535,"name":"yk_doc_store","origin":{"sent to ofi+cxi://0x2072f000":{"iforward":{"duration":{"num":1,"min":0.000027180,"max":0.000027180,"avg":0.000027180,"var":0.000000000.0,"sum":0.000027180},"relative_timestamp_from_create":{"num":1,"min":0.000000000.0,"max":0.000000000.0,"avg":0.000000000.0,"var":0.000000000.0,"sum":0.000000000.0}},"forward_cb":{"duration":{"num":1,"min":0.000000238,"max":0.000000238,"avg":0.000000238,"var":0.000000000.0,"sum":0.000000238},"relative_timestamp_from_iforward_start":{"num":1,"min":0.000091553,"max":0.000091553,"avg":0.000091553,"var":0.000000000.0,"sum":0.000091553}},"iforward_wait":{"duration":{"num":1,"min":0.000065088,"max":0.000065088,"avg":0.000065088,"var":0.000000000.0,"sum":0.000065088},"relative_timestamp_from_iforward_end":{"num":1,"min":0.000000000.0,"max":0.000000000.0,"avg":0.000000000.0,"var":0.000000000.0,"sum":0.000000000.0}},"set_input":{"duration":{"num":1,"min":0.000005007,"max":0.000005007,"avg":0.000005007,"var":0.000000000.0,"sum":0.000005007},"relative_timestamp_from_iforward_start":{"num":1,"min":0.000003338,"max":0.000003338,"avg":0.000003338,"var":0.000000000.0,"sum":0.000003338}},"get_output":{"duration":{"num":1,"min":0.000004292,"max":0.000004292,"avg":0.000004292,"var":0.000000000.0,"sum":0.000004292},"relative_timestamp_from_wait_end":{"num":1,"min":0.000000238,"max":0.000000238,"avg":0.000000238,"var":0.000000000.0,"sum":0.000000238}}}}},"65535:65535:65535:65535":{"rpc_id":65535,"provider_id":65535,"parent_rpc_id":65535,"parent_provider_id":65535,"name":"","target":{"received from <unknown>":{"bulk":{"create":{"duration":{"num":1,"min":0.000041008,"max":0.000041008,"avg":0.000041008,"var":0.000000000.0,"sum":0.000041008},"size":{"num":1,"min":104.000000000.0,"max":104.000000000.0,"avg":104.000000000.0,"var":0.000000000.0,"sum":104.000000000.0}}}}}}}}