{"address":"","progress_loop":{"progress_with_timeout":{"num":22884,"min":0.000008106,"max":0.124787092,"avg":0.099528395,"var":1.028111438,"sum":2277.607784748},"progress_timeout_value_msec":{"num":22884,"min":100.000000000.0,"max":100.000000000.0,"avg":100.000000000.0,"var":0.000000000.0,"sum":2288400.000000000.0},"progress_without_timeout":{"num":189188,"min":0.000000000.0,"max":0.000004768,"avg":0.000000080,"var":0.000000002,"sum":0.015224695},"trigger":{"num":118,"min":0.000000000.0,"max":0.024136066,"avg":0.010880907,"var":0.003009740,"sum":1.283946991}},"rpcs":{"65535:65535:5386877029230641151:0":{"rpc_id":5386877029230641151,"provider_id":0,"parent_rpc_id":65535,"parent_provider_id":65535,"name":"bedrock_query_config","origin":{"sent to ofi+cxi://0x2082d400":{"iforward":{"duration":{"num":1,"min":0.000135422,"max":0.000135422,"avg":0.000135422,"var":0.000000000.0,"sum":0.000135422},"relative_timestamp_from_create":{"num":1,"min":0.000018835,"max":0.000018835,"avg":0.000018835,"var":0.000000000.0,"sum":0.000018835}},"forward_cb":{"duration":{"num":1,"min":0.013323545,"max":0.013323545,"avg":0.013323545,"var":0.000000000.0,"sum":0.013323545},"relative_timestamp_from_iforward_start":{"num":1,"min":0.000717640,"max":0.000717640,"avg":0.000717640,"var":0.000000000.0,"sum":0.000717640}},"iforward_wait":{"duration":{"num":1,"min":0.029904127,"max":0.029904127,"avg":0.029904127,"var":0.000000000.0,"sum":0.029904127},"relative_timestamp_from_iforward_end":{"num":1,"min":0.000086069,"max":0.000086069,"avg":0.000086069,"var":0.000000000.0,"sum":0.000086069}},"set_input":{"duration":{"num":1,"min":0.000055313,"max":0.000055313,"avg":0.000055313,"var":0.000000000.0,"sum":0.000055313},"relative_timestamp_from_iforward_start":{"num":1,"min":0.000052452,"max":0.000052452,"avg":0.000052452,"var":0.000000000.0,"sum":0.000052452}},"get_output":{"duration":{"num":1,"min":0.000010252,"max":0.000010252,"avg":0.000010252,"var":0.000000000.0,"sum":0.000010252},"relative_timestamp_from_wait_end":{"num":1,"min":0.000025272,"max":0.000025272,"avg":0.000025272,"var":0.000000000.0,"sum":0.000025272}}}}},"65535:65535:7940397281847607295:3":{"rpc_id":7940397281847607295,"provider_id":3,"parent_rpc_id":65535,"parent_provider_id":65535,"name":"__identity__","origin":{"sent to ofi+cxi://0x2082d400":{"iforward":{"duration":{"num":1,"min":0.000016928,"max":0.000016928,"avg":0.000016928,"var":0.000000000.0,"sum":0.000016928},"relative_timestamp_from_create":{"num":1,"min":0.000000000.0,"max":0.000000000.0,"avg":0.000000000.0,"var":0.000000000.0,"sum":0.000000000.0}},"forward_cb":{"duration":{"num":1,"min":0.015575647,"max":0.015575647,"avg":0.015575647,"var":0.000000000.0,"sum":0.015575647},"relative_timestamp_from_iforward_start":{"num":1,"min":0.000039339,"max":0.000039339,"avg":0.000039339,"var":0.000000000.0,"sum":0.000039339}},"iforward_wait":{"duration":{"num":1,"min":0.031597853,"max":0.031597853,"avg":0.031597853,"var":0.000000000.0,"sum":0.031597853},"relative_timestamp_from_iforward_end":{"num":1,"min":0.000000238,"max":0.000000238,"avg":0.000000238,"var":0.000000000.0,"sum":0.000000238}},"set_input":{"duration":{"num":0,"min":0.000000000.0,"max":0.000000000.0,"avg":0.000000000.0,"var":0.000000000.0,"sum":0.000000000.0},"relative_timestamp_from_iforward_start":{"num":0,"min":0.000000000.0,"max":0.000000000.0,"avg":0.000000000.0,"var":0.000000000.0,"sum":0.000000000.0}},"get_output":{"duration":{"num":1,"min":0.000015736,"max":0.000015736,"avg":0.000015736,"var":0.000000000.0,"sum":0.000015736},"relative_timestamp_from_wait_end":{"num":1,"min":0.000000238,"max":0.000000238,"avg":0.000000238,"var":0.000000000.0,"sum":0.000000238}}}}},"65535:65535:15281833229347258367:3":{"rpc_id":-3164910844362293249,"provider_id":3,"parent_rpc_id":65535,"parent_provider_id":65535,"name":"yk_length_direct","origin":{"sent to ofi+cxi://0x2082d400":{"iforward":{"duration":{"num":1,"min":0.000039339,"max":0.000039339,"avg":0.000039339,"var":0.000000000.0,"sum":0.000039339},"relative_timestamp_from_create":{"num":1,"min":0.000000238,"max":0.000000238,"avg":0.000000238,"var":0.000000000.0,"sum":0.000000238}},"forward_cb":{"duration":{"num":1,"min":0.015461683,"max":0.015461683,"avg":0.015461683,"var":0.000000000.0,"sum":0.015461683},"relative_timestamp_from_iforward_start":{"num":1,"min":0.000058889,"max":0.000058889,"avg":0.000058889,"var":0.000000000.0,"sum":0.000058889}},"iforward_wait":{"duration":{"num":1,"min":0.031481028,"max":0.031481028,"avg":0.031481028,"var":0.000000000.0,"sum":0.031481028},"relative_timestamp_from_iforward_end":{"num":1,"min":0.000000238,"max":0.000000238,"avg":0.000000238,"var":0.000000000.0,"sum":0.000000238}},"set_input":{"duration":{"num":1,"min":0.000018597,"max":0.000018597,"avg":0.000018597,"var":0.000000000.0,"sum":0.000018597},"relative_timestamp_from_iforward_start":{"num":1,"min":0.000005960,"max":0.000005960,"avg":0.000005960,"var":0.000000000.0,"sum":0.000005960}},"get_output":{"duration":{"num":1,"min":0.000015020,"max":0.000015020,"avg":0.000015020,"var":0.000000000.0,"sum":0.000015020},"relative_timestamp_from_wait_end":{"num":1,"min":0.000000238,"max":0.000000238,"avg":0.000000238,"var":0.000000000.0,"sum":0.000000238}}}}},"65535:65535:14263933427668549631:3":{"rpc_id":-4182810646041001985,"provider_id":3,"parent_rpc_id":65535,"parent_provider_id":65535,"name":"yk_get","origin":{"sent to ofi+cxi://0x2082d400":{"iforward":{"duration":{"num":1,"min":0.000047684,"max":0.000047684,"avg":0.000047684,"var":0.000000000.0,"sum":0.000047684},"relative_timestamp_from_create":{"num":1,"min":0.000000238,"max":0.000000238,"avg":0.000000238,"var":0.000000000.0,"sum":0.000000238}},"forward_cb":{"duration":{"num":1,"min":0.015761137,"max":0.015761137,"avg":0.015761137,"var":0.000000000.0,"sum":0.015761137},"relative_timestamp_from_iforward_start":{"num":1,"min":0.000108957,"max":0.000108957,"avg":0.000108957,"var":0.000000000.0,"sum":0.000108957}},"iforward_wait":{"duration":{"num":1,"min":0.031823158,"max":0.031823158,"avg":0.031823158,"var":0.000000000.0,"sum":0.031823158},"relative_timestamp_from_iforward_end":{"num":1,"min":0.000000238,"max":0.000000238,"avg":0.000000238,"var":0.000000000.0,"sum":0.000000238}},"set_input":{"duration":{"num":1,"min":0.000023603,"max":0.000023603,"avg":0.000023603,"var":0.000000000.0,"sum":0.000023603},"relative_timestamp_from_iforward_start":{"num":1,"min":0.000004530,"max":0.000004530,"avg":0.000004530,"var":0.000000000.0,"sum":0.000004530}},"get_output":{"duration":{"num":1,"min":0.000000238,"max":0.000000238,"avg":0.000000238,"var":0.000000000.0,"sum":0.000000238},"relative_timestamp_from_wait_end":{"num":1,"min":0.000000238,"max":0.000000238,"avg":0.000000238,"var":0.000000000.0,"sum":0.000000238}}}}},"65535:65535:6151631875094937599:3":{"rpc_id":6151631875094937599,"provider_id":3,"parent_rpc_id":65535,"parent_provider_id":65535,"name":"yk_doc_iter","origin":{"sent to ofi+cxi://0x2082d400":{"iforward":{"duration":{"num":2,"min":0.000015020,"max":0.000029087,"avg":0.000022054,"var":0.000000000,"sum":0.000044107},"relative_timestamp_from_create":{"num":2,"min":0.000000000.0,"max":0.000000238,"avg":0.000000119,"var":0.000000000,"sum":0.000000238}},"forward_cb":{"duration":{"num":2,"min":0.000000238,"max":0.015959978,"avg":0.007980108,"var":0.000127357,"sum":0.015960217},"relative_timestamp_from_iforward_start":{"num":2,"min":0.000032902,"max":0.047915459,"avg":0.023974180,"var":0.001146370,"sum":0.047948360}},"iforward_wait":{"duration":{"num":2,"min":0.031978369,"max":0.063888788,"avg":0.047933578,"var":0.000509137,"sum":0.095867157},"relative_timestamp_from_iforward_end":{"num":2,"min":0.000000238,"max":0.000000238,"avg":0.000000238,"var":0.000000000.0,"sum":0.000000477}},"set_input":{"duration":{"num":2,"min":0.000000238,"max":0.000010014,"avg":0.000005126,"var":0.000000000,"sum":0.000010252},"relative_timestamp_from_iforward_start":{"num":2,"min":0.000002384,"max":0.000005722,"avg":0.000004053,"var":0.000000000,