{"address":"","progress_loop":{"progress_with_timeout":{"num":11,"min":0.000001669,"max":0.097725630,"avg":0.008979039,"var":0.008663846,"sum":0.098769426},"progress_timeout_value_msec":{"num":11,"min":100.000000000.0,"max":100.000000000.0,"avg":100.000000000.0,"var":0.000000000.0,"sum":1100.000000000.0},"progress_without_timeout":{"num":0,"min":0.000000000.0,"max":0.000000000.0,"avg":0.000000000.0,"var":0.000000000.0,"sum":0.000000000.0},"trigger":{"num":5,"min":0.000003338,"max":0.000004292,"avg":0.000003767,"var":0.000000000,"sum":0.000018835}},"rpcs":{"65535:65535:5386877029230641151:0":{"rpc_id":5386877029230641151,"provider_id":0,"parent_rpc_id":65535,"parent_provider_id":65535,"name":"bedrock_query_config","origin":{"sent to ofi+cxi://0x20707a00":{"iforward":{"duration":{"num":2,"min":0.000019073,"max":0.000074863,"avg":0.000046968,"var":0.000000002,"sum":0.000093937},"relative_timestamp_from_create":{"num":2,"min":0.000001431,"max":0.000008106,"avg":0.000004768,"var":0.000000000,"sum":0.000009537}},"forward_cb":{"duration":{"num":2,"min":0.000000954,"max":0.000001431,"avg":0.000001192,"var":0.000000000,"sum":0.000002384},"relative_timestamp_from_iforward_start":{"num":2,"min":0.000420094,"max":0.000634670,"avg":0.000527382,"var":0.000000023,"sum":0.001054764}},"iforward_wait":{"duration":{"num":2,"min":0.000415087,"max":0.000535011,"avg":0.000475049,"var":0.000000007,"sum":0.000950098},"relative_timestamp_from_iforward_end":{"num":2,"min":0.000001431,"max":0.000031471,"avg":0.000016451,"var":0.000000000,"sum":0.000032902}},"set_input":{"duration":{"num":2,"min":0.000001431,"max":0.000020027,"avg":0.000010729,"var":0.000000000,"sum":0.000021458},"relative_timestamp_from_iforward_start":{"num":2,"min":0.000003815,"max":0.000025749,"avg":0.000014782,"var":0.000000000,"sum":0.000029564}},"get_output":{"duration":{"num":2,"min":0.000002384,"max":0.000005245,"avg":0.000003815,"var":0.000000000,"sum":0.000007629},"relative_timestamp_from_wait_end":{"num":2,"min":0.000001669,"max":0.000009060,"avg":0.000005364,"var":0.000000000,"sum":0.000010729}}}}},"65535:65535:7940397281847607295:3":{"rpc_id":7940397281847607295,"provider_id":3,"parent_rpc_id":65535,"parent_provider_id":65535,"name":"__identity__","origin":{"sent to ofi+cxi://0x20707a00":{"iforward":{"duration":{"num":1,"min":0.000021696,"max":0.000021696,"avg":0.000021696,"var":0.000000000.0,"sum":0.000021696},"relative_timestamp_from_create":{"num":1,"min":0.000001431,"max":0.000001431,"avg":0.000001431,"var":0.000000000.0,"sum":0.000001431}},"forward_cb":{"duration":{"num":1,"min":0.000001669,"max":0.000001669,"avg":0.000001669,"var":0.000000000.0,"sum":0.000001669},"relative_timestamp_from_iforward_start":{"num":1,"min":0.000038624,"max":0.000038624,"avg":0.000038624,"var":0.000000000.0,"sum":0.000038624}},"iforward_wait":{"duration":{"num":1,"min":0.000022411,"max":0.000022411,"avg":0.000022411,"var":0.000000000.0,"sum":0.000022411},"relative_timestamp_from_iforward_end":{"num":1,"min":0.000000954,"max":0.000000954,"avg":0.000000954,"var":0.000000000.0,"sum":0.000000954}},"set_input":{"duration":{"num":0,"min":0.000000000.0,"max":0.000000000.0,"avg":0.000000000.0,"var":0.000000000.0,"sum":0.000000000.0},"relative_timestamp_from_iforward_start":{"num":0,"min":0.000000000.0,"max":0.000000000.0,"avg":0.000000000.0,"var":0.000000000.0,"sum":0.000000000.0}},"get_output":{"duration":{"num":1,"min":0.000006199,"max":0.000006199,"avg":0.000006199,"var":0.000000000.0,"sum":0.000006199},"relative_timestamp_from_wait_end":{"num":1,"min":0.000000954,"max":0.000000954,"avg":0.000000954,"var":0.000000000.0,"sum":0.000000954}}}}},"65535:65535:13994581936748691455:0":{"rpc_id":-4452162136960860161,"provider_id":0,"parent_rpc_id":65535,"parent_provider_id":65535,"name":"bedrock_start_provider","origin":{"sent to ofi+cxi://0x20707a00":{"iforward":{"duration":{"num":1,"min":0.000029325,"max":0.000029325,"avg":0.000029325,"var":0.000000000.0,"sum":0.000029325},"relative_timestamp_from_create":{"num":1,"min":0.000001431,"max":0.000001431,"avg":0.000001431,"var":0.000000000.0,"sum":0.000001431}},"forward_cb":{"duration":{"num":1,"min":0.000001907,"max":0.000001907,"avg":0.000001907,"var":0.000000000.0,"sum":0.000001907},"relative_timestamp_from_iforward_start":{"num":1,"min":0.000125885,"max":0.000125885,"avg":0.000125885,"var":0.000000000.0,"sum":0.000125885}},"iforward_wait":{"duration":{"num":1,"min":0.000101805,"max":0.000101805,"avg":0.000101805,"var":0.000000000.0,"sum":0.000101805},"relative_timestamp_from_iforward_end":{"num":1,"min":0.000001431,"max":0.000001431,"avg":0.000001431,"var":0.000000000.0,"sum":0.000001431}},"set_input":{"duration":{"num":1,"min":0.000001431,"max":0.000001431,"avg":0.000001431,"var":0.000000000.0,"sum":0.000001431},"relative_timestamp_from_iforward_start":{"num":1,"min":0.000006914,"max":0.000006914,"avg":0.000006914,"var":0.000000000.0,"sum":0.000006914}},"get_output":{"duration":{"num":1,"min":0.000001431,"max":0.000001431,"avg":0.000001431,"var":0.000000000.0,"sum":0.000001431},"relative_timestamp_from_wait_end":{"num":1,"min":0.000001431,"max":0.000001431,"avg":0.000001431,"var":0.000000000.0,"sum":0.000001431}}}}},"65535:65535:16409450654956847103:3":{"rpc_id":-2037293418752704513,"provider_id":3,"parent_rpc_id":65535,"parent_provider_id":65535,"name":"yk_doc_store","origin":{"sent to ofi+cxi://0x20707a00":{"iforward":{"duration":{"num":1,"min":0.000036716,"max":0.000036716,"avg":0.000036716,"var":0.000000000.0,"sum":0.000036716},"relative_timestamp_from_create":{"num":1,"min":0.000001431,"max":0.000001431,"avg":0.000001431,"var":0.000000000.0,"sum":0.000001431}},"forward_cb":{"duration":{"num":1,"min":0.000001431,"max":0.000001431,"avg":0.000001431,"var":0.000000000.0,"sum":0.000001431},"relative_timestamp_from_iforward_start":{"num":1,"min":0.000096083,"max":0.000096083,"avg":0.000096083,"var":0.000000000.0,"sum":0.000096083}},"iforward_wait":{"duration":{"num":1,"min":0.000076056,"max":0.000076056,"avg":0.000076056,"var":0.000000000.0,"sum":0.000076056},"relative_timestamp_from_iforward_end":{"num":1,"min":0.000001431,"max":0.000001431,"avg":0.000001431,"var":0.000000000.0,"sum":0.000001431}},"set_input":{"duration":{"num":1,"min":0.000009537,"max":0.000009537,"avg":0.000009537,"var":0.000000000.0,"sum":0.000009537},"relative_timestamp_from_iforward_start":{"num":1,"min":0.000007629,"max":0.000007629,"avg":0.000007629,"var":0.000000000.0,"sum":0.000007629}},"get_output":{"duration":{"num":1,"min":0.000008583,"max":0.000008583,"avg":0.000008583,"var":0.000000000.0,"sum":0.000008583},"relative_timestamp_from_wait_end":{"num":1,"min":0.000001431,"max":0.000001431,"avg":0.000001431,"var":0.000000000.0,"sum":0.000001431}}}}},"65535:65535:65535:65535":{"rpc_id":65535,"provider_id":65535,"parent_rpc_id":65535,"parent_provider_id":65535,"name":"","target":{"received from <unknown>":{"bulk":{"create":{"duration":{"num":1,"min":0.000049829,"max":0.000049829,"avg":0.000049829,"var":0.000000000.0,"sum":0.000049829},"size":{"num":1,"min":104.000000000.0,"max":104.000000000.0,"avg":104.000000000.0,"var":0.000000000.0,"sum":104.000000000.0}}}}}}}}