{"address":"","progress_loop":{"progress_with_timeout":{"num":19653,"min":0.000013590,"max":0.131047964,"avg":0.099483821,"var":0.944992660,"sum":1955.155530930},"progress_timeout_value_msec":{"num":19653,"min":100.000000000.0,"max":100.000000000.0,"avg":100.000000000.0,"var":0.000000000.0,"sum":1965300.000000000.0},"progress_without_timeout":{"num":420065,"min":0.000000000.0,"max":0.016003609,"avg":0.000000126,"var":0.000256118,"sum":0.052852869},"trigger":{"num":256,"min":0.000000000.0,"max":0.021059036,"avg":0.004569781,"var":0.010801324,"sum":1.169863939}},"rpcs":{"65535:65535:5386877029230641151:0":{"rpc_id":5386877029230641151,"provider_id":0,"parent_rpc_id":65535,"parent_provider_id":65535,"name":"bedrock_query_config","origin":{"sent to ofi+cxi://0x2083fa00":{"iforward":{"duration":{"num":1,"min":0.000137806,"max":0.000137806,"avg":0.000137806,"var":0.000000000.0,"sum":0.000137806},"relative_timestamp_from_create":{"num":1,"min":0.000019312,"max":0.000019312,"avg":0.000019312,"var":0.000000000.0,"sum":0.000019312}},"forward_cb":{"duration":{"num":1,"min":0.021058321,"max":0.021058321,"avg":0.021058321,"var":0.000000000.0,"sum":0.021058321},"relative_timestamp_from_iforward_start":{"num":1,"min":0.000762224,"max":0.000762224,"avg":0.000762224,"var":0.000000000.0,"sum":0.000762224}},"iforward_wait":{"duration":{"num":1,"min":0.037468910,"max":0.037468910,"avg":0.037468910,"var":0.000000000.0,"sum":0.037468910},"relative_timestamp_from_iforward_end":{"num":1,"min":0.000087738,"max":0.000087738,"avg":0.000087738,"var":0.000000000.0,"sum":0.000087738}},"set_input":{"duration":{"num":1,"min":0.000056028,"max":0.000056028,"avg":0.000056028,"var":0.000000000.0,"sum":0.000056028},"relative_timestamp_from_iforward_start":{"num":1,"min":0.000054359,"max":0.000054359,"avg":0.000054359,"var":0.000000000.0,"sum":0.000054359}},"get_output":{"duration":{"num":1,"min":0.000010252,"max":0.000010252,"avg":0.000010252,"var":0.000000000.0,"sum":0.000010252},"relative_timestamp_from_wait_end":{"num":1,"min":0.000026226,"max":0.000026226,"avg":0.000026226,"var":0.000000000.0,"sum":0.000026226}}}}},"65535:65535:7940397281847607295:3":{"rpc_id":7940397281847607295,"provider_id":3,"parent_rpc_id":65535,"parent_provider_id":65535,"name":"__identity__","origin":{"sent to ofi+cxi://0x2083fa00":{"iforward":{"duration":{"num":1,"min":0.000017166,"max":0.000017166,"avg":0.000017166,"var":0.000000000.0,"sum":0.000017166},"relative_timestamp_from_create":{"num":1,"min":0.000000238,"max":0.000000238,"avg":0.000000238,"var":0.000000000.0,"sum":0.000000238}},"forward_cb":{"duration":{"num":1,"min":0.000002146,"max":0.000002146,"avg":0.000002146,"var":0.000000000.0,"sum":0.000002146},"relative_timestamp_from_iforward_start":{"num":1,"min":0.000042677,"max":0.000042677,"avg":0.000042677,"var":0.000000000.0,"sum":0.000042677}},"iforward_wait":{"duration":{"num":1,"min":0.007719755,"max":0.007719755,"avg":0.007719755,"var":0.000000000.0,"sum":0.007719755},"relative_timestamp_from_iforward_end":{"num":1,"min":0.000000238,"max":0.000000238,"avg":0.000000238,"var":0.000000000.0,"sum":0.000000238}},"set_input":{"duration":{"num":0,"min":0.000000000.0,"max":0.000000000.0,"avg":0.000000000.0,"var":0.000000000.0,"sum":0.000000000.0},"relative_timestamp_from_iforward_start":{"num":0,"min":0.000000000.0,"max":0.000000000.0,"avg":0.000000000.0,"var":0.000000000.0,"sum":0.000000000.0}},"get_output":{"duration":{"num":1,"min":0.000014782,"max":0.000014782,"avg":0.000014782,"var":0.000000000.0,"sum":0.000014782},"relative_timestamp_from_wait_end":{"num":1,"min":0.000000238,"max":0.000000238,"avg":0.000000238,"var":0.000000000.0,"sum":0.000000238}}}}},"65535:65535:15281833229347258367:3":{"rpc_id":-3164910844362293249,"provider_id":3,"parent_rpc_id":65535,"parent_provider_id":65535,"name":"yk_length_direct","origin":{"sent to ofi+cxi://0x2083fa00":{"iforward":{"duration":{"num":1,"min":0.000038624,"max":0.000038624,"avg":0.000038624,"var":0.000000000.0,"sum":0.000038624},"relative_timestamp_from_create":{"num":1,"min":0.000000238,"max":0.000000238,"avg":0.000000238,"var":0.000000000.0,"sum":0.000000238}},"forward_cb":{"duration":{"num":1,"min":0.015414000,"max":0.015414000,"avg":0.015414000,"var":0.000000000.0,"sum":0.015414000},"relative_timestamp_from_iforward_start":{"num":1,"min":0.000060081,"max":0.000060081,"avg":0.000060081,"var":0.000000000.0,"sum":0.000060081}},"iforward_wait":{"duration":{"num":1,"min":0.031435013,"max":0.031435013,"avg":0.031435013,"var":0.000000000.0,"sum":0.031435013},"relative_timestamp_from_iforward_end":{"num":1,"min":0.000000000.0,"max":0.000000000.0,"avg":0.000000000.0,"var":0.000000000.0,"sum":0.000000000.0}},"set_input":{"duration":{"num":1,"min":0.000018835,"max":0.000018835,"avg":0.000018835,"var":0.000000000.0,"sum":0.000018835},"relative_timestamp_from_iforward_start":{"num":1,"min":0.000005484,"max":0.000005484,"avg":0.000005484,"var":0.000000000.0,"sum":0.000005484}},"get_output":{"duration":{"num":1,"min":0.000014305,"max":0.000014305,"avg":0.000014305,"var":0.000000000.0,"sum":0.000014305},"relative_timestamp_from_wait_end":{"num":1,"min":0.000000238,"max":0.000000238,"avg":0.000000238,"var":0.000000000.0,"sum":0.000000238}}}}},"65535:65535:14263933427668549631:3":{"rpc_id":-4182810646041001985,"provider_id":3,"parent_rpc_id":65535,"parent_provider_id":65535,"name":"yk_get","origin":{"sent to ofi+cxi://0x2083fa00":{"iforward":{"duration":{"num":1,"min":0.000051975,"max":0.000051975,"avg":0.000051975,"var":0.000000000.0,"sum":0.000051975},"relative_timestamp_from_create":{"num":1,"min":0.000000238,"max":0.000000238,"avg":0.000000238,"var":0.000000000.0,"sum":0.000000238}},"forward_cb":{"duration":{"num":1,"min":0.015759706,"max":0.015759706,"avg":0.015759706,"var":0.000000000.0,"sum":0.015759706},"relative_timestamp_from_iforward_start":{"num":1,"min":0.000113964,"max":0.000113964,"avg":0.000113964,"var":0.000000000.0,"sum":0.000113964}},"iforward_wait":{"duration":{"num":1,"min":0.031819820,"max":0.031819820,"avg":0.031819820,"var":0.000000000.0,"sum":0.031819820},"relative_timestamp_from_iforward_end":{"num":1,"min":0.000000238,"max":0.000000238,"avg":0.000000238,"var":0.000000000.0,"sum":0.000000238}},"set_input":{"duration":{"num":1,"min":0.000023365,"max":0.000023365,"avg":0.000023365,"var":0.000000000.0,"sum":0.000023365},"relative_timestamp_from_iforward_start":{"num":1,"min":0.000007153,"max":0.000007153,"avg":0.000007153,"var":0.000000000.0,"sum":0.000007153}},"get_output":{"duration":{"num":1,"min":0.000000238,"max":0.000000238,"avg":0.000000238,"var":0.000000000.0,"sum":0.000000238},"relative_timestamp_from_wait_end":{"num":1,"min":0.000000238,"max":0.000000238,"avg":0.000000238,"var":0.000000000.0,"sum":0.000000238}}}}},"65535:65535:6151631875094937599:3":{"rpc_id":6151631875094937599,"provider_id":3,"parent_rpc_id":65535,"parent_provider_id":65535,"name":"yk_doc_iter","origin":{"sent to ofi+cxi://0x2083fa00":{"iforward":{"duration":{"num":2,"min":0.000016689,"max":0.000032187,"avg":0.000024438,"var":0.000000000,"sum":0.000048876},"relative_timestamp_from_create":{"num":2,"min":0.000000000.0,"max":0.000000238,"avg":0.000000119,"var":0.000000000,"sum":0.000000238}},"forward_cb":{"duration":{"num":2,"min":0.000000238,"max":0.015955448,"avg":0.007977843,"var":0.000127284,"sum":0.015955687},"relative_timestamp_from_iforward_start":{"num":2,"min":0.000037670,"max":0.079914808,"avg":0.039976239,"var":0.003190179,"sum":0.079952478}},"iforward_wait":{"duration":{"num":2,"min":0.031976223,"max":0.095884085,"avg":0.063930154,"var":0.002042107,"sum":0.127860308},"relative_timestamp_from_iforward_end":{"num":2,"min":0.000000238,"max":0.000000238,"avg":0.000000238,"var":0.000000000.0,"sum":0.000000477}},"set_input":{"duration":{"num":2,"min":0.000000477,"max":0.000010252,"avg":0.000005364,"var":0.000000000,"sum":0.000010729},"relative_timestamp_from_iforward_start":{"num":2,"min":0.000002623,"max":0.000005722,"avg":0.000004172,"var":0.000000000,