{"address":"","progress_loop":{"progress_with_timeout":{"num":7,"min":0.000002623,"max":0.099543095,"avg":0.014310564,"var":0.008475602,"sum":0.100173950},"progress_timeout_value_msec":{"num":7,"min":100.000000000.0,"max":100.000000000.0,"avg":100.000000000.0,"var":0.000000000.0,"sum":700.000000000.0},"progress_without_timeout":{"num":0,"min":0.000000000.0,"max":0.000000000.0,"avg":0.000000000.0,"var":0.000000000.0,"sum":0.000000000.0},"trigger":{"num":4,"min":0.000000238,"max":0.000000954,"avg":0.000000536,"var":0.000000000,"sum":0.000002146}},"rpcs":{"65535:65535:5386877029230641151:0":{"rpc_id":5386877029230641151,"provider_id":0,"parent_rpc_id":65535,"parent_provider_id":65535,"name":"bedrock_query_config","origin":{"sent to ofi+cxi://0x2083fa00":{"iforward":{"duration":{"num":1,"min":0.000055313,"max":0.000055313,"avg":0.000055313,"var":0.000000000.0,"sum":0.000055313},"relative_timestamp_from_create":{"num":1,"min":0.000003576,"max":0.000003576,"avg":0.000003576,"var":0.000000000.0,"sum":0.000003576}},"forward_cb":{"duration":{"num":1,"min":0.000000477,"max":0.000000477,"avg":0.000000477,"var":0.000000000.0,"sum":0.000000477},"relative_timestamp_from_iforward_start":{"num":1,"min":0.000656128,"max":0.000656128,"avg":0.000656128,"var":0.000000000.0,"sum":0.000656128}},"iforward_wait":{"duration":{"num":1,"min":0.000585318,"max":0.000585318,"avg":0.000585318,"var":0.000000000.0,"sum":0.000585318},"relative_timestamp_from_iforward_end":{"num":1,"min":0.000017166,"max":0.000017166,"avg":0.000017166,"var":0.000000000.0,"sum":0.000017166}},"set_input":{"duration":{"num":1,"min":0.000010014,"max":0.000010014,"avg":0.000010014,"var":0.000000000.0,"sum":0.000010014},"relative_timestamp_from_iforward_start":{"num":1,"min":0.000017405,"max":0.000017405,"avg":0.000017405,"var":0.000000000.0,"sum":0.000017405}},"get_output":{"duration":{"num":1,"min":0.000002861,"max":0.000002861,"avg":0.000002861,"var":0.000000000.0,"sum":0.000002861},"relative_timestamp_from_wait_end":{"num":1,"min":0.000004530,"max":0.000004530,"avg":0.000004530,"var":0.000000000.0,"sum":0.000004530}}}}},"65535:65535:7940397281847607295:3":{"rpc_id":7940397281847607295,"provider_id":3,"parent_rpc_id":65535,"parent_provider_id":65535,"name":"__identity__","origin":{"sent to ofi+cxi://0x2083fa00":{"iforward":{"duration":{"num":1,"min":0.000015259,"max":0.000015259,"avg":0.000015259,"var":0.000000000.0,"sum":0.000015259},"relative_timestamp_from_create":{"num":1,"min":0.000000238,"max":0.000000238,"avg":0.000000238,"var":0.000000000.0,"sum":0.000000238}},"forward_cb":{"duration":{"num":1,"min":0.000000238,"max":0.000000238,"avg":0.000000238,"var":0.000000000.0,"sum":0.000000238},"relative_timestamp_from_iforward_start":{"num":1,"min":0.000034332,"max":0.000034332,"avg":0.000034332,"var":0.000000000.0,"sum":0.000034332}},"iforward_wait":{"duration":{"num":1,"min":0.000019789,"max":0.000019789,"avg":0.000019789,"var":0.000000000.0,"sum":0.000019789},"relative_timestamp_from_iforward_end":{"num":1,"min":0.000000000.0,"max":0.000000000.0,"avg":0.000000000.0,"var":0.000000000.0,"sum":0.000000000.0}},"set_input":{"duration":{"num":0,"min":0.000000000.0,"max":0.000000000.0,"avg":0.000000000.0,"var":0.000000000.0,"sum":0.000000000.0},"relative_timestamp_from_iforward_start":{"num":0,"min":0.000000000.0,"max":0.000000000.0,"avg":0.000000000.0,"var":0.000000000.0,"sum":0.000000000.0}},"get_output":{"duration":{"num":1,"min":0.000002623,"max":0.000002623,"avg":0.000002623,"var":0.000000000.0,"sum":0.000002623},"relative_timestamp_from_wait_end":{"num":1,"min":0.000000238,"max":0.000000238,"avg":0.000000238,"var":0.000000000.0,"sum":0.000000238}}}}},"65535:65535:1170338683618918399:3":{"rpc_id":1170338683618918399,"provider_id":3,"parent_rpc_id":65535,"parent_provider_id":65535,"name":"yk_put_direct","origin":{"sent to ofi+cxi://0x2083fa00":{"iforward":{"duration":{"num":1,"min":0.000033617,"max":0.000033617,"avg":0.000033617,"var":0.000000000.0,"sum":0.000033617},"relative_timestamp_from_create":{"num":1,"min":0.000000238,"max":0.000000238,"avg":0.000000238,"var":0.000000000.0,"sum":0.000000238}},"forward_cb":{"duration":{"num":1,"min":0.000000000.0,"max":0.000000000.0,"avg":0.000000000.0,"var":0.000000000.0,"sum":0.000000000.0},"relative_timestamp_from_iforward_start":{"num":1,"min":0.000059605,"max":0.000059605,"avg":0.000059605,"var":0.000000000.0,"sum":0.000059605}},"iforward_wait":{"duration":{"num":1,"min":0.000026464,"max":0.000026464,"avg":0.000026464,"var":0.000000000.0,"sum":0.000026464},"relative_timestamp_from_iforward_end":{"num":1,"min":0.000000238,"max":0.000000238,"avg":0.000000238,"var":0.000000000.0,"sum":0.000000238}},"set_input":{"duration":{"num":1,"min":0.000005007,"max":0.000005007,"avg":0.000005007,"var":0.000000000.0,"sum":0.000005007},"relative_timestamp_from_iforward_start":{"num":1,"min":0.000006914,"max":0.000006914,"avg":0.000006914,"var":0.000000000.0,"sum":0.000006914}},"get_output":{"duration":{"num":1,"min":0.000000238,"max":0.000000238,"avg":0.000000238,"var":0.000000000.0,"sum":0.000000238},"relative_timestamp_from_wait_end":{"num":1,"min":0.000000238,"max":0.000000238,"avg":0.000000238,"var":0.000000000.0,"sum":0.000000238}}}}},"65535:65535:13614918458553729023:3":{"rpc_id":-4831825615155822593,"provider_id":3,"parent_rpc_id":65535,"parent_provider_id":65535,"name":"yk_coll_create","origin":{"sent to ofi+cxi://0x2083fa00":{"iforward":{"duration":{"num":1,"min":0.000015259,"max":0.000015259,"avg":0.000015259,"var":0.000000000.0,"sum":0.000015259},"relative_timestamp_from_create":{"num":1,"min":0.000000000.0,"max":0.000000000.0,"avg":0.000000000.0,"var":0.000000000.0,"sum":0.000000000.0}},"forward_cb":{"duration":{"num":1,"min":0.000000000.0,"max":0.000000000.0,"avg":0.000000000.0,"var":0.000000000.0,"sum":0.000000000.0},"relative_timestamp_from_iforward_start":{"num":1,"min":0.000030041,"max":0.000030041,"avg":0.000030041,"var":0.000000000.0,"sum":0.000030041}},"iforward_wait":{"duration":{"num":1,"min":0.000015259,"max":0.000015259,"avg":0.000015259,"var":0.000000000.0,"sum":0.000015259},"relative_timestamp_from_iforward_end":{"num":1,"min":0.000000000.0,"max":0.000000000.0,"avg":0.000000000.0,"var":0.000000000.0,"sum":0.000000000.0}},"set_input":{"duration":{"num":1,"min":0.000002146,"max":0.000002146,"avg":0.000002146,"var":0.000000000.0,"sum":0.000002146},"relative_timestamp_from_iforward_start":{"num":1,"min":0.000002623,"max":0.000002623,"avg":0.000002623,"var":0.000000000.0,"sum":0.000002623}},"get_output":{"duration":{"num":1,"min":0.000000238,"max":0.000000238,"avg":0.000000238,"var":0.000000000.0,"sum":0.000000238},"relative_timestamp_from_wait_end":{"num":1,"min":0.000000000.0,"max":0.000000000.0,"avg":0.000000000.0,"var":0.000000000.0,"sum":0.000000000.0}}}}}}}