{"address":"","progress_loop":{"progress_with_timeout":{"num":8807,"min":0.000009537,"max":0.104076385,"avg":0.102769077,"var":0.722523342,"sum":905.087263823},"progress_timeout_value_msec":{"num":8807,"min":100.000000000.0,"max":100.000000000.0,"avg":100.000000000.0,"var":0.000000000.0,"sum":880700.000000000.0},"progress_without_timeout":{"num":119241,"min":0.000000000.0,"max":0.000028372,"avg":0.000000087,"var":0.000000002,"sum":0.010401249},"trigger":{"num":104,"min":0.000000238,"max":0.026146889,"avg":0.014193216,"var":0.000719931,"sum":1.476094484}},"rpcs":{"65535:65535:5386877029230641151:0":{"rpc_id":5386877029230641151,"provider_id":0,"parent_rpc_id":65535,"parent_provider_id":65535,"name":"bedrock_query_config","origin":{"sent to ofi+cxi://0x20627a00":{"iforward":{"duration":{"num":1,"min":0.000053883,"max":0.000053883,"avg":0.000053883,"var":0.000000000.0,"sum":0.000053883},"relative_timestamp_from_create":{"num":1,"min":0.000003576,"max":0.000003576,"avg":0.000003576,"var":0.000000000.0,"sum":0.000003576}},"forward_cb":{"duration":{"num":1,"min":0.015360832,"max":0.015360832,"avg":0.015360832,"var":0.000000000.0,"sum":0.015360832},"relative_timestamp_from_iforward_start":{"num":1,"min":0.000987053,"max":0.000987053,"avg":0.000987053,"var":0.000000000.0,"sum":0.000987053}},"iforward_wait":{"duration":{"num":1,"min":0.032195568,"max":0.032195568,"avg":0.032195568,"var":0.000000000.0,"sum":0.032195568},"relative_timestamp_from_iforward_end":{"num":1,"min":0.000016689,"max":0.000016689,"avg":0.000016689,"var":0.000000000.0,"sum":0.000016689}},"set_input":{"duration":{"num":1,"min":0.000010252,"max":0.000010252,"avg":0.000010252,"var":0.000000000.0,"sum":0.000010252},"relative_timestamp_from_iforward_start":{"num":1,"min":0.000015259,"max":0.000015259,"avg":0.000015259,"var":0.000000000.0,"sum":0.000015259}},"get_output":{"duration":{"num":1,"min":0.000002861,"max":0.000002861,"avg":0.000002861,"var":0.000000000.0,"sum":0.000002861},"relative_timestamp_from_wait_end":{"num":1,"min":0.000005007,"max":0.000005007,"avg":0.000005007,"var":0.000000000.0,"sum":0.000005007}}}}},"65535:65535:7940397281847607295:3":{"rpc_id":7940397281847607295,"provider_id":3,"parent_rpc_id":65535,"parent_provider_id":65535,"name":"__identity__","origin":{"sent to ofi+cxi://0x20627a00":{"iforward":{"duration":{"num":1,"min":0.031915665,"max":0.031915665,"avg":0.031915665,"var":0.000000000.0,"sum":0.031915665},"relative_timestamp_from_create":{"num":1,"min":0.000000238,"max":0.000000238,"avg":0.000000238,"var":0.000000000.0,"sum":0.000000238}},"forward_cb":{"duration":{"num":1,"min":0.015959978,"max":0.015959978,"avg":0.015959978,"var":0.000000000.0,"sum":0.015959978},"relative_timestamp_from_iforward_start":{"num":1,"min":0.031941175,"max":0.031941175,"avg":0.031941175,"var":0.000000000.0,"sum":0.031941175}},"iforward_wait":{"duration":{"num":1,"min":0.031986237,"max":0.031986237,"avg":0.031986237,"var":0.000000000.0,"sum":0.031986237},"relative_timestamp_from_iforward_end":{"num":1,"min":0.000000238,"max":0.000000238,"avg":0.000000238,"var":0.000000000.0,"sum":0.000000238}},"set_input":{"duration":{"num":0,"min":0.000000000.0,"max":0.000000000.0,"avg":0.000000000.0,"var":0.000000000.0,"sum":0.000000000.0},"relative_timestamp_from_iforward_start":{"num":0,"min":0.000000000.0,"max":0.000000000.0,"avg":0.000000000.0,"var":0.000000000.0,"sum":0.000000000.0}},"get_output":{"duration":{"num":1,"min":0.000003338,"max":0.000003338,"avg":0.000003338,"var":0.000000000.0,"sum":0.000003338},"relative_timestamp_from_wait_end":{"num":1,"min":0.000000238,"max":0.000000238,"avg":0.000000238,"var":0.000000000.0,"sum":0.000000238}}}}},"65535:65535:15281833229347258367:3":{"rpc_id":-3164910844362293249,"provider_id":3,"parent_rpc_id":65535,"parent_provider_id":65535,"name":"yk_length_direct","origin":{"sent to ofi+cxi://0x20627a00":{"iforward":{"duration":{"num":1,"min":0.000020742,"max":0.000020742,"avg":0.000020742,"var":0.000000000.0,"sum":0.000020742},"relative_timestamp_from_create":{"num":1,"min":0.000000238,"max":0.000000238,"avg":0.000000238,"var":0.000000000.0,"sum":0.000000238}},"forward_cb":{"duration":{"num":1,"min":0.015902758,"max":0.015902758,"avg":0.015902758,"var":0.000000000.0,"sum":0.015902758},"relative_timestamp_from_iforward_start":{"num":1,"min":0.000049114,"max":0.000049114,"avg":0.000049114,"var":0.000000000.0,"sum":0.000049114}},"iforward_wait":{"duration":{"num":1,"min":0.031930447,"max":0.031930447,"avg":0.031930447,"var":0.000000000.0,"sum":0.031930447},"relative_timestamp_from_iforward_end":{"num":1,"min":0.000000000.0,"max":0.000000000.0,"avg":0.000000000.0,"var":0.000000000.0,"sum":0.000000000.0}},"set_input":{"duration":{"num":1,"min":0.000003815,"max":0.000003815,"avg":0.000003815,"var":0.000000000.0,"sum":0.000003815},"relative_timestamp_from_iforward_start":{"num":1,"min":0.000004292,"max":0.000004292,"avg":0.000004292,"var":0.000000000.0,"sum":0.000004292}},"get_output":{"duration":{"num":1,"min":0.000003099,"max":0.000003099,"avg":0.000003099,"var":0.000000000.0,"sum":0.000003099},"relative_timestamp_from_wait_end":{"num":1,"min":0.000000238,"max":0.000000238,"avg":0.000000238,"var":0.000000000.0,"sum":0.000000238}}}}},"65535:65535:14263933427668549631:3":{"rpc_id":-4182810646041001985,"provider_id":3,"parent_rpc_id":65535,"parent_provider_id":65535,"name":"yk_get","origin":{"sent to ofi+cxi://0x20627a00":{"iforward":{"duration":{"num":1,"min":0.000031233,"max":0.000031233,"avg":0.000031233,"var":0.000000000.0,"sum":0.000031233},"relative_timestamp_from_create":{"num":1,"min":0.000000238,"max":0.000000238,"avg":0.000000238,"var":0.000000000.0,"sum":0.000000238}},"forward_cb":{"duration":{"num":1,"min":0.015833855,"max":0.015833855,"avg":0.015833855,"var":0.000000000.0,"sum":0.015833855},"relative_timestamp_from_iforward_start":{"num":1,"min":0.000082254,"max":0.000082254,"avg":0.000082254,"var":0.000000000.0,"sum":0.000082254}},"iforward_wait":{"duration":{"num":1,"min":0.031886101,"max":0.031886101,"avg":0.031886101,"var":0.000000000.0,"sum":0.031886101},"relative_timestamp_from_iforward_end":{"num":1,"min":0.000000000.0,"max":0.000000000.0,"avg":0.000000000.0,"var":0.000000000.0,"sum":0.000000000.0}},"set_input":{"duration":{"num":1,"min":0.000005722,"max":0.000005722,"avg":0.000005722,"var":0.000000000.0,"sum":0.000005722},"relative_timestamp_from_iforward_start":{"num":1,"min":0.000004530,"max":0.000004530,"avg":0.000004530,"var":0.000000000.0,"sum":0.000004530}},"get_output":{"duration":{"num":1,"min":0.000000238,"max":0.000000238,"avg":0.000000238,"var":0.000000000.0,"sum":0.000000238},"relative_timestamp_from_wait_end":{"num":1,"min":0.000000238,"max":0.000000238,"avg":0.000000238,"var":0.000000000.0,"sum":0.000000238}}}}},"65535:65535:6151631875094937599:3":{"rpc_id":6151631875094937599,"provider_id":3,"parent_rpc_id":65535,"parent_provider_id":65535,"name":"yk_doc_iter","origin":{"sent to ofi+cxi://0x20627a00":{"iforward":{"duration":{"num":2,"min":0.000016451,"max":0.000019073,"avg":0.000017762,"var":0.000000000,"sum":0.000035524},"relative_timestamp_from_create":{"num":2,"min":0.000000000.0,"max":0.000000238,"avg":0.000000119,"var":0.000000000,"sum":0.000000238}},"forward_cb":{"duration":{"num":2,"min":0.000000238,"max":0.015953541,"avg":0.007976890,"var":0.000127254,"sum":0.015953779},"relative_timestamp_from_iforward_start":{"num":2,"min":0.000042200,"max":0.047973871,"avg":0.024008036,"var":0.001148723,"sum":0.048016071}},"iforward_wait":{"duration":{"num":2,"min":0.031980038,"max":0.063955069,"avg":0.047967553,"var":0.000511201,"sum":0.095935106},"relative_timestamp_from_iforward_end":{"num":2,"min":0.000000238,"max":0.000000238,"avg":0.000000238,"var":0.000000000.0,"sum":0.000000477}},"set_input":{"duration":{"num":2,"min":0.000000238,"max":0.000002146,"avg":0.000001192,"var":0.000000000,"sum":0.000002384},"relative_timestamp_from_iforward_start":{"num":2,"min":0.000001431,"max":0.000005007,"avg":0.000003219,"var":0.000000000,