{"address":"","progress_loop":{"progress_with_timeout":{"num":8,"min":0.000003576,"max":0.100027084,"avg":0.012640297,"var":0.008727636,"sum":0.101122379},"progress_timeout_value_msec":{"num":8,"min":100.000000000.0,"max":100.000000000.0,"avg":100.000000000.0,"var":0.000000000.0,"sum":800.000000000.0},"progress_without_timeout":{"num":0,"min":0.000000000.0,"max":0.000000000.0,"avg":0.000000000.0,"var":0.000000000.0,"sum":0.000000000.0},"trigger":{"num":5,"min":0.000000238,"max":0.000000954,"avg":0.000000477,"var":0.000000000,"sum":0.000002384}},"rpcs":{"65535:65535:5386877029230641151:0":{"rpc_id":5386877029230641151,"provider_id":0,"parent_rpc_id":65535,"parent_provider_id":65535,"name":"bedrock_query_config","origin":{"sent to ofi+cxi://0x20101000":{"iforward":{"duration":{"num":2,"min":0.000015259,"max":0.000054836,"avg":0.000035048,"var":0.000000001,"sum":0.000070095},"relative_timestamp_from_create":{"num":2,"min":0.000000238,"max":0.000003338,"avg":0.000001788,"var":0.000000000,"sum":0.000003576}},"forward_cb":{"duration":{"num":2,"min":0.000000238,"max":0.000000715,"avg":0.000000477,"var":0.000000000,"sum":0.000000954},"relative_timestamp_from_iforward_start":{"num":2,"min":0.000458479,"max":0.000568390,"avg":0.000513434,"var":0.000000006,"sum":0.001026869}},"iforward_wait":{"duration":{"num":2,"min":0.000443935,"max":0.000497818,"avg":0.000470877,"var":0.000000001,"sum":0.000941753},"relative_timestamp_from_iforward_end":{"num":2,"min":0.000000000.0,"max":0.000017405,"avg":0.000008702,"var":0.000000000,"sum":0.000017405}},"set_input":{"duration":{"num":2,"min":0.000000477,"max":0.000009537,"avg":0.000005007,"var":0.000000000,"sum":0.000010014},"relative_timestamp_from_iforward_start":{"num":2,"min":0.000002384,"max":0.000017405,"avg":0.000009894,"var":0.000000000,"sum":0.000019789}},"get_output":{"duration":{"num":2,"min":0.000000477,"max":0.000002861,"avg":0.000001669,"var":0.000000000,"sum":0.000003338},"relative_timestamp_from_wait_end":{"num":2,"min":0.000000477,"max":0.000004530,"avg":0.000002503,"var":0.000000000,"sum":0.000005007}}}}},"65535:65535:7940397281847607295:3":{"rpc_id":7940397281847607295,"provider_id":3,"parent_rpc_id":65535,"parent_provider_id":65535,"name":"__identity__","origin":{"sent to ofi+cxi://0x20101000":{"iforward":{"duration":{"num":1,"min":0.000014067,"max":0.000014067,"avg":0.000014067,"var":0.000000000.0,"sum":0.000014067},"relative_timestamp_from_create":{"num":1,"min":0.000000238,"max":0.000000238,"avg":0.000000238,"var":0.000000000.0,"sum":0.000000238}},"forward_cb":{"duration":{"num":1,"min":0.000000238,"max":0.000000238,"avg":0.000000238,"var":0.000000000.0,"sum":0.000000238},"relative_timestamp_from_iforward_start":{"num":1,"min":0.000030756,"max":0.000030756,"avg":0.000030756,"var":0.000000000.0,"sum":0.000030756}},"iforward_wait":{"duration":{"num":1,"min":0.000016928,"max":0.000016928,"avg":0.000016928,"var":0.000000000.0,"sum":0.000016928},"relative_timestamp_from_iforward_end":{"num":1,"min":0.000000477,"max":0.000000477,"avg":0.000000477,"var":0.000000000.0,"sum":0.000000477}},"set_input":{"duration":{"num":0,"min":0.000000000.0,"max":0.000000000.0,"avg":0.000000000.0,"var":0.000000000.0,"sum":0.000000000.0},"relative_timestamp_from_iforward_start":{"num":0,"min":0.000000000.0,"max":0.000000000.0,"avg":0.000000000.0,"var":0.000000000.0,"sum":0.000000000.0}},"get_output":{"duration":{"num":1,"min":0.000003099,"max":0.000003099,"avg":0.000003099,"var":0.000000000.0,"sum":0.000003099},"relative_timestamp_from_wait_end":{"num":1,"min":0.000000000.0,"max":0.000000000.0,"avg":0.000000000.0,"var":0.000000000.0,"sum":0.000000000.0}}}}},"65535:65535:13994581936748691455:0":{"rpc_id":-4452162136960860161,"provider_id":0,"parent_rpc_id":65535,"parent_provider_id":65535,"name":"bedrock_start_provider","origin":{"sent to ofi+cxi://0x20101000":{"iforward":{"duration":{"num":1,"min":0.000023127,"max":0.000023127,"avg":0.000023127,"var":0.000000000.0,"sum":0.000023127},"relative_timestamp_from_create":{"num":1,"min":0.000000238,"max":0.000000238,"avg":0.000000238,"var":0.000000000.0,"sum":0.000000238}},"forward_cb":{"duration":{"num":1,"min":0.000000000.0,"max":0.000000000.0,"avg":0.000000000.0,"var":0.000000000.0,"sum":0.000000000.0},"relative_timestamp_from_iforward_start":{"num":1,"min":0.000113726,"max":0.000113726,"avg":0.000113726,"var":0.000000000.0,"sum":0.000113726}},"iforward_wait":{"duration":{"num":1,"min":0.000091076,"max":0.000091076,"avg":0.000091076,"var":0.000000000.0,"sum":0.000091076},"relative_timestamp_from_iforward_end":{"num":1,"min":0.000000000.0,"max":0.000000000.0,"avg":0.000000000.0,"var":0.000000000.0,"sum":0.000000000.0}},"set_input":{"duration":{"num":1,"min":0.000000238,"max":0.000000238,"avg":0.000000238,"var":0.000000000.0,"sum":0.000000238},"relative_timestamp_from_iforward_start":{"num":1,"min":0.000003099,"max":0.000003099,"avg":0.000003099,"var":0.000000000.0,"sum":0.000003099}},"get_output":{"duration":{"num":1,"min":0.000000715,"max":0.000000715,"avg":0.000000715,"var":0.000000000.0,"sum":0.000000715},"relative_timestamp_from_wait_end":{"num":1,"min":0.000000238,"max":0.000000238,"avg":0.000000238,"var":0.000000000.0,"sum":0.000000238}}}}},"65535:65535:16409450654956847103:3":{"rpc_id":-2037293418752704513,"provider_id":3,"parent_rpc_id":65535,"parent_provider_id":65535,"name":"yk_doc_store","origin":{"sent to ofi+cxi://0x20101000":{"iforward":{"duration":{"num":1,"min":0.000026464,"max":0.000026464,"avg":0.000026464,"var":0.000000000.0,"sum":0.000026464},"relative_timestamp_from_create":{"num":1,"min":0.000000000.0,"max":0.000000000.0,"avg":0.000000000.0,"var":0.000000000.0,"sum":0.000000000.0}},"forward_cb":{"duration":{"num":1,"min":0.000000000.0,"max":0.000000000.0,"avg":0.000000000.0,"var":0.000000000.0,"sum":0.000000000.0},"relative_timestamp_from_iforward_start":{"num":1,"min":0.000087738,"max":0.000087738,"avg":0.000087738,"var":0.000000000.0,"sum":0.000087738}},"iforward_wait":{"duration":{"num":1,"min":0.000061989,"max":0.000061989,"avg":0.000061989,"var":0.000000000.0,"sum":0.000061989},"relative_timestamp_from_iforward_end":{"num":1,"min":0.000000000.0,"max":0.000000000.0,"avg":0.000000000.0,"var":0.000000000.0,"sum":0.000000000.0}},"set_input":{"duration":{"num":1,"min":0.000004768,"max":0.000004768,"avg":0.000004768,"var":0.000000000.0,"sum":0.000004768},"relative_timestamp_from_iforward_start":{"num":1,"min":0.000002861,"max":0.000002861,"avg":0.000002861,"var":0.000000000.0,"sum":0.000002861}},"get_output":{"duration":{"num":1,"min":0.000003576,"max":0.000003576,"avg":0.000003576,"var":0.000000000.0,"sum":0.000003576},"relative_timestamp_from_wait_end":{"num":1,"min":0.000000000.0,"max":0.000000000.0,"avg":0.000000000.0,"var":0.000000000.0,"sum":0.000000000.0}}}}},"65535:65535:65535:65535":{"rpc_id":65535,"provider_id":65535,"parent_rpc_id":65535,"parent_provider_id":65535,"name":"","target":{"received from <unknown>":{"bulk":{"create":{"duration":{"num":1,"min":0.000039101,"max":0.000039101,"avg":0.000039101,"var":0.000000000.0,"sum":0.000039101},"size":{"num":1,"min":104.000000000.0,"max":104.000000000.0,"avg":104.000000000.0,"var":0.000000000.0,"sum":104.000000000.0}}}}}}}}