{"address":"","progress_loop":{"progress_with_timeout":{"num":12205,"min":0.000001431,"max":0.124389648,"avg":0.098379436,"var":1.701236761,"sum":1200.721014023},"progress_timeout_value_msec":{"num":12205,"min":100.000000000.0,"max":100.000000000.0,"avg":100.000000000.0,"var":0.000000000.0,"sum":1220500.000000000.0},"progress_without_timeout":{"num":9033,"min":0.000000715,"max":0.000011444,"avg":0.000001139,"var":0.000000001,"sum":0.010293007},"trigger":{"num":213,"min":0.000003338,"max":0.027393818,"avg":0.012515377,"var":0.005514494,"sum":2.665775299}},"rpcs":{"65535:65535:5386877029230641151:0":{"rpc_id":5386877029230641151,"provider_id":0,"parent_rpc_id":65535,"parent_provider_id":65535,"name":"bedrock_query_config","origin":{"sent to ofi+cxi://0x20101000":{"iforward":{"duration":{"num":1,"min":0.000189066,"max":0.000189066,"avg":0.000189066,"var":0.000000000.0,"sum":0.000189066},"relative_timestamp_from_create":{"num":1,"min":0.000027895,"max":0.000027895,"avg":0.000027895,"var":0.000000000.0,"sum":0.000027895}},"forward_cb":{"duration":{"num":1,"min":0.018540144,"max":0.018540144,"avg":0.018540144,"var":0.000000000.0,"sum":0.018540144},"relative_timestamp_from_iforward_start":{"num":1,"min":0.001280308,"max":0.001280308,"avg":0.001280308,"var":0.000000000.0,"sum":0.001280308}},"iforward_wait":{"duration":{"num":1,"min":0.035585642,"max":0.035585642,"avg":0.035585642,"var":0.000000000.0,"sum":0.035585642},"relative_timestamp_from_iforward_end":{"num":1,"min":0.000123024,"max":0.000123024,"avg":0.000123024,"var":0.000000000.0,"sum":0.000123024}},"set_input":{"duration":{"num":1,"min":0.000081062,"max":0.000081062,"avg":0.000081062,"var":0.000000000.0,"sum":0.000081062},"relative_timestamp_from_iforward_start":{"num":1,"min":0.000077248,"max":0.000077248,"avg":0.000077248,"var":0.000000000.0,"sum":0.000077248}},"get_output":{"duration":{"num":1,"min":0.000014544,"max":0.000014544,"avg":0.000014544,"var":0.000000000.0,"sum":0.000014544},"relative_timestamp_from_wait_end":{"num":1,"min":0.000033379,"max":0.000033379,"avg":0.000033379,"var":0.000000000.0,"sum":0.000033379}}}}},"65535:65535:7940397281847607295:3":{"rpc_id":7940397281847607295,"provider_id":3,"parent_rpc_id":65535,"parent_provider_id":65535,"name":"__identity__","origin":{"sent to ofi+cxi://0x20101000":{"iforward":{"duration":{"num":1,"min":0.000022411,"max":0.000022411,"avg":0.000022411,"var":0.000000000.0,"sum":0.000022411},"relative_timestamp_from_create":{"num":1,"min":0.000000954,"max":0.000000954,"avg":0.000000954,"var":0.000000000.0,"sum":0.000000954}},"forward_cb":{"duration":{"num":1,"min":0.015422344,"max":0.015422344,"avg":0.015422344,"var":0.000000000.0,"sum":0.015422344},"relative_timestamp_from_iforward_start":{"num":1,"min":0.000050545,"max":0.000050545,"avg":0.000050545,"var":0.000000000.0,"sum":0.000050545}},"iforward_wait":{"duration":{"num":1,"min":0.031449556,"max":0.031449556,"avg":0.031449556,"var":0.000000000.0,"sum":0.031449556},"relative_timestamp_from_iforward_end":{"num":1,"min":0.000001431,"max":0.000001431,"avg":0.000001431,"var":0.000000000.0,"sum":0.000001431}},"set_input":{"duration":{"num":0,"min":0.000000000.0,"max":0.000000000.0,"avg":0.000000000.0,"var":0.000000000.0,"sum":0.000000000.0},"relative_timestamp_from_iforward_start":{"num":0,"min":0.000000000.0,"max":0.000000000.0,"avg":0.000000000.0,"var":0.000000000.0,"sum":0.000000000.0}},"get_output":{"duration":{"num":1,"min":0.000019550,"max":0.000019550,"avg":0.000019550,"var":0.000000000.0,"sum":0.000019550},"relative_timestamp_from_wait_end":{"num":1,"min":0.000001431,"max":0.000001431,"avg":0.000001431,"var":0.000000000.0,"sum":0.000001431}}}}},"65535:65535:15281833229347258367:3":{"rpc_id":-3164910844362293249,"provider_id":3,"parent_rpc_id":65535,"parent_provider_id":65535,"name":"yk_length_direct","origin":{"sent to ofi+cxi://0x20101000":{"iforward":{"duration":{"num":1,"min":0.000052214,"max":0.000052214,"avg":0.000052214,"var":0.000000000.0,"sum":0.000052214},"relative_timestamp_from_create":{"num":1,"min":0.000001669,"max":0.000001669,"avg":0.000001669,"var":0.000000000.0,"sum":0.000001669}},"forward_cb":{"duration":{"num":1,"min":0.015306950,"max":0.015306950,"avg":0.015306950,"var":0.000000000.0,"sum":0.015306950},"relative_timestamp_from_iforward_start":{"num":1,"min":0.000073671,"max":0.000073671,"avg":0.000073671,"var":0.000000000.0,"sum":0.000073671}},"iforward_wait":{"duration":{"num":1,"min":0.031329870,"max":0.031329870,"avg":0.031329870,"var":0.000000000.0,"sum":0.031329870},"relative_timestamp_from_iforward_end":{"num":1,"min":0.000000954,"max":0.000000954,"avg":0.000000954,"var":0.000000000.0,"sum":0.000000954}},"set_input":{"duration":{"num":1,"min":0.000027895,"max":0.000027895,"avg":0.000027895,"var":0.000000000.0,"sum":0.000027895},"relative_timestamp_from_iforward_start":{"num":1,"min":0.000008821,"max":0.000008821,"avg":0.000008821,"var":0.000000000.0,"sum":0.000008821}},"get_output":{"duration":{"num":1,"min":0.000018835,"max":0.000018835,"avg":0.000018835,"var":0.000000000.0,"sum":0.000018835},"relative_timestamp_from_wait_end":{"num":1,"min":0.000000954,"max":0.000000954,"avg":0.000000954,"var":0.000000000.0,"sum":0.000000954}}}}},"65535:65535:14263933427668549631:3":{"rpc_id":-4182810646041001985,"provider_id":3,"parent_rpc_id":65535,"parent_provider_id":65535,"name":"yk_get","origin":{"sent to ofi+cxi://0x20101000":{"iforward":{"duration":{"num":1,"min":0.000063896,"max":0.000063896,"avg":0.000063896,"var":0.000000000.0,"sum":0.000063896},"relative_timestamp_from_create":{"num":1,"min":0.000001431,"max":0.000001431,"avg":0.000001431,"var":0.000000000.0,"sum":0.000001431}},"forward_cb":{"duration":{"num":1,"min":0.015731335,"max":0.015731335,"avg":0.015731335,"var":0.000000000.0,"sum":0.015731335},"relative_timestamp_from_iforward_start":{"num":1,"min":0.000112534,"max":0.000112534,"avg":0.000112534,"var":0.000000000.0,"sum":0.000112534}},"iforward_wait":{"duration":{"num":1,"min":0.031780720,"max":0.031780720,"avg":0.031780720,"var":0.000000000.0,"sum":0.031780720},"relative_timestamp_from_iforward_end":{"num":1,"min":0.000001431,"max":0.000001431,"avg":0.000001431,"var":0.000000000.0,"sum":0.000001431}},"set_input":{"duration":{"num":1,"min":0.000031948,"max":0.000031948,"avg":0.000031948,"var":0.000000000.0,"sum":0.000031948},"relative_timestamp_from_iforward_start":{"num":1,"min":0.000010967,"max":0.000010967,"avg":0.000010967,"var":0.000000000.0,"sum":0.000010967}},"get_output":{"duration":{"num":1,"min":0.000000954,"max":0.000000954,"avg":0.000000954,"var":0.000000000.0,"sum":0.000000954},"relative_timestamp_from_wait_end":{"num":1,"min":0.000001431,"max":0.000001431,"avg":0.000001431,"var":0.000000000.0,"sum":0.000001431}}}}},"65535:65535:6151631875094937599:3":{"rpc_id":6151631875094937599,"provider_id":3,"parent_rpc_id":65535,"parent_provider_id":65535,"name":"yk_doc_iter","origin":{"sent to ofi+cxi://0x20101000":{"iforward":{"duration":{"num":2,"min":0.000018358,"max":0.000038385,"avg":0.000028372,"var":0.000000000,"sum":0.000056744},"relative_timestamp_from_create":{"num":2,"min":0.000001431,"max":0.000001431,"avg":0.000001431,"var":0.000000000.0,"sum":0.000002861}},"forward_cb":{"duration":{"num":2,"min":0.000001907,"max":0.000002861,"avg":0.000002384,"var":0.000000000,"sum":0.000004768},"relative_timestamp_from_iforward_start":{"num":2,"min":0.000042200,"max":0.051889658,"avg":0.025965929,"var":0.001344079,"sum":0.051931858}},"iforward_wait":{"duration":{"num":2,"min":0.007958412,"max":0.067842722,"avg":0.037900567,"var":0.001793065,"sum":0.075801134},"relative_timestamp_from_iforward_end":{"num":2,"min":0.000001192,"max":0.000001669,"avg":0.000001431,"var":0.000000000,"sum":0.000002861}},"set_input":{"duration":{"num":2,"min":0.000001192,"max":0.000015259,"avg":0.000008225,"var":0.000000000,"sum":0.000016451},"relative_timestamp_from_iforward_start":{"num":2,"min":0.000002861,"max":0.000009060,"avg":0.000005960,"var":0.000000000,"sum":0.000011921}},