{"address":"","progress_loop":{"progress_with_timeout":{"num":11,"min":0.000001669,"max":0.097314119,"avg":0.008942127,"var":0.008590855,"sum":0.098363400},"progress_timeout_value_msec":{"num":11,"min":100.000000000.0,"max":100.000000000.0,"avg":100.000000000.0,"var":0.000000000.0,"sum":1100.000000000.0},"progress_without_timeout":{"num":0,"min":0.000000000.0,"max":0.000000000.0,"avg":0.000000000.0,"var":0.000000000.0,"sum":0.000000000.0},"trigger":{"num":5,"min":0.000003338,"max":0.000004292,"avg":0.000003672,"var":0.000000000,"sum":0.000018358}},"rpcs":{"65535:65535:5386877029230641151:0":{"rpc_id":5386877029230641151,"provider_id":0,"parent_rpc_id":65535,"parent_provider_id":65535,"name":"bedrock_query_config","origin":{"sent to ofi+cxi://0x20107a00":{"iforward":{"duration":{"num":2,"min":0.000019073,"max":0.000077248,"avg":0.000048161,"var":0.000000002,"sum":0.000096321},"relative_timestamp_from_create":{"num":2,"min":0.000001431,"max":0.000008583,"avg":0.000005007,"var":0.000000000,"sum":0.000010014}},"forward_cb":{"duration":{"num":2,"min":0.000001431,"max":0.000001669,"avg":0.000001550,"var":0.000000000,"sum":0.000003099},"relative_timestamp_from_iforward_start":{"num":2,"min":0.000431299,"max":0.000621080,"avg":0.000526190,"var":0.000000018,"sum":0.001052380}},"iforward_wait":{"duration":{"num":2,"min":0.000417233,"max":0.000517607,"avg":0.000467420,"var":0.000000005,"sum":0.000934839},"relative_timestamp_from_iforward_end":{"num":2,"min":0.000000954,"max":0.000032425,"avg":0.000016689,"var":0.000000000,"sum":0.000033379}},"set_input":{"duration":{"num":2,"min":0.000001907,"max":0.000020742,"avg":0.000011325,"var":0.000000000,"sum":0.000022650},"relative_timestamp_from_iforward_start":{"num":2,"min":0.000002861,"max":0.000025988,"avg":0.000014424,"var":0.000000000,"sum":0.000028849}},"get_output":{"duration":{"num":2,"min":0.000001431,"max":0.000005960,"avg":0.000003695,"var":0.000000000,"sum":0.000007391},"relative_timestamp_from_wait_end":{"num":2,"min":0.000001907,"max":0.000008583,"avg":0.000005245,"var":0.000000000,"sum":0.000010490}}}}},"65535:65535:7940397281847607295:3":{"rpc_id":7940397281847607295,"provider_id":3,"parent_rpc_id":65535,"parent_provider_id":65535,"name":"__identity__","origin":{"sent to ofi+cxi://0x20107a00":{"iforward":{"duration":{"num":1,"min":0.000021458,"max":0.000021458,"avg":0.000021458,"var":0.000000000.0,"sum":0.000021458},"relative_timestamp_from_create":{"num":1,"min":0.000000954,"max":0.000000954,"avg":0.000000954,"var":0.000000000.0,"sum":0.000000954}},"forward_cb":{"duration":{"num":1,"min":0.000000954,"max":0.000000954,"avg":0.000000954,"var":0.000000000.0,"sum":0.000000954},"relative_timestamp_from_iforward_start":{"num":1,"min":0.000042200,"max":0.000042200,"avg":0.000042200,"var":0.000000000.0,"sum":0.000042200}},"iforward_wait":{"duration":{"num":1,"min":0.000026226,"max":0.000026226,"avg":0.000026226,"var":0.000000000.0,"sum":0.000026226},"relative_timestamp_from_iforward_end":{"num":1,"min":0.000001431,"max":0.000001431,"avg":0.000001431,"var":0.000000000.0,"sum":0.000001431}},"set_input":{"duration":{"num":0,"min":0.000000000.0,"max":0.000000000.0,"avg":0.000000000.0,"var":0.000000000.0,"sum":0.000000000.0},"relative_timestamp_from_iforward_start":{"num":0,"min":0.000000000.0,"max":0.000000000.0,"avg":0.000000000.0,"var":0.000000000.0,"sum":0.000000000.0}},"get_output":{"duration":{"num":1,"min":0.000005245,"max":0.000005245,"avg":0.000005245,"var":0.000000000.0,"sum":0.000005245},"relative_timestamp_from_wait_end":{"num":1,"min":0.000001431,"max":0.000001431,"avg":0.000001431,"var":0.000000000.0,"sum":0.000001431}}}}},"65535:65535:13994581936748691455:0":{"rpc_id":-4452162136960860161,"provider_id":0,"parent_rpc_id":65535,"parent_provider_id":65535,"name":"bedrock_start_provider","origin":{"sent to ofi+cxi://0x20107a00":{"iforward":{"duration":{"num":1,"min":0.000029087,"max":0.000029087,"avg":0.000029087,"var":0.000000000.0,"sum":0.000029087},"relative_timestamp_from_create":{"num":1,"min":0.000000954,"max":0.000000954,"avg":0.000000954,"var":0.000000000.0,"sum":0.000000954}},"forward_cb":{"duration":{"num":1,"min":0.000001431,"max":0.000001431,"avg":0.000001431,"var":0.000000000.0,"sum":0.000001431},"relative_timestamp_from_iforward_start":{"num":1,"min":0.000130653,"max":0.000130653,"avg":0.000130653,"var":0.000000000.0,"sum":0.000130653}},"iforward_wait":{"duration":{"num":1,"min":0.000106335,"max":0.000106335,"avg":0.000106335,"var":0.000000000.0,"sum":0.000106335},"relative_timestamp_from_iforward_end":{"num":1,"min":0.000000954,"max":0.000000954,"avg":0.000000954,"var":0.000000000.0,"sum":0.000000954}},"set_input":{"duration":{"num":1,"min":0.000001431,"max":0.000001431,"avg":0.000001431,"var":0.000000000.0,"sum":0.000001431},"relative_timestamp_from_iforward_start":{"num":1,"min":0.000006676,"max":0.000006676,"avg":0.000006676,"var":0.000000000.0,"sum":0.000006676}},"get_output":{"duration":{"num":1,"min":0.000001431,"max":0.000001431,"avg":0.000001431,"var":0.000000000.0,"sum":0.000001431},"relative_timestamp_from_wait_end":{"num":1,"min":0.000001431,"max":0.000001431,"avg":0.000001431,"var":0.000000000.0,"sum":0.000001431}}}}},"65535:65535:16409450654956847103:3":{"rpc_id":-2037293418752704513,"provider_id":3,"parent_rpc_id":65535,"parent_provider_id":65535,"name":"yk_doc_store","origin":{"sent to ofi+cxi://0x20107a00":{"iforward":{"duration":{"num":1,"min":0.000034571,"max":0.000034571,"avg":0.000034571,"var":0.000000000.0,"sum":0.000034571},"relative_timestamp_from_create":{"num":1,"min":0.000001431,"max":0.000001431,"avg":0.000001431,"var":0.000000000.0,"sum":0.000001431}},"forward_cb":{"duration":{"num":1,"min":0.000001192,"max":0.000001192,"avg":0.000001192,"var":0.000000000.0,"sum":0.000001192},"relative_timestamp_from_iforward_start":{"num":1,"min":0.000096083,"max":0.000096083,"avg":0.000096083,"var":0.000000000.0,"sum":0.000096083}},"iforward_wait":{"duration":{"num":1,"min":0.000065804,"max":0.000065804,"avg":0.000065804,"var":0.000000000.0,"sum":0.000065804},"relative_timestamp_from_iforward_end":{"num":1,"min":0.000001669,"max":0.000001669,"avg":0.000001669,"var":0.000000000.0,"sum":0.000001669}},"set_input":{"duration":{"num":1,"min":0.000009060,"max":0.000009060,"avg":0.000009060,"var":0.000000000.0,"sum":0.000009060},"relative_timestamp_from_iforward_start":{"num":1,"min":0.000006437,"max":0.000006437,"avg":0.000006437,"var":0.000000000.0,"sum":0.000006437}},"get_output":{"duration":{"num":1,"min":0.000007629,"max":0.000007629,"avg":0.000007629,"var":0.000000000.0,"sum":0.000007629},"relative_timestamp_from_wait_end":{"num":1,"min":0.000001431,"max":0.000001431,"avg":0.000001431,"var":0.000000000.0,"sum":0.000001431}}}}},"65535:65535:65535:65535":{"rpc_id":65535,"provider_id":65535,"parent_rpc_id":65535,"parent_provider_id":65535,"name":"","target":{"received from <unknown>":{"bulk":{"create":{"duration":{"num":1,"min":0.000044823,"max":0.000044823,"avg":0.000044823,"var":0.000000000.0,"sum":0.000044823},"size":{"num":1,"min":104.000000000.0,"max":104.000000000.0,"avg":104.000000000.0,"var":0.000000000.0,"sum":104.000000000.0}}}}}}}}