{"address":"","progress_loop":{"progress_with_timeout":{"num":19634,"min":0.000006199,"max":0.131464958,"avg":0.101418147,"var":1.208690317,"sum":1991.243891478},"progress_timeout_value_msec":{"num":19634,"min":100.000000000.0,"max":100.000000000.0,"avg":100.000000000.0,"var":0.000000000.0,"sum":1963400.000000000.0},"progress_without_timeout":{"num":158446,"min":0.000000000.0,"max":0.000008345,"avg":0.000000090,"var":0.000000002,"sum":0.014316559},"trigger":{"num":130,"min":0.000000000.0,"max":0.024775505,"avg":0.009935009,"var":0.004509408,"sum":1.291551113}},"rpcs":{"65535:65535:5386877029230641151:0":{"rpc_id":5386877029230641151,"provider_id":0,"parent_rpc_id":65535,"parent_provider_id":65535,"name":"bedrock_query_config","origin":{"sent to ofi+cxi://0x2053d400":{"iforward":{"duration":{"num":1,"min":0.000136137,"max":0.000136137,"avg":0.000136137,"var":0.000000000.0,"sum":0.000136137},"relative_timestamp_from_create":{"num":1,"min":0.000019073,"max":0.000019073,"avg":0.000019073,"var":0.000000000.0,"sum":0.000019073}},"forward_cb":{"duration":{"num":1,"min":0.014340878,"max":0.014340878,"avg":0.014340878,"var":0.000000000.0,"sum":0.014340878},"relative_timestamp_from_iforward_start":{"num":1,"min":0.000718355,"max":0.000718355,"avg":0.000718355,"var":0.000000000.0,"sum":0.000718355}},"iforward_wait":{"duration":{"num":1,"min":0.019016981,"max":0.019016981,"avg":0.019016981,"var":0.000000000.0,"sum":0.019016981},"relative_timestamp_from_iforward_end":{"num":1,"min":0.000086069,"max":0.000086069,"avg":0.000086069,"var":0.000000000.0,"sum":0.000086069}},"set_input":{"duration":{"num":1,"min":0.000055790,"max":0.000055790,"avg":0.000055790,"var":0.000000000.0,"sum":0.000055790},"relative_timestamp_from_iforward_start":{"num":1,"min":0.000053406,"max":0.000053406,"avg":0.000053406,"var":0.000000000.0,"sum":0.000053406}},"get_output":{"duration":{"num":1,"min":0.000010014,"max":0.000010014,"avg":0.000010014,"var":0.000000000.0,"sum":0.000010014},"relative_timestamp_from_wait_end":{"num":1,"min":0.000024319,"max":0.000024319,"avg":0.000024319,"var":0.000000000.0,"sum":0.000024319}}}}},"65535:65535:7940397281847607295:3":{"rpc_id":7940397281847607295,"provider_id":3,"parent_rpc_id":65535,"parent_provider_id":65535,"name":"__identity__","origin":{"sent to ofi+cxi://0x2053d400":{"iforward":{"duration":{"num":1,"min":0.000017643,"max":0.000017643,"avg":0.000017643,"var":0.000000000.0,"sum":0.000017643},"relative_timestamp_from_create":{"num":1,"min":0.000000238,"max":0.000000238,"avg":0.000000238,"var":0.000000000.0,"sum":0.000000238}},"forward_cb":{"duration":{"num":1,"min":0.000002384,"max":0.000002384,"avg":0.000002384,"var":0.000000000.0,"sum":0.000002384},"relative_timestamp_from_iforward_start":{"num":1,"min":0.000040770,"max":0.000040770,"avg":0.000040770,"var":0.000000000.0,"sum":0.000040770}},"iforward_wait":{"duration":{"num":1,"min":0.011534691,"max":0.011534691,"avg":0.011534691,"var":0.000000000.0,"sum":0.011534691},"relative_timestamp_from_iforward_end":{"num":1,"min":0.000000238,"max":0.000000238,"avg":0.000000238,"var":0.000000000.0,"sum":0.000000238}},"set_input":{"duration":{"num":0,"min":0.000000000.0,"max":0.000000000.0,"avg":0.000000000.0,"var":0.000000000.0,"sum":0.000000000.0},"relative_timestamp_from_iforward_start":{"num":0,"min":0.000000000.0,"max":0.000000000.0,"avg":0.000000000.0,"var":0.000000000.0,"sum":0.000000000.0}},"get_output":{"duration":{"num":1,"min":0.000015974,"max":0.000015974,"avg":0.000015974,"var":0.000000000.0,"sum":0.000015974},"relative_timestamp_from_wait_end":{"num":1,"min":0.000000238,"max":0.000000238,"avg":0.000000238,"var":0.000000000.0,"sum":0.000000238}}}}},"65535:65535:15281833229347258367:3":{"rpc_id":-3164910844362293249,"provider_id":3,"parent_rpc_id":65535,"parent_provider_id":65535,"name":"yk_length_direct","origin":{"sent to ofi+cxi://0x2053d400":{"iforward":{"duration":{"num":1,"min":0.000040054,"max":0.000040054,"avg":0.000040054,"var":0.000000000.0,"sum":0.000040054},"relative_timestamp_from_create":{"num":1,"min":0.000000477,"max":0.000000477,"avg":0.000000477,"var":0.000000000.0,"sum":0.000000477}},"forward_cb":{"duration":{"num":1,"min":0.015518188,"max":0.015518188,"avg":0.015518188,"var":0.000000000.0,"sum":0.015518188},"relative_timestamp_from_iforward_start":{"num":1,"min":0.000060558,"max":0.000060558,"avg":0.000060558,"var":0.000000000.0,"sum":0.000060558}},"iforward_wait":{"duration":{"num":1,"min":0.031536102,"max":0.031536102,"avg":0.031536102,"var":0.000000000.0,"sum":0.031536102},"relative_timestamp_from_iforward_end":{"num":1,"min":0.000000238,"max":0.000000238,"avg":0.000000238,"var":0.000000000.0,"sum":0.000000238}},"set_input":{"duration":{"num":1,"min":0.000019312,"max":0.000019312,"avg":0.000019312,"var":0.000000000.0,"sum":0.000019312},"relative_timestamp_from_iforward_start":{"num":1,"min":0.000005722,"max":0.000005722,"avg":0.000005722,"var":0.000000000.0,"sum":0.000005722}},"get_output":{"duration":{"num":1,"min":0.000015020,"max":0.000015020,"avg":0.000015020,"var":0.000000000.0,"sum":0.000015020},"relative_timestamp_from_wait_end":{"num":1,"min":0.000000477,"max":0.000000477,"avg":0.000000477,"var":0.000000000.0,"sum":0.000000477}}}}},"65535:65535:14263933427668549631:3":{"rpc_id":-4182810646041001985,"provider_id":3,"parent_rpc_id":65535,"parent_provider_id":65535,"name":"yk_get","origin":{"sent to ofi+cxi://0x2053d400":{"iforward":{"duration":{"num":1,"min":0.000051022,"max":0.000051022,"avg":0.000051022,"var":0.000000000.0,"sum":0.000051022},"relative_timestamp_from_create":{"num":1,"min":0.000000238,"max":0.000000238,"avg":0.000000238,"var":0.000000000.0,"sum":0.000000238}},"forward_cb":{"duration":{"num":1,"min":0.015757322,"max":0.015757322,"avg":0.015757322,"var":0.000000000.0,"sum":0.015757322},"relative_timestamp_from_iforward_start":{"num":1,"min":0.000113726,"max":0.000113726,"avg":0.000113726,"var":0.000000000.0,"sum":0.000113726}},"iforward_wait":{"duration":{"num":1,"min":0.031820536,"max":0.031820536,"avg":0.031820536,"var":0.000000000.0,"sum":0.031820536},"relative_timestamp_from_iforward_end":{"num":1,"min":0.000000238,"max":0.000000238,"avg":0.000000238,"var":0.000000000.0,"sum":0.000000238}},"set_input":{"duration":{"num":1,"min":0.000023127,"max":0.000023127,"avg":0.000023127,"var":0.000000000.0,"sum":0.000023127},"relative_timestamp_from_iforward_start":{"num":1,"min":0.000007868,"max":0.000007868,"avg":0.000007868,"var":0.000000000.0,"sum":0.000007868}},"get_output":{"duration":{"num":1,"min":0.000000238,"max":0.000000238,"avg":0.000000238,"var":0.000000000.0,"sum":0.000000238},"relative_timestamp_from_wait_end":{"num":1,"min":0.000000238,"max":0.000000238,"avg":0.000000238,"var":0.000000000.0,"sum":0.000000238}}}}},"65535:65535:6151631875094937599:3":{"rpc_id":6151631875094937599,"provider_id":3,"parent_rpc_id":65535,"parent_provider_id":65535,"name":"yk_doc_iter","origin":{"sent to ofi+cxi://0x2053d400":{"iforward":{"duration":{"num":2,"min":0.000015974,"max":0.000031471,"avg":0.000023723,"var":0.000000000,"sum":0.000047445},"relative_timestamp_from_create":{"num":2,"min":0.000000238,"max":0.000000238,"avg":0.000000238,"var":0.000000000.0,"sum":0.000000477}},"forward_cb":{"duration":{"num":2,"min":0.000000238,"max":0.015960455,"avg":0.007980347,"var":0.000127364,"sum":0.015960693},"relative_timestamp_from_iforward_start":{"num":2,"min":0.000031948,"max":0.047919273,"avg":0.023975611,"var":0.001146598,"sum":0.047951221}},"iforward_wait":{"duration":{"num":2,"min":0.031978369,"max":0.063888073,"avg":0.047933221,"var":0.000509115,"sum":0.095866442},"relative_timestamp_from_iforward_end":{"num":2,"min":0.000000238,"max":0.000000238,"avg":0.000000238,"var":0.000000000.0,"sum":0.000000477}},"set_input":{"duration":{"num":2,"min":0.000000238,"max":0.000013113,"avg":0.000006676,"var":0.000000000,"sum":0.000013351},"relative_timestamp_from_iforward_start":{"num":2,"min":0.000002384,"max":0.000005484,"avg":0.000003934,"var":0.000000000,