{"address":"","progress_loop":{"progress_with_timeout":{"num":8,"min":0.000003576,"max":0.099575043,"avg":0.012650341,"var":0.008635625,"sum":0.101202726},"progress_timeout_value_msec":{"num":8,"min":100.000000000.0,"max":100.000000000.0,"avg":100.000000000.0,"var":0.000000000.0,"sum":800.000000000.0},"progress_without_timeout":{"num":0,"min":0.000000000.0,"max":0.000000000.0,"avg":0.000000000.0,"var":0.000000000.0,"sum":0.000000000.0},"trigger":{"num":5,"min":0.000000238,"max":0.000001192,"avg":0.000000525,"var":0.000000000,"sum":0.000002623}},"rpcs":{"65535:65535:5386877029230641151:0":{"rpc_id":5386877029230641151,"provider_id":0,"parent_rpc_id":65535,"parent_provider_id":65535,"name":"bedrock_query_config","origin":{"sent to ofi+cxi://0x2053d400":{"iforward":{"duration":{"num":2,"min":0.000015497,"max":0.000056505,"avg":0.000036001,"var":0.000000001,"sum":0.000072002},"relative_timestamp_from_create":{"num":2,"min":0.000000238,"max":0.000003576,"avg":0.000001907,"var":0.000000000,"sum":0.000003815}},"forward_cb":{"duration":{"num":2,"min":0.000000238,"max":0.000000477,"avg":0.000000358,"var":0.000000000,"sum":0.000000715},"relative_timestamp_from_iforward_start":{"num":2,"min":0.000418186,"max":0.000586510,"avg":0.000502348,"var":0.000000014,"sum":0.001004696}},"iforward_wait":{"duration":{"num":2,"min":0.000403643,"max":0.000514269,"avg":0.000458956,"var":0.000000006,"sum":0.000917912},"relative_timestamp_from_iforward_end":{"num":2,"min":0.000000000.0,"max":0.000017166,"avg":0.000008583,"var":0.000000000,"sum":0.000017166}},"set_input":{"duration":{"num":2,"min":0.000000477,"max":0.000010490,"avg":0.000005484,"var":0.000000000,"sum":0.000010967},"relative_timestamp_from_iforward_start":{"num":2,"min":0.000002384,"max":0.000016451,"avg":0.000009418,"var":0.000000000,"sum":0.000018835}},"get_output":{"duration":{"num":2,"min":0.000000954,"max":0.000002623,"avg":0.000001788,"var":0.000000000,"sum":0.000003576},"relative_timestamp_from_wait_end":{"num":2,"min":0.000000238,"max":0.000004292,"avg":0.000002265,"var":0.000000000,"sum":0.000004530}}}}},"65535:65535:7940397281847607295:3":{"rpc_id":7940397281847607295,"provider_id":3,"parent_rpc_id":65535,"parent_provider_id":65535,"name":"__identity__","origin":{"sent to ofi+cxi://0x2053d400":{"iforward":{"duration":{"num":1,"min":0.000014782,"max":0.000014782,"avg":0.000014782,"var":0.000000000.0,"sum":0.000014782},"relative_timestamp_from_create":{"num":1,"min":0.000000238,"max":0.000000238,"avg":0.000000238,"var":0.000000000.0,"sum":0.000000238}},"forward_cb":{"duration":{"num":1,"min":0.000000238,"max":0.000000238,"avg":0.000000238,"var":0.000000000.0,"sum":0.000000238},"relative_timestamp_from_iforward_start":{"num":1,"min":0.000029325,"max":0.000029325,"avg":0.000029325,"var":0.000000000.0,"sum":0.000029325}},"iforward_wait":{"duration":{"num":1,"min":0.000015020,"max":0.000015020,"avg":0.000015020,"var":0.000000000.0,"sum":0.000015020},"relative_timestamp_from_iforward_end":{"num":1,"min":0.000000238,"max":0.000000238,"avg":0.000000238,"var":0.000000000.0,"sum":0.000000238}},"set_input":{"duration":{"num":0,"min":0.000000000.0,"max":0.000000000.0,"avg":0.000000000.0,"var":0.000000000.0,"sum":0.000000000.0},"relative_timestamp_from_iforward_start":{"num":0,"min":0.000000000.0,"max":0.000000000.0,"avg":0.000000000.0,"var":0.000000000.0,"sum":0.000000000.0}},"get_output":{"duration":{"num":1,"min":0.000002861,"max":0.000002861,"avg":0.000002861,"var":0.000000000.0,"sum":0.000002861},"relative_timestamp_from_wait_end":{"num":1,"min":0.000000238,"max":0.000000238,"avg":0.000000238,"var":0.000000000.0,"sum":0.000000238}}}}},"65535:65535:13994581936748691455:0":{"rpc_id":-4452162136960860161,"provider_id":0,"parent_rpc_id":65535,"parent_provider_id":65535,"name":"bedrock_start_provider","origin":{"sent to ofi+cxi://0x2053d400":{"iforward":{"duration":{"num":1,"min":0.000025988,"max":0.000025988,"avg":0.000025988,"var":0.000000000.0,"sum":0.000025988},"relative_timestamp_from_create":{"num":1,"min":0.000000238,"max":0.000000238,"avg":0.000000238,"var":0.000000000.0,"sum":0.000000238}},"forward_cb":{"duration":{"num":1,"min":0.000000000.0,"max":0.000000000.0,"avg":0.000000000.0,"var":0.000000000.0,"sum":0.000000000.0},"relative_timestamp_from_iforward_start":{"num":1,"min":0.000506639,"max":0.000506639,"avg":0.000506639,"var":0.000000000.0,"sum":0.000506639}},"iforward_wait":{"duration":{"num":1,"min":0.000481367,"max":0.000481367,"avg":0.000481367,"var":0.000000000.0,"sum":0.000481367},"relative_timestamp_from_iforward_end":{"num":1,"min":0.000000000.0,"max":0.000000000.0,"avg":0.000000000.0,"var":0.000000000.0,"sum":0.000000000.0}},"set_input":{"duration":{"num":1,"min":0.000000238,"max":0.000000238,"avg":0.000000238,"var":0.000000000.0,"sum":0.000000238},"relative_timestamp_from_iforward_start":{"num":1,"min":0.000005484,"max":0.000005484,"avg":0.000005484,"var":0.000000000.0,"sum":0.000005484}},"get_output":{"duration":{"num":1,"min":0.000000477,"max":0.000000477,"avg":0.000000477,"var":0.000000000.0,"sum":0.000000477},"relative_timestamp_from_wait_end":{"num":1,"min":0.000000238,"max":0.000000238,"avg":0.000000238,"var":0.000000000.0,"sum":0.000000238}}}}},"65535:65535:16409450654956847103:3":{"rpc_id":-2037293418752704513,"provider_id":3,"parent_rpc_id":65535,"parent_provider_id":65535,"name":"yk_doc_store","origin":{"sent to ofi+cxi://0x2053d400":{"iforward":{"duration":{"num":1,"min":0.000028372,"max":0.000028372,"avg":0.000028372,"var":0.000000000.0,"sum":0.000028372},"relative_timestamp_from_create":{"num":1,"min":0.000000238,"max":0.000000238,"avg":0.000000238,"var":0.000000000.0,"sum":0.000000238}},"forward_cb":{"duration":{"num":1,"min":0.000000238,"max":0.000000238,"avg":0.000000238,"var":0.000000000.0,"sum":0.000000238},"relative_timestamp_from_iforward_start":{"num":1,"min":0.000258207,"max":0.000258207,"avg":0.000258207,"var":0.000000000.0,"sum":0.000258207}},"iforward_wait":{"duration":{"num":1,"min":0.000230551,"max":0.000230551,"avg":0.000230551,"var":0.000000000.0,"sum":0.000230551},"relative_timestamp_from_iforward_end":{"num":1,"min":0.000000000.0,"max":0.000000000.0,"avg":0.000000000.0,"var":0.000000000.0,"sum":0.000000000.0}},"set_input":{"duration":{"num":1,"min":0.000005484,"max":0.000005484,"avg":0.000005484,"var":0.000000000.0,"sum":0.000005484},"relative_timestamp_from_iforward_start":{"num":1,"min":0.000003815,"max":0.000003815,"avg":0.000003815,"var":0.000000000.0,"sum":0.000003815}},"get_output":{"duration":{"num":1,"min":0.000004530,"max":0.000004530,"avg":0.000004530,"var":0.000000000.0,"sum":0.000004530},"relative_timestamp_from_wait_end":{"num":1,"min":0.000000000.0,"max":0.000000000.0,"avg":0.000000000.0,"var":0.000000000.0,"sum":0.000000000.0}}}}},"65535:65535:65535:65535":{"rpc_id":65535,"provider_id":65535,"parent_rpc_id":65535,"parent_provider_id":65535,"name":"","target":{"received from <unknown>":{"bulk":{"create":{"duration":{"num":1,"min":0.000040293,"max":0.000040293,"avg":0.000040293,"var":0.000000000.0,"sum":0.000040293},"size":{"num":1,"min":104.000000000.0,"max":104.000000000.0,"avg":104.000000000.0,"var":0.000000000.0,"sum":104.000000000.0}}}}}}}}