{"address":"","progress_loop":{"progress_with_timeout":{"num":13406,"min":0.000000954,"max":0.132759809,"avg":0.101848586,"var":2.363844812,"sum":1365.382139206},"progress_timeout_value_msec":{"num":13406,"min":100.000000000.0,"max":100.000000000.0,"avg":100.000000000.0,"var":0.000000000.0,"sum":1340600.000000000.0},"progress_without_timeout":{"num":176727,"min":0.000000000.0,"max":0.000010967,"avg":0.000000080,"var":0.000000002,"sum":0.014163494},"trigger":{"num":213,"min":0.000000000.0,"max":0.026880026,"avg":0.012532567,"var":0.005217666,"sum":2.669436693}},"rpcs":{"65535:65535:5386877029230641151:0":{"rpc_id":5386877029230641151,"provider_id":0,"parent_rpc_id":65535,"parent_provider_id":65535,"name":"bedrock_query_config","origin":{"sent to ofi+cxi://0x2082fa00":{"iforward":{"duration":{"num":1,"min":0.000147820,"max":0.000147820,"avg":0.000147820,"var":0.000000000.0,"sum":0.000147820},"relative_timestamp_from_create":{"num":1,"min":0.000018597,"max":0.000018597,"avg":0.000018597,"var":0.000000000.0,"sum":0.000018597}},"forward_cb":{"duration":{"num":1,"min":0.026879549,"max":0.026879549,"avg":0.026879549,"var":0.000000000.0,"sum":0.026879549},"relative_timestamp_from_iforward_start":{"num":1,"min":0.001184464,"max":0.001184464,"avg":0.001184464,"var":0.000000000.0,"sum":0.001184464}},"iforward_wait":{"duration":{"num":1,"min":0.043831348,"max":0.043831348,"avg":0.043831348,"var":0.000000000.0,"sum":0.043831348},"relative_timestamp_from_iforward_end":{"num":1,"min":0.000085592,"max":0.000085592,"avg":0.000085592,"var":0.000000000.0,"sum":0.000085592}},"set_input":{"duration":{"num":1,"min":0.000065565,"max":0.000065565,"avg":0.000065565,"var":0.000000000.0,"sum":0.000065565},"relative_timestamp_from_iforward_start":{"num":1,"min":0.000053406,"max":0.000053406,"avg":0.000053406,"var":0.000000000.0,"sum":0.000053406}},"get_output":{"duration":{"num":1,"min":0.000010014,"max":0.000010014,"avg":0.000010014,"var":0.000000000.0,"sum":0.000010014},"relative_timestamp_from_wait_end":{"num":1,"min":0.000024080,"max":0.000024080,"avg":0.000024080,"var":0.000000000.0,"sum":0.000024080}}}}},"65535:65535:7940397281847607295:3":{"rpc_id":7940397281847607295,"provider_id":3,"parent_rpc_id":65535,"parent_provider_id":65535,"name":"__identity__","origin":{"sent to ofi+cxi://0x2082fa00":{"iforward":{"duration":{"num":1,"min":0.000017643,"max":0.000017643,"avg":0.000017643,"var":0.000000000.0,"sum":0.000017643},"relative_timestamp_from_create":{"num":1,"min":0.000000238,"max":0.000000238,"avg":0.000000238,"var":0.000000000.0,"sum":0.000000238}},"forward_cb":{"duration":{"num":1,"min":0.000002146,"max":0.000002146,"avg":0.000002146,"var":0.000000000.0,"sum":0.000002146},"relative_timestamp_from_iforward_start":{"num":1,"min":0.000044346,"max":0.000044346,"avg":0.000044346,"var":0.000000000.0,"sum":0.000044346}},"iforward_wait":{"duration":{"num":1,"min":0.011723280,"max":0.011723280,"avg":0.011723280,"var":0.000000000.0,"sum":0.011723280},"relative_timestamp_from_iforward_end":{"num":1,"min":0.000000238,"max":0.000000238,"avg":0.000000238,"var":0.000000000.0,"sum":0.000000238}},"set_input":{"duration":{"num":0,"min":0.000000000.0,"max":0.000000000.0,"avg":0.000000000.0,"var":0.000000000.0,"sum":0.000000000.0},"relative_timestamp_from_iforward_start":{"num":0,"min":0.000000000.0,"max":0.000000000.0,"avg":0.000000000.0,"var":0.000000000.0,"sum":0.000000000.0}},"get_output":{"duration":{"num":1,"min":0.000014305,"max":0.000014305,"avg":0.000014305,"var":0.000000000.0,"sum":0.000014305},"relative_timestamp_from_wait_end":{"num":1,"min":0.000000238,"max":0.000000238,"avg":0.000000238,"var":0.000000000.0,"sum":0.000000238}}}}},"65535:65535:15281833229347258367:3":{"rpc_id":-3164910844362293249,"provider_id":3,"parent_rpc_id":65535,"parent_provider_id":65535,"name":"yk_length_direct","origin":{"sent to ofi+cxi://0x2082fa00":{"iforward":{"duration":{"num":1,"min":0.000039101,"max":0.000039101,"avg":0.000039101,"var":0.000000000.0,"sum":0.000039101},"relative_timestamp_from_create":{"num":1,"min":0.000000238,"max":0.000000238,"avg":0.000000238,"var":0.000000000.0,"sum":0.000000238}},"forward_cb":{"duration":{"num":1,"min":0.015444756,"max":0.015444756,"avg":0.015444756,"var":0.000000000.0,"sum":0.015444756},"relative_timestamp_from_iforward_start":{"num":1,"min":0.000060558,"max":0.000060558,"avg":0.000060558,"var":0.000000000.0,"sum":0.000060558}},"iforward_wait":{"duration":{"num":1,"min":0.031466722,"max":0.031466722,"avg":0.031466722,"var":0.000000000.0,"sum":0.031466722},"relative_timestamp_from_iforward_end":{"num":1,"min":0.000000000.0,"max":0.000000000.0,"avg":0.000000000.0,"var":0.000000000.0,"sum":0.000000000.0}},"set_input":{"duration":{"num":1,"min":0.000018597,"max":0.000018597,"avg":0.000018597,"var":0.000000000.0,"sum":0.000018597},"relative_timestamp_from_iforward_start":{"num":1,"min":0.000005722,"max":0.000005722,"avg":0.000005722,"var":0.000000000.0,"sum":0.000005722}},"get_output":{"duration":{"num":1,"min":0.000016451,"max":0.000016451,"avg":0.000016451,"var":0.000000000.0,"sum":0.000016451},"relative_timestamp_from_wait_end":{"num":1,"min":0.000000238,"max":0.000000238,"avg":0.000000238,"var":0.000000000.0,"sum":0.000000238}}}}},"65535:65535:14263933427668549631:3":{"rpc_id":-4182810646041001985,"provider_id":3,"parent_rpc_id":65535,"parent_provider_id":65535,"name":"yk_get","origin":{"sent to ofi+cxi://0x2082fa00":{"iforward":{"duration":{"num":1,"min":0.000047445,"max":0.000047445,"avg":0.000047445,"var":0.000000000.0,"sum":0.000047445},"relative_timestamp_from_create":{"num":1,"min":0.000000238,"max":0.000000238,"avg":0.000000238,"var":0.000000000.0,"sum":0.000000238}},"forward_cb":{"duration":{"num":1,"min":0.015766144,"max":0.015766144,"avg":0.015766144,"var":0.000000000.0,"sum":0.015766144},"relative_timestamp_from_iforward_start":{"num":1,"min":0.000111818,"max":0.000111818,"avg":0.000111818,"var":0.000000000.0,"sum":0.000111818}},"iforward_wait":{"duration":{"num":1,"min":0.031831741,"max":0.031831741,"avg":0.031831741,"var":0.000000000.0,"sum":0.031831741},"relative_timestamp_from_iforward_end":{"num":1,"min":0.000000000.0,"max":0.000000000.0,"avg":0.000000000.0,"var":0.000000000.0,"sum":0.000000000.0}},"set_input":{"duration":{"num":1,"min":0.000023127,"max":0.000023127,"avg":0.000023127,"var":0.000000000.0,"sum":0.000023127},"relative_timestamp_from_iforward_start":{"num":1,"min":0.000004292,"max":0.000004292,"avg":0.000004292,"var":0.000000000.0,"sum":0.000004292}},"get_output":{"duration":{"num":1,"min":0.000000000.0,"max":0.000000000.0,"avg":0.000000000.0,"var":0.000000000.0,"sum":0.000000000.0},"relative_timestamp_from_wait_end":{"num":1,"min":0.000000238,"max":0.000000238,"avg":0.000000238,"var":0.000000000.0,"sum":0.000000238}}}}},"65535:65535:6151631875094937599:3":{"rpc_id":6151631875094937599,"provider_id":3,"parent_rpc_id":65535,"parent_provider_id":65535,"name":"yk_doc_iter","origin":{"sent to ofi+cxi://0x2082fa00":{"iforward":{"duration":{"num":2,"min":0.000015259,"max":0.000031948,"avg":0.000023603,"var":0.000000000,"sum":0.000047207},"relative_timestamp_from_create":{"num":2,"min":0.000000238,"max":0.000000238,"avg":0.000000238,"var":0.000000000.0,"sum":0.000000477}},"forward_cb":{"duration":{"num":2,"min":0.000000238,"max":0.019962549,"avg":0.009981394,"var":0.000199247,"sum":0.019962788},"relative_timestamp_from_iforward_start":{"num":2,"min":0.000031948,"max":0.047913790,"avg":0.023972869,"var":0.001146335,"sum":0.047945738}},"iforward_wait":{"duration":{"num":2,"min":0.035980940,"max":0.063882351,"avg":0.049931645,"var":0.000389244,"sum":0.099863291},"relative_timestamp_from_iforward_end":{"num":2,"min":0.000000238,"max":0.000000238,"avg":0.000000238,"var":0.000000000.0,"sum":0.000000477}},"set_input":{"duration":{"num":2,"min":0.000000238,"max":0.000010252,"avg":0.000005245,"var":0.000000000,"sum":0.000010490},"relative_timestamp_from_iforward_start":{"num":2,"min":0.000002146,"max":0.000008821,"avg":0.000005484,