{"address":"","progress_loop":{"progress_with_timeout":{"num":8691,"min":0.000009537,"max":0.107960224,"avg":0.103777930,"var":0.087860619,"sum":901.933989525},"progress_timeout_value_msec":{"num":8691,"min":100.000000000.0,"max":100.000000000.0,"avg":100.000000000.0,"var":0.000000000.0,"sum":869100.000000000.0},"progress_without_timeout":{"num":120366,"min":0.000000000.0,"max":0.000027418,"avg":0.000000087,"var":0.000000002,"sum":0.010523558},"trigger":{"num":13,"min":0.000000477,"max":0.018610239,"avg":0.012038194,"var":0.000580503,"sum":0.156496525}},"rpcs":{"65535:65535:5386877029230641151:0":{"rpc_id":5386877029230641151,"provider_id":0,"parent_rpc_id":65535,"parent_provider_id":65535,"name":"bedrock_query_config","origin":{"sent to ofi+cxi://0x2082fa00":{"iforward":{"duration":{"num":1,"min":0.000053883,"max":0.000053883,"avg":0.000053883,"var":0.000000000.0,"sum":0.000053883},"relative_timestamp_from_create":{"num":1,"min":0.000004053,"max":0.000004053,"avg":0.000004053,"var":0.000000000.0,"sum":0.000004053}},"forward_cb":{"duration":{"num":1,"min":0.018609524,"max":0.018609524,"avg":0.018609524,"var":0.000000000.0,"sum":0.018609524},"relative_timestamp_from_iforward_start":{"num":1,"min":0.000575066,"max":0.000575066,"avg":0.000575066,"var":0.000000000.0,"sum":0.000575066}},"iforward_wait":{"duration":{"num":1,"min":0.035074234,"max":0.035074234,"avg":0.035074234,"var":0.000000000.0,"sum":0.035074234},"relative_timestamp_from_iforward_end":{"num":1,"min":0.000017166,"max":0.000017166,"avg":0.000017166,"var":0.000000000.0,"sum":0.000017166}},"set_input":{"duration":{"num":1,"min":0.000010252,"max":0.000010252,"avg":0.000010252,"var":0.000000000.0,"sum":0.000010252},"relative_timestamp_from_iforward_start":{"num":1,"min":0.000014544,"max":0.000014544,"avg":0.000014544,"var":0.000000000.0,"sum":0.000014544}},"get_output":{"duration":{"num":1,"min":0.000003099,"max":0.000003099,"avg":0.000003099,"var":0.000000000.0,"sum":0.000003099},"relative_timestamp_from_wait_end":{"num":1,"min":0.000006199,"max":0.000006199,"avg":0.000006199,"var":0.000000000.0,"sum":0.000006199}}}}},"65535:65535:7940397281847607295:3":{"rpc_id":7940397281847607295,"provider_id":3,"parent_rpc_id":65535,"parent_provider_id":65535,"name":"__identity__","origin":{"sent to ofi+cxi://0x2082fa00":{"iforward":{"duration":{"num":1,"min":0.000016928,"max":0.000016928,"avg":0.000016928,"var":0.000000000.0,"sum":0.000016928},"relative_timestamp_from_create":{"num":1,"min":0.000000000.0,"max":0.000000000.0,"avg":0.000000000.0,"var":0.000000000.0,"sum":0.000000000.0}},"forward_cb":{"duration":{"num":1,"min":0.015863180,"max":0.015863180,"avg":0.015863180,"var":0.000000000.0,"sum":0.015863180},"relative_timestamp_from_iforward_start":{"num":1,"min":0.000032187,"max":0.000032187,"avg":0.000032187,"var":0.000000000.0,"sum":0.000032187}},"iforward_wait":{"duration":{"num":1,"min":0.031878948,"max":0.031878948,"avg":0.031878948,"var":0.000000000.0,"sum":0.031878948},"relative_timestamp_from_iforward_end":{"num":1,"min":0.000000238,"max":0.000000238,"avg":0.000000238,"var":0.000000000.0,"sum":0.000000238}},"set_input":{"duration":{"num":0,"min":0.000000000.0,"max":0.000000000.0,"avg":0.000000000.0,"var":0.000000000.0,"sum":0.000000000.0},"relative_timestamp_from_iforward_start":{"num":0,"min":0.000000000.0,"max":0.000000000.0,"avg":0.000000000.0,"var":0.000000000.0,"sum":0.000000000.0}},"get_output":{"duration":{"num":1,"min":0.000004292,"max":0.000004292,"avg":0.000004292,"var":0.000000000.0,"sum":0.000004292},"relative_timestamp_from_wait_end":{"num":1,"min":0.000000238,"max":0.000000238,"avg":0.000000238,"var":0.000000000.0,"sum":0.000000238}}}}},"65535:65535:15281833229347258367:3":{"rpc_id":-3164910844362293249,"provider_id":3,"parent_rpc_id":65535,"parent_provider_id":65535,"name":"yk_length_direct","origin":{"sent to ofi+cxi://0x2082fa00":{"iforward":{"duration":{"num":1,"min":0.000023365,"max":0.000023365,"avg":0.000023365,"var":0.000000000.0,"sum":0.000023365},"relative_timestamp_from_create":{"num":1,"min":0.000000238,"max":0.000000238,"avg":0.000000238,"var":0.000000000.0,"sum":0.000000238}},"forward_cb":{"duration":{"num":1,"min":0.015879393,"max":0.015879393,"avg":0.015879393,"var":0.000000000.0,"sum":0.015879393},"relative_timestamp_from_iforward_start":{"num":1,"min":0.000043631,"max":0.000043631,"avg":0.000043631,"var":0.000000000.0,"sum":0.000043631}},"iforward_wait":{"duration":{"num":1,"min":0.031902790,"max":0.031902790,"avg":0.031902790,"var":0.000000000.0,"sum":0.031902790},"relative_timestamp_from_iforward_end":{"num":1,"min":0.000000238,"max":0.000000238,"avg":0.000000238,"var":0.000000000.0,"sum":0.000000238}},"set_input":{"duration":{"num":1,"min":0.000003815,"max":0.000003815,"avg":0.000003815,"var":0.000000000.0,"sum":0.000003815},"relative_timestamp_from_iforward_start":{"num":1,"min":0.000005245,"max":0.000005245,"avg":0.000005245,"var":0.000000000.0,"sum":0.000005245}},"get_output":{"duration":{"num":1,"min":0.000004053,"max":0.000004053,"avg":0.000004053,"var":0.000000000.0,"sum":0.000004053},"relative_timestamp_from_wait_end":{"num":1,"min":0.000000238,"max":0.000000238,"avg":0.000000238,"var":0.000000000.0,"sum":0.000000238}}}}},"65535:65535:14263933427668549631:3":{"rpc_id":-4182810646041001985,"provider_id":3,"parent_rpc_id":65535,"parent_provider_id":65535,"name":"yk_get","origin":{"sent to ofi+cxi://0x2082fa00":{"iforward":{"duration":{"num":1,"min":0.000030518,"max":0.000030518,"avg":0.000030518,"var":0.000000000.0,"sum":0.000030518},"relative_timestamp_from_create":{"num":1,"min":0.000000000.0,"max":0.000000000.0,"avg":0.000000000.0,"var":0.000000000.0,"sum":0.000000000.0}},"forward_cb":{"duration":{"num":1,"min":0.015831470,"max":0.015831470,"avg":0.015831470,"var":0.000000000.0,"sum":0.015831470},"relative_timestamp_from_iforward_start":{"num":1,"min":0.000063181,"max":0.000063181,"avg":0.000063181,"var":0.000000000.0,"sum":0.000063181}},"iforward_wait":{"duration":{"num":1,"min":0.031865597,"max":0.031865597,"avg":0.031865597,"var":0.000000000.0,"sum":0.031865597},"relative_timestamp_from_iforward_end":{"num":1,"min":0.000000000.0,"max":0.000000000.0,"avg":0.000000000.0,"var":0.000000000.0,"sum":0.000000000.0}},"set_input":{"duration":{"num":1,"min":0.000006199,"max":0.000006199,"avg":0.000006199,"var":0.000000000.0,"sum":0.000006199},"relative_timestamp_from_iforward_start":{"num":1,"min":0.000004530,"max":0.000004530,"avg":0.000004530,"var":0.000000000.0,"sum":0.000004530}},"get_output":{"duration":{"num":1,"min":0.000000238,"max":0.000000238,"avg":0.000000238,"var":0.000000000.0,"sum":0.000000238},"relative_timestamp_from_wait_end":{"num":1,"min":0.000000238,"max":0.000000238,"avg":0.000000238,"var":0.000000000.0,"sum":0.000000238}}}}},"65535:65535:6151631875094937599:3":{"rpc_id":6151631875094937599,"provider_id":3,"parent_rpc_id":65535,"parent_provider_id":65535,"name":"yk_doc_iter","origin":{"sent to ofi+cxi://0x2082fa00":{"iforward":{"duration":{"num":2,"min":0.000015974,"max":0.000025511,"avg":0.000020742,"var":0.000000000,"sum":0.000041485},"relative_timestamp_from_create":{"num":2,"min":0.000000000.0,"max":0.000000000.0,"avg":0.000000000.0,"var":0.000000000.0,"sum":0.000000000.0}},"forward_cb":{"duration":{"num":2,"min":0.000000000.0,"max":0.015966415,"avg":0.007983208,"var":0.000127463,"sum":0.015966415},"relative_timestamp_from_iforward_start":{"num":2,"min":0.000030041,"max":0.047964334,"avg":0.023997188,"var":0.001148848,"sum":0.047994375}},"iforward_wait":{"duration":{"num":2,"min":0.031980038,"max":0.063938379,"avg":0.047959208,"var":0.000510668,"sum":0.095918417},"relative_timestamp_from_iforward_end":{"num":2,"min":0.000000238,"max":0.000000238,"avg":0.000000238,"var":0.000000000.0,"sum":0.000000477}},"set_input":{"duration":{"num":2,"min":0.000000477,"max":0.000002384,"avg":0.000001431,"var":0.000000000,"sum":0.000002861},"relative_timestamp_from_iforward_start":{"num":2,"min":0.000002384,"max":0.000010014,"avg":0.000006199,