{"address":"","progress_loop":{"progress_with_timeout":{"num":9,"min":0.000003099,"max":0.098579884,"avg":0.011129061,"var":0.008603937,"sum":0.100161552},"progress_timeout_value_msec":{"num":9,"min":100.000000000.0,"max":100.000000000.0,"avg":100.000000000.0,"var":0.000000000.0,"sum":900.000000000.0},"progress_without_timeout":{"num":0,"min":0.000000000.0,"max":0.000000000.0,"avg":0.000000000.0,"var":0.000000000.0,"sum":0.000000000.0},"trigger":{"num":5,"min":0.000000238,"max":0.000000954,"avg":0.000000429,"var":0.000000000,"sum":0.000002146}},"rpcs":{"65535:65535:5386877029230641151:0":{"rpc_id":5386877029230641151,"provider_id":0,"parent_rpc_id":65535,"parent_provider_id":65535,"name":"bedrock_query_config","origin":{"sent to ofi+cxi://0x2043d400":{"iforward":{"duration":{"num":2,"min":0.000015259,"max":0.000057936,"avg":0.000036597,"var":0.000000001,"sum":0.000073195},"relative_timestamp_from_create":{"num":2,"min":0.000000238,"max":0.000004053,"avg":0.000002146,"var":0.000000000,"sum":0.000004292}},"forward_cb":{"duration":{"num":2,"min":0.000000238,"max":0.000000477,"avg":0.000000358,"var":0.000000000,"sum":0.000000715},"relative_timestamp_from_iforward_start":{"num":2,"min":0.000406265,"max":0.000575781,"avg":0.000491023,"var":0.000000014,"sum":0.000982046}},"iforward_wait":{"duration":{"num":2,"min":0.000391722,"max":0.000501394,"avg":0.000446558,"var":0.000000006,"sum":0.000893116},"relative_timestamp_from_iforward_end":{"num":2,"min":0.000000238,"max":0.000018120,"avg":0.000009179,"var":0.000000000,"sum":0.000018358}},"set_input":{"duration":{"num":2,"min":0.000000477,"max":0.000010729,"avg":0.000005603,"var":0.000000000,"sum":0.000011206},"relative_timestamp_from_iforward_start":{"num":2,"min":0.000002384,"max":0.000013351,"avg":0.000007868,"var":0.000000000,"sum":0.000015736}},"get_output":{"duration":{"num":2,"min":0.000000477,"max":0.000003099,"avg":0.000001788,"var":0.000000000,"sum":0.000003576},"relative_timestamp_from_wait_end":{"num":2,"min":0.000000477,"max":0.000004530,"avg":0.000002503,"var":0.000000000,"sum":0.000005007}}}}},"65535:65535:7940397281847607295:3":{"rpc_id":7940397281847607295,"provider_id":3,"parent_rpc_id":65535,"parent_provider_id":65535,"name":"__identity__","origin":{"sent to ofi+cxi://0x2043d400":{"iforward":{"duration":{"num":1,"min":0.000018597,"max":0.000018597,"avg":0.000018597,"var":0.000000000.0,"sum":0.000018597},"relative_timestamp_from_create":{"num":1,"min":0.000000238,"max":0.000000238,"avg":0.000000238,"var":0.000000000.0,"sum":0.000000238}},"forward_cb":{"duration":{"num":1,"min":0.000000238,"max":0.000000238,"avg":0.000000238,"var":0.000000000.0,"sum":0.000000238},"relative_timestamp_from_iforward_start":{"num":1,"min":0.000034809,"max":0.000034809,"avg":0.000034809,"var":0.000000000.0,"sum":0.000034809}},"iforward_wait":{"duration":{"num":1,"min":0.000016928,"max":0.000016928,"avg":0.000016928,"var":0.000000000.0,"sum":0.000016928},"relative_timestamp_from_iforward_end":{"num":1,"min":0.000000238,"max":0.000000238,"avg":0.000000238,"var":0.000000000.0,"sum":0.000000238}},"set_input":{"duration":{"num":0,"min":0.000000000.0,"max":0.000000000.0,"avg":0.000000000.0,"var":0.000000000.0,"sum":0.000000000.0},"relative_timestamp_from_iforward_start":{"num":0,"min":0.000000000.0,"max":0.000000000.0,"avg":0.000000000.0,"var":0.000000000.0,"sum":0.000000000.0}},"get_output":{"duration":{"num":1,"min":0.000003099,"max":0.000003099,"avg":0.000003099,"var":0.000000000.0,"sum":0.000003099},"relative_timestamp_from_wait_end":{"num":1,"min":0.000000000.0,"max":0.000000000.0,"avg":0.000000000.0,"var":0.000000000.0,"sum":0.000000000.0}}}}},"65535:65535:13994581936748691455:0":{"rpc_id":-4452162136960860161,"provider_id":0,"parent_rpc_id":65535,"parent_provider_id":65535,"name":"bedrock_start_provider","origin":{"sent to ofi+cxi://0x2043d400":{"iforward":{"duration":{"num":1,"min":0.000025988,"max":0.000025988,"avg":0.000025988,"var":0.000000000.0,"sum":0.000025988},"relative_timestamp_from_create":{"num":1,"min":0.000000238,"max":0.000000238,"avg":0.000000238,"var":0.000000000.0,"sum":0.000000238}},"forward_cb":{"duration":{"num":1,"min":0.000000000.0,"max":0.000000000.0,"avg":0.000000000.0,"var":0.000000000.0,"sum":0.000000000.0},"relative_timestamp_from_iforward_start":{"num":1,"min":0.000497103,"max":0.000497103,"avg":0.000497103,"var":0.000000000.0,"sum":0.000497103}},"iforward_wait":{"duration":{"num":1,"min":0.000471354,"max":0.000471354,"avg":0.000471354,"var":0.000000000.0,"sum":0.000471354},"relative_timestamp_from_iforward_end":{"num":1,"min":0.000000238,"max":0.000000238,"avg":0.000000238,"var":0.000000000.0,"sum":0.000000238}},"set_input":{"duration":{"num":1,"min":0.000000238,"max":0.000000238,"avg":0.000000238,"var":0.000000000.0,"sum":0.000000238},"relative_timestamp_from_iforward_start":{"num":1,"min":0.000006199,"max":0.000006199,"avg":0.000006199,"var":0.000000000.0,"sum":0.000006199}},"get_output":{"duration":{"num":1,"min":0.000000477,"max":0.000000477,"avg":0.000000477,"var":0.000000000.0,"sum":0.000000477},"relative_timestamp_from_wait_end":{"num":1,"min":0.000000477,"max":0.000000477,"avg":0.000000477,"var":0.000000000.0,"sum":0.000000477}}}}},"65535:65535:16409450654956847103:3":{"rpc_id":-2037293418752704513,"provider_id":3,"parent_rpc_id":65535,"parent_provider_id":65535,"name":"yk_doc_store","origin":{"sent to ofi+cxi://0x2043d400":{"iforward":{"duration":{"num":1,"min":0.000027895,"max":0.000027895,"avg":0.000027895,"var":0.000000000.0,"sum":0.000027895},"relative_timestamp_from_create":{"num":1,"min":0.000000238,"max":0.000000238,"avg":0.000000238,"var":0.000000000.0,"sum":0.000000238}},"forward_cb":{"duration":{"num":1,"min":0.000000000.0,"max":0.000000000.0,"avg":0.000000000.0,"var":0.000000000.0,"sum":0.000000000.0},"relative_timestamp_from_iforward_start":{"num":1,"min":0.000245810,"max":0.000245810,"avg":0.000245810,"var":0.000000000.0,"sum":0.000245810}},"iforward_wait":{"duration":{"num":1,"min":0.000218391,"max":0.000218391,"avg":0.000218391,"var":0.000000000.0,"sum":0.000218391},"relative_timestamp_from_iforward_end":{"num":1,"min":0.000000000.0,"max":0.000000000.0,"avg":0.000000000.0,"var":0.000000000.0,"sum":0.000000000.0}},"set_input":{"duration":{"num":1,"min":0.000005722,"max":0.000005722,"avg":0.000005722,"var":0.000000000.0,"sum":0.000005722},"relative_timestamp_from_iforward_start":{"num":1,"min":0.000003576,"max":0.000003576,"avg":0.000003576,"var":0.000000000.0,"sum":0.000003576}},"get_output":{"duration":{"num":1,"min":0.000004530,"max":0.000004530,"avg":0.000004530,"var":0.000000000.0,"sum":0.000004530},"relative_timestamp_from_wait_end":{"num":1,"min":0.000000238,"max":0.000000238,"avg":0.000000238,"var":0.000000000.0,"sum":0.000000238}}}}},"65535:65535:65535:65535":{"rpc_id":65535,"provider_id":65535,"parent_rpc_id":65535,"parent_provider_id":65535,"name":"","target":{"received from <unknown>":{"bulk":{"create":{"duration":{"num":1,"min":0.000040531,"max":0.000040531,"avg":0.000040531,"var":0.000000000.0,"sum":0.000040531},"size":{"num":1,"min":104.000000000.0,"max":104.000000000.0,"avg":104.000000000.0,"var":0.000000000.0,"sum":104.000000000.0}}}}}}}}