{"address":"","progress_loop":{"progress_with_timeout":{"num":9,"min":0.000002384,"max":0.100482941,"avg":0.011350526,"var":0.008939331,"sum":0.102154732},"progress_timeout_value_msec":{"num":9,"min":100.000000000.0,"max":100.000000000.0,"avg":100.000000000.0,"var":0.000000000.0,"sum":900.000000000.0},"progress_without_timeout":{"num":0,"min":0.000000000.0,"max":0.000000000.0,"avg":0.000000000.0,"var":0.000000000.0,"sum":0.000000000.0},"trigger":{"num":4,"min":0.000000477,"max":0.000000715,"avg":0.000000536,"var":0.000000000,"sum":0.000002146}},"rpcs":{"65535:65535:5386877029230641151:0":{"rpc_id":5386877029230641151,"provider_id":0,"parent_rpc_id":65535,"parent_provider_id":65535,"name":"bedrock_query_config","origin":{"sent to ofi+cxi://0x2003d400":{"iforward":{"duration":{"num":1,"min":0.000140190,"max":0.000140190,"avg":0.000140190,"var":0.000000000.0,"sum":0.000140190},"relative_timestamp_from_create":{"num":1,"min":0.000018835,"max":0.000018835,"avg":0.000018835,"var":0.000000000.0,"sum":0.000018835}},"forward_cb":{"duration":{"num":1,"min":0.000000477,"max":0.000000477,"avg":0.000000477,"var":0.000000000.0,"sum":0.000000477},"relative_timestamp_from_iforward_start":{"num":1,"min":0.001713991,"max":0.001713991,"avg":0.001713991,"var":0.000000000.0,"sum":0.001713991}},"iforward_wait":{"duration":{"num":1,"min":0.001488924,"max":0.001488924,"avg":0.001488924,"var":0.000000000.0,"sum":0.001488924},"relative_timestamp_from_iforward_end":{"num":1,"min":0.000087023,"max":0.000087023,"avg":0.000087023,"var":0.000000000.0,"sum":0.000087023}},"set_input":{"duration":{"num":1,"min":0.000055790,"max":0.000055790,"avg":0.000055790,"var":0.000000000.0,"sum":0.000055790},"relative_timestamp_from_iforward_start":{"num":1,"min":0.000056267,"max":0.000056267,"avg":0.000056267,"var":0.000000000.0,"sum":0.000056267}},"get_output":{"duration":{"num":1,"min":0.000010490,"max":0.000010490,"avg":0.000010490,"var":0.000000000.0,"sum":0.000010490},"relative_timestamp_from_wait_end":{"num":1,"min":0.000023365,"max":0.000023365,"avg":0.000023365,"var":0.000000000.0,"sum":0.000023365}}}}},"65535:65535:7940397281847607295:3":{"rpc_id":7940397281847607295,"provider_id":3,"parent_rpc_id":65535,"parent_provider_id":65535,"name":"__identity__","origin":{"sent to ofi+cxi://0x2003d400":{"iforward":{"duration":{"num":1,"min":0.000019550,"max":0.000019550,"avg":0.000019550,"var":0.000000000.0,"sum":0.000019550},"relative_timestamp_from_create":{"num":1,"min":0.000000238,"max":0.000000238,"avg":0.000000238,"var":0.000000000.0,"sum":0.000000238}},"forward_cb":{"duration":{"num":1,"min":0.000000000.0,"max":0.000000000.0,"avg":0.000000000.0,"var":0.000000000.0,"sum":0.000000000.0},"relative_timestamp_from_iforward_start":{"num":1,"min":0.000057220,"max":0.000057220,"avg":0.000057220,"var":0.000000000.0,"sum":0.000057220}},"iforward_wait":{"duration":{"num":1,"min":0.000037909,"max":0.000037909,"avg":0.000037909,"var":0.000000000.0,"sum":0.000037909},"relative_timestamp_from_iforward_end":{"num":1,"min":0.000000477,"max":0.000000477,"avg":0.000000477,"var":0.000000000.0,"sum":0.000000477}},"set_input":{"duration":{"num":0,"min":0.000000000.0,"max":0.000000000.0,"avg":0.000000000.0,"var":0.000000000.0,"sum":0.000000000.0},"relative_timestamp_from_iforward_start":{"num":0,"min":0.000000000.0,"max":0.000000000.0,"avg":0.000000000.0,"var":0.000000000.0,"sum":0.000000000.0}},"get_output":{"duration":{"num":1,"min":0.000014782,"max":0.000014782,"avg":0.000014782,"var":0.000000000.0,"sum":0.000014782},"relative_timestamp_from_wait_end":{"num":1,"min":0.000000238,"max":0.000000238,"avg":0.000000238,"var":0.000000000.0,"sum":0.000000238}}}}},"65535:65535:1170338683618918399:3":{"rpc_id":1170338683618918399,"provider_id":3,"parent_rpc_id":65535,"parent_provider_id":65535,"name":"yk_put_direct","origin":{"sent to ofi+cxi://0x2003d400":{"iforward":{"duration":{"num":1,"min":0.000060797,"max":0.000060797,"avg":0.000060797,"var":0.000000000.0,"sum":0.000060797},"relative_timestamp_from_create":{"num":1,"min":0.000000000.0,"max":0.000000000.0,"avg":0.000000000.0,"var":0.000000000.0,"sum":0.000000000.0}},"forward_cb":{"duration":{"num":1,"min":0.000000238,"max":0.000000238,"avg":0.000000238,"var":0.000000000.0,"sum":0.000000238},"relative_timestamp_from_iforward_start":{"num":1,"min":0.000174046,"max":0.000174046,"avg":0.000174046,"var":0.000000000.0,"sum":0.000174046}},"iforward_wait":{"duration":{"num":1,"min":0.000114202,"max":0.000114202,"avg":0.000114202,"var":0.000000000.0,"sum":0.000114202},"relative_timestamp_from_iforward_end":{"num":1,"min":0.000000238,"max":0.000000238,"avg":0.000000238,"var":0.000000000.0,"sum":0.000000238}},"set_input":{"duration":{"num":1,"min":0.000029087,"max":0.000029087,"avg":0.000029087,"var":0.000000000.0,"sum":0.000029087},"relative_timestamp_from_iforward_start":{"num":1,"min":0.000005245,"max":0.000005245,"avg":0.000005245,"var":0.000000000.0,"sum":0.000005245}},"get_output":{"duration":{"num":1,"min":0.000000238,"max":0.000000238,"avg":0.000000238,"var":0.000000000.0,"sum":0.000000238},"relative_timestamp_from_wait_end":{"num":1,"min":0.000000000.0,"max":0.000000000.0,"avg":0.000000000.0,"var":0.000000000.0,"sum":0.000000000.0}}}}},"65535:65535:13614918458553729023:3":{"rpc_id":-4831825615155822593,"provider_id":3,"parent_rpc_id":65535,"parent_provider_id":65535,"name":"yk_coll_create","origin":{"sent to ofi+cxi://0x2003d400":{"iforward":{"duration":{"num":1,"min":0.000030279,"max":0.000030279,"avg":0.000030279,"var":0.000000000.0,"sum":0.000030279},"relative_timestamp_from_create":{"num":1,"min":0.000000000.0,"max":0.000000000.0,"avg":0.000000000.0,"var":0.000000000.0,"sum":0.000000000.0}},"forward_cb":{"duration":{"num":1,"min":0.000000000.0,"max":0.000000000.0,"avg":0.000000000.0,"var":0.000000000.0,"sum":0.000000000.0},"relative_timestamp_from_iforward_start":{"num":1,"min":0.000109196,"max":0.000109196,"avg":0.000109196,"var":0.000000000.0,"sum":0.000109196}},"iforward_wait":{"duration":{"num":1,"min":0.000079632,"max":0.000079632,"avg":0.000079632,"var":0.000000000.0,"sum":0.000079632},"relative_timestamp_from_iforward_end":{"num":1,"min":0.000000000.0,"max":0.000000000.0,"avg":0.000000000.0,"var":0.000000000.0,"sum":0.000000000.0}},"set_input":{"duration":{"num":1,"min":0.000010490,"max":0.000010490,"avg":0.000010490,"var":0.000000000.0,"sum":0.000010490},"relative_timestamp_from_iforward_start":{"num":1,"min":0.000003815,"max":0.000003815,"avg":0.000003815,"var":0.000000000.0,"sum":0.000003815}},"get_output":{"duration":{"num":1,"min":0.000000238,"max":0.000000238,"avg":0.000000238,"var":0.000000000.0,"sum":0.000000238},"relative_timestamp_from_wait_end":{"num":1,"min":0.000000000.0,"max":0.000000000.0,"avg":0.000000000.0,"var":0.000000000.0,"sum":0.000000000.0}}}}}}}