{"address":"","progress_loop":{"progress_with_timeout":{"num":9,"min":0.000002623,"max":0.102921486,"avg":0.011559831,"var":0.009390631,"sum":0.104038477},"progress_timeout_value_msec":{"num":9,"min":100.000000000.0,"max":100.000000000.0,"avg":100.000000000.0,"var":0.000000000.0,"sum":900.000000000.0},"progress_without_timeout":{"num":0,"min":0.000000000.0,"max":0.000000000.0,"avg":0.000000000.0,"var":0.000000000.0,"sum":0.000000000.0},"trigger":{"num":5,"min":0.000000477,"max":0.000000954,"avg":0.000000572,"var":0.000000000,"sum":0.000002861}},"rpcs":{"65535:65535:5386877029230641151:0":{"rpc_id":5386877029230641151,"provider_id":0,"parent_rpc_id":65535,"parent_provider_id":65535,"name":"bedrock_query_config","origin":{"sent to ofi+cxi://0x2003d400":{"iforward":{"duration":{"num":2,"min":0.000015020,"max":0.000054359,"avg":0.000034690,"var":0.000000001,"sum":0.000069380},"relative_timestamp_from_create":{"num":2,"min":0.000000238,"max":0.000003576,"avg":0.000001907,"var":0.000000000,"sum":0.000003815}},"forward_cb":{"duration":{"num":2,"min":0.000000238,"max":0.000000238,"avg":0.000000238,"var":0.000000000.0,"sum":0.000000477},"relative_timestamp_from_iforward_start":{"num":2,"min":0.000444174,"max":0.000610828,"avg":0.000527501,"var":0.000000014,"sum":0.001055002}},"iforward_wait":{"duration":{"num":2,"min":0.000429869,"max":0.000540972,"avg":0.000485420,"var":0.000000006,"sum":0.000970840},"relative_timestamp_from_iforward_end":{"num":2,"min":0.000000238,"max":0.000016689,"avg":0.000008464,"var":0.000000000,"sum":0.000016928}},"set_input":{"duration":{"num":2,"min":0.000000477,"max":0.000010014,"avg":0.000005245,"var":0.000000000,"sum":0.000010490},"relative_timestamp_from_iforward_start":{"num":2,"min":0.000001907,"max":0.000015974,"avg":0.000008941,"var":0.000000000,"sum":0.000017881}},"get_output":{"duration":{"num":2,"min":0.000000715,"max":0.000003099,"avg":0.000001907,"var":0.000000000,"sum":0.000003815},"relative_timestamp_from_wait_end":{"num":2,"min":0.000000477,"max":0.000004768,"avg":0.000002623,"var":0.000000000,"sum":0.000005245}}}}},"65535:65535:7940397281847607295:3":{"rpc_id":7940397281847607295,"provider_id":3,"parent_rpc_id":65535,"parent_provider_id":65535,"name":"__identity__","origin":{"sent to ofi+cxi://0x2003d400":{"iforward":{"duration":{"num":1,"min":0.000016928,"max":0.000016928,"avg":0.000016928,"var":0.000000000.0,"sum":0.000016928},"relative_timestamp_from_create":{"num":1,"min":0.000000000.0,"max":0.000000000.0,"avg":0.000000000.0,"var":0.000000000.0,"sum":0.000000000.0}},"forward_cb":{"duration":{"num":1,"min":0.000000238,"max":0.000000238,"avg":0.000000238,"var":0.000000000.0,"sum":0.000000238},"relative_timestamp_from_iforward_start":{"num":1,"min":0.000031948,"max":0.000031948,"avg":0.000031948,"var":0.000000000.0,"sum":0.000031948}},"iforward_wait":{"duration":{"num":1,"min":0.000015497,"max":0.000015497,"avg":0.000015497,"var":0.000000000.0,"sum":0.000015497},"relative_timestamp_from_iforward_end":{"num":1,"min":0.000000238,"max":0.000000238,"avg":0.000000238,"var":0.000000000.0,"sum":0.000000238}},"set_input":{"duration":{"num":0,"min":0.000000000.0,"max":0.000000000.0,"avg":0.000000000.0,"var":0.000000000.0,"sum":0.000000000.0},"relative_timestamp_from_iforward_start":{"num":0,"min":0.000000000.0,"max":0.000000000.0,"avg":0.000000000.0,"var":0.000000000.0,"sum":0.000000000.0}},"get_output":{"duration":{"num":1,"min":0.000002861,"max":0.000002861,"avg":0.000002861,"var":0.000000000.0,"sum":0.000002861},"relative_timestamp_from_wait_end":{"num":1,"min":0.000000238,"max":0.000000238,"avg":0.000000238,"var":0.000000000.0,"sum":0.000000238}}}}},"65535:65535:13994581936748691455:0":{"rpc_id":-4452162136960860161,"provider_id":0,"parent_rpc_id":65535,"parent_provider_id":65535,"name":"bedrock_start_provider","origin":{"sent to ofi+cxi://0x2003d400":{"iforward":{"duration":{"num":1,"min":0.000024557,"max":0.000024557,"avg":0.000024557,"var":0.000000000.0,"sum":0.000024557},"relative_timestamp_from_create":{"num":1,"min":0.000000238,"max":0.000000238,"avg":0.000000238,"var":0.000000000.0,"sum":0.000000238}},"forward_cb":{"duration":{"num":1,"min":0.000000238,"max":0.000000238,"avg":0.000000238,"var":0.000000000.0,"sum":0.000000238},"relative_timestamp_from_iforward_start":{"num":1,"min":0.000118494,"max":0.000118494,"avg":0.000118494,"var":0.000000000.0,"sum":0.000118494}},"iforward_wait":{"duration":{"num":1,"min":0.000094652,"max":0.000094652,"avg":0.000094652,"var":0.000000000.0,"sum":0.000094652},"relative_timestamp_from_iforward_end":{"num":1,"min":0.000000238,"max":0.000000238,"avg":0.000000238,"var":0.000000000.0,"sum":0.000000238}},"set_input":{"duration":{"num":1,"min":0.000000238,"max":0.000000238,"avg":0.000000238,"var":0.000000000.0,"sum":0.000000238},"relative_timestamp_from_iforward_start":{"num":1,"min":0.000003815,"max":0.000003815,"avg":0.000003815,"var":0.000000000.0,"sum":0.000003815}},"get_output":{"duration":{"num":1,"min":0.000000477,"max":0.000000477,"avg":0.000000477,"var":0.000000000.0,"sum":0.000000477},"relative_timestamp_from_wait_end":{"num":1,"min":0.000000477,"max":0.000000477,"avg":0.000000477,"var":0.000000000.0,"sum":0.000000477}}}}},"65535:65535:16409450654956847103:3":{"rpc_id":-2037293418752704513,"provider_id":3,"parent_rpc_id":65535,"parent_provider_id":65535,"name":"yk_doc_store","origin":{"sent to ofi+cxi://0x2003d400":{"iforward":{"duration":{"num":1,"min":0.000026941,"max":0.000026941,"avg":0.000026941,"var":0.000000000.0,"sum":0.000026941},"relative_timestamp_from_create":{"num":1,"min":0.000000000.0,"max":0.000000000.0,"avg":0.000000000.0,"var":0.000000000.0,"sum":0.000000000.0}},"forward_cb":{"duration":{"num":1,"min":0.000000477,"max":0.000000477,"avg":0.000000477,"var":0.000000000.0,"sum":0.000000477},"relative_timestamp_from_iforward_start":{"num":1,"min":0.000079870,"max":0.000079870,"avg":0.000079870,"var":0.000000000.0,"sum":0.000079870}},"iforward_wait":{"duration":{"num":1,"min":0.000054121,"max":0.000054121,"avg":0.000054121,"var":0.000000000.0,"sum":0.000054121},"relative_timestamp_from_iforward_end":{"num":1,"min":0.000000000.0,"max":0.000000000.0,"avg":0.000000000.0,"var":0.000000000.0,"sum":0.000000000.0}},"set_input":{"duration":{"num":1,"min":0.000004768,"max":0.000004768,"avg":0.000004768,"var":0.000000000.0,"sum":0.000004768},"relative_timestamp_from_iforward_start":{"num":1,"min":0.000003576,"max":0.000003576,"avg":0.000003576,"var":0.000000000.0,"sum":0.000003576}},"get_output":{"duration":{"num":1,"min":0.000004053,"max":0.000004053,"avg":0.000004053,"var":0.000000000.0,"sum":0.000004053},"relative_timestamp_from_wait_end":{"num":1,"min":0.000000238,"max":0.000000238,"avg":0.000000238,"var":0.000000000.0,"sum":0.000000238}}}}},"65535:65535:65535:65535":{"rpc_id":65535,"provider_id":65535,"parent_rpc_id":65535,"parent_provider_id":65535,"name":"","target":{"received from <unknown>":{"bulk":{"create":{"duration":{"num":1,"min":0.000038862,"max":0.000038862,"avg":0.000038862,"var":0.000000000.0,"sum":0.000038862},"size":{"num":1,"min":104.000000000.0,"max":104.000000000.0,"avg":104.000000000.0,"var":0.000000000.0,"sum":104.000000000.0}}}}}}}}