{"address":"","progress_loop":{"progress_with_timeout":{"num":8686,"min":0.000010252,"max":0.114204407,"avg":0.103832644,"var":0.137199944,"sum":901.890347004},"progress_timeout_value_msec":{"num":8686,"min":100.000000000.0,"max":100.000000000.0,"avg":100.000000000.0,"var":0.000000000.0,"sum":868600.000000000.0},"progress_without_timeout":{"num":119573,"min":0.000000000.0,"max":0.016005278,"avg":0.000000223,"var":0.000256166,"sum":0.026656151},"trigger":{"num":13,"min":0.000000238,"max":0.024149656,"avg":0.011209084,"var":0.000802330,"sum":0.145718098}},"rpcs":{"65535:65535:5386877029230641151:0":{"rpc_id":5386877029230641151,"provider_id":0,"parent_rpc_id":65535,"parent_provider_id":65535,"name":"bedrock_query_config","origin":{"sent to ofi+cxi://0x20733600":{"iforward":{"duration":{"num":1,"min":0.000097275,"max":0.000097275,"avg":0.000097275,"var":0.000000000.0,"sum":0.000097275},"relative_timestamp_from_create":{"num":1,"min":0.000011683,"max":0.000011683,"avg":0.000011683,"var":0.000000000.0,"sum":0.000011683}},"forward_cb":{"duration":{"num":1,"min":0.024149179,"max":0.024149179,"avg":0.024149179,"var":0.000000000.0,"sum":0.024149179},"relative_timestamp_from_iforward_start":{"num":1,"min":0.000741959,"max":0.000741959,"avg":0.000741959,"var":0.000000000.0,"sum":0.000741959}},"iforward_wait":{"duration":{"num":1,"min":0.040556908,"max":0.040556908,"avg":0.040556908,"var":0.000000000.0,"sum":0.040556908},"relative_timestamp_from_iforward_end":{"num":1,"min":0.000086069,"max":0.000086069,"avg":0.000086069,"var":0.000000000.0,"sum":0.000086069}},"set_input":{"duration":{"num":1,"min":0.000050545,"max":0.000050545,"avg":0.000050545,"var":0.000000000.0,"sum":0.000050545},"relative_timestamp_from_iforward_start":{"num":1,"min":0.000017166,"max":0.000017166,"avg":0.000017166,"var":0.000000000.0,"sum":0.000017166}},"get_output":{"duration":{"num":1,"min":0.000010014,"max":0.000010014,"avg":0.000010014,"var":0.000000000.0,"sum":0.000010014},"relative_timestamp_from_wait_end":{"num":1,"min":0.000024796,"max":0.000024796,"avg":0.000024796,"var":0.000000000.0,"sum":0.000024796}}}}},"65535:65535:7940397281847607295:3":{"rpc_id":7940397281847607295,"provider_id":3,"parent_rpc_id":65535,"parent_provider_id":65535,"name":"__identity__","origin":{"sent to ofi+cxi://0x20733600":{"iforward":{"duration":{"num":1,"min":0.000018120,"max":0.000018120,"avg":0.000018120,"var":0.000000000.0,"sum":0.000018120},"relative_timestamp_from_create":{"num":1,"min":0.000000238,"max":0.000000238,"avg":0.000000238,"var":0.000000000.0,"sum":0.000000238}},"forward_cb":{"duration":{"num":1,"min":0.000002384,"max":0.000002384,"avg":0.000002384,"var":0.000000000.0,"sum":0.000002384},"relative_timestamp_from_iforward_start":{"num":1,"min":0.000046253,"max":0.000046253,"avg":0.000046253,"var":0.000000000.0,"sum":0.000046253}},"iforward_wait":{"duration":{"num":1,"min":0.011714935,"max":0.011714935,"avg":0.011714935,"var":0.000000000.0,"sum":0.011714935},"relative_timestamp_from_iforward_end":{"num":1,"min":0.000000238,"max":0.000000238,"avg":0.000000238,"var":0.000000000.0,"sum":0.000000238}},"set_input":{"duration":{"num":0,"min":0.000000000.0,"max":0.000000000.0,"avg":0.000000000.0,"var":0.000000000.0,"sum":0.000000000.0},"relative_timestamp_from_iforward_start":{"num":0,"min":0.000000000.0,"max":0.000000000.0,"avg":0.000000000.0,"var":0.000000000.0,"sum":0.000000000.0}},"get_output":{"duration":{"num":1,"min":0.000003576,"max":0.000003576,"avg":0.000003576,"var":0.000000000.0,"sum":0.000003576},"relative_timestamp_from_wait_end":{"num":1,"min":0.000000000.0,"max":0.000000000.0,"avg":0.000000000.0,"var":0.000000000.0,"sum":0.000000000.0}}}}},"65535:65535:15281833229347258367:3":{"rpc_id":-3164910844362293249,"provider_id":3,"parent_rpc_id":65535,"parent_provider_id":65535,"name":"yk_length_direct","origin":{"sent to ofi+cxi://0x20733600":{"iforward":{"duration":{"num":1,"min":0.000038624,"max":0.000038624,"avg":0.000038624,"var":0.000000000.0,"sum":0.000038624},"relative_timestamp_from_create":{"num":1,"min":0.000000238,"max":0.000000238,"avg":0.000000238,"var":0.000000000.0,"sum":0.000000238}},"forward_cb":{"duration":{"num":1,"min":0.015398026,"max":0.015398026,"avg":0.015398026,"var":0.000000000.0,"sum":0.015398026},"relative_timestamp_from_iforward_start":{"num":1,"min":0.000119925,"max":0.000119925,"avg":0.000119925,"var":0.000000000.0,"sum":0.000119925}},"iforward_wait":{"duration":{"num":1,"min":0.031478882,"max":0.031478882,"avg":0.031478882,"var":0.000000000.0,"sum":0.031478882},"relative_timestamp_from_iforward_end":{"num":1,"min":0.000000238,"max":0.000000238,"avg":0.000000238,"var":0.000000000.0,"sum":0.000000238}},"set_input":{"duration":{"num":1,"min":0.000018597,"max":0.000018597,"avg":0.000018597,"var":0.000000000.0,"sum":0.000018597},"relative_timestamp_from_iforward_start":{"num":1,"min":0.000005484,"max":0.000005484,"avg":0.000005484,"var":0.000000000.0,"sum":0.000005484}},"get_output":{"duration":{"num":1,"min":0.000013828,"max":0.000013828,"avg":0.000013828,"var":0.000000000.0,"sum":0.000013828},"relative_timestamp_from_wait_end":{"num":1,"min":0.000000000.0,"max":0.000000000.0,"avg":0.000000000.0,"var":0.000000000.0,"sum":0.000000000.0}}}}},"65535:65535:14263933427668549631:3":{"rpc_id":-4182810646041001985,"provider_id":3,"parent_rpc_id":65535,"parent_provider_id":65535,"name":"yk_get","origin":{"sent to ofi+cxi://0x20733600":{"iforward":{"duration":{"num":1,"min":0.000044346,"max":0.000044346,"avg":0.000044346,"var":0.000000000.0,"sum":0.000044346},"relative_timestamp_from_create":{"num":1,"min":0.000000000.0,"max":0.000000000.0,"avg":0.000000000.0,"var":0.000000000.0,"sum":0.000000000.0}},"forward_cb":{"duration":{"num":1,"min":0.015738010,"max":0.015738010,"avg":0.015738010,"var":0.000000000.0,"sum":0.015738010},"relative_timestamp_from_iforward_start":{"num":1,"min":0.000149250,"max":0.000149250,"avg":0.000149250,"var":0.000000000.0,"sum":0.000149250}},"iforward_wait":{"duration":{"num":1,"min":0.031843424,"max":0.031843424,"avg":0.031843424,"var":0.000000000.0,"sum":0.031843424},"relative_timestamp_from_iforward_end":{"num":1,"min":0.000000238,"max":0.000000238,"avg":0.000000238,"var":0.000000000.0,"sum":0.000000238}},"set_input":{"duration":{"num":1,"min":0.000015974,"max":0.000015974,"avg":0.000015974,"var":0.000000000.0,"sum":0.000015974},"relative_timestamp_from_iforward_start":{"num":1,"min":0.000007629,"max":0.000007629,"avg":0.000007629,"var":0.000000000.0,"sum":0.000007629}},"get_output":{"duration":{"num":1,"min":0.000014067,"max":0.000014067,"avg":0.000014067,"var":0.000000000.0,"sum":0.000014067},"relative_timestamp_from_wait_end":{"num":1,"min":0.000000238,"max":0.000000238,"avg":0.000000238,"var":0.000000000.0,"sum":0.000000238}}}}},"65535:65535:6151631875094937599:3":{"rpc_id":6151631875094937599,"provider_id":3,"parent_rpc_id":65535,"parent_provider_id":65535,"name":"yk_doc_iter","origin":{"sent to ofi+cxi://0x20733600":{"iforward":{"duration":{"num":2,"min":0.000029564,"max":0.032007694,"avg":0.016018629,"var":0.000511300,"sum":0.032037258},"relative_timestamp_from_create":{"num":2,"min":0.000000000.0,"max":0.000000238,"avg":0.000000119,"var":0.000000000,"sum":0.000000238}},"forward_cb":{"duration":{"num":2,"min":0.000000238,"max":0.015964031,"avg":0.007982135,"var":0.000127421,"sum":0.015964270},"relative_timestamp_from_iforward_start":{"num":2,"min":0.032030582,"max":0.047903061,"avg":0.039966822,"var":0.000125968,"sum":0.079933643}},"iforward_wait":{"duration":{"num":2,"min":0.031987190,"max":0.063874006,"avg":0.047930598,"var":0.000508385,"sum":0.095861197},"relative_timestamp_from_iforward_end":{"num":2,"min":0.000000238,"max":0.000000238,"avg":0.000000238,"var":0.000000000.0,"sum":0.000000477}},"set_input":{"duration":{"num":2,"min":0.000000238,"max":0.000010490,"avg":0.000005364,"var":0.000000000,"sum":0.000010729},"relative_timestamp_from_iforward_start":{"num":2,"min":0.000002384,"max":0.000005722,"avg":0.000004053,