{"address":"","progress_loop":{"progress_with_timeout":{"num":6,"min":0.000032663,"max":0.103236914,"avg":0.017488003,"var":0.008824961,"sum":0.104928017},"progress_timeout_value_msec":{"num":6,"min":100.000000000.0,"max":100.000000000.0,"avg":100.000000000.0,"var":0.000000000.0,"sum":600.000000000.0},"progress_without_timeout":{"num":0,"min":0.000000000.0,"max":0.000000000.0,"avg":0.000000000.0,"var":0.000000000.0,"sum":0.000000000.0},"trigger":{"num":4,"min":0.000000238,"max":0.000000954,"avg":0.000000536,"var":0.000000000,"sum":0.000002146}},"rpcs":{"65535:65535:5386877029230641151:0":{"rpc_id":5386877029230641151,"provider_id":0,"parent_rpc_id":65535,"parent_provider_id":65535,"name":"bedrock_query_config","origin":{"sent to ofi+cxi://0x20531000":{"iforward":{"duration":{"num":1,"min":0.000136375,"max":0.000136375,"avg":0.000136375,"var":0.000000000.0,"sum":0.000136375},"relative_timestamp_from_create":{"num":1,"min":0.000019073,"max":0.000019073,"avg":0.000019073,"var":0.000000000.0,"sum":0.000019073}},"forward_cb":{"duration":{"num":1,"min":0.000000477,"max":0.000000477,"avg":0.000000477,"var":0.000000000.0,"sum":0.000000477},"relative_timestamp_from_iforward_start":{"num":1,"min":0.001731157,"max":0.001731157,"avg":0.001731157,"var":0.000000000.0,"sum":0.001731157}},"iforward_wait":{"duration":{"num":1,"min":0.001510143,"max":0.001510143,"avg":0.001510143,"var":0.000000000.0,"sum":0.001510143},"relative_timestamp_from_iforward_end":{"num":1,"min":0.000086308,"max":0.000086308,"avg":0.000086308,"var":0.000000000.0,"sum":0.000086308}},"set_input":{"duration":{"num":1,"min":0.000055075,"max":0.000055075,"avg":0.000055075,"var":0.000000000.0,"sum":0.000055075},"relative_timestamp_from_iforward_start":{"num":1,"min":0.000052929,"max":0.000052929,"avg":0.000052929,"var":0.000000000.0,"sum":0.000052929}},"get_output":{"duration":{"num":1,"min":0.000010252,"max":0.000010252,"avg":0.000010252,"var":0.000000000.0,"sum":0.000010252},"relative_timestamp_from_wait_end":{"num":1,"min":0.000020504,"max":0.000020504,"avg":0.000020504,"var":0.000000000.0,"sum":0.000020504}}}}},"65535:65535:7940397281847607295:3":{"rpc_id":7940397281847607295,"provider_id":3,"parent_rpc_id":65535,"parent_provider_id":65535,"name":"__identity__","origin":{"sent to ofi+cxi://0x20531000":{"iforward":{"duration":{"num":1,"min":0.000018358,"max":0.000018358,"avg":0.000018358,"var":0.000000000.0,"sum":0.000018358},"relative_timestamp_from_create":{"num":1,"min":0.000000238,"max":0.000000238,"avg":0.000000238,"var":0.000000000.0,"sum":0.000000238}},"forward_cb":{"duration":{"num":1,"min":0.000000238,"max":0.000000238,"avg":0.000000238,"var":0.000000000.0,"sum":0.000000238},"relative_timestamp_from_iforward_start":{"num":1,"min":0.000059843,"max":0.000059843,"avg":0.000059843,"var":0.000000000.0,"sum":0.000059843}},"iforward_wait":{"duration":{"num":1,"min":0.000042200,"max":0.000042200,"avg":0.000042200,"var":0.000000000.0,"sum":0.000042200},"relative_timestamp_from_iforward_end":{"num":1,"min":0.000000238,"max":0.000000238,"avg":0.000000238,"var":0.000000000.0,"sum":0.000000238}},"set_input":{"duration":{"num":0,"min":0.000000000.0,"max":0.000000000.0,"avg":0.000000000.0,"var":0.000000000.0,"sum":0.000000000.0},"relative_timestamp_from_iforward_start":{"num":0,"min":0.000000000.0,"max":0.000000000.0,"avg":0.000000000.0,"var":0.000000000.0,"sum":0.000000000.0}},"get_output":{"duration":{"num":1,"min":0.000014305,"max":0.000014305,"avg":0.000014305,"var":0.000000000.0,"sum":0.000014305},"relative_timestamp_from_wait_end":{"num":1,"min":0.000000000.0,"max":0.000000000.0,"avg":0.000000000.0,"var":0.000000000.0,"sum":0.000000000.0}}}}},"65535:65535:1170338683618918399:3":{"rpc_id":1170338683618918399,"provider_id":3,"parent_rpc_id":65535,"parent_provider_id":65535,"name":"yk_put_direct","origin":{"sent to ofi+cxi://0x20531000":{"iforward":{"duration":{"num":1,"min":0.000056028,"max":0.000056028,"avg":0.000056028,"var":0.000000000.0,"sum":0.000056028},"relative_timestamp_from_create":{"num":1,"min":0.000000238,"max":0.000000238,"avg":0.000000238,"var":0.000000000.0,"sum":0.000000238}},"forward_cb":{"duration":{"num":1,"min":0.000000000.0,"max":0.000000000.0,"avg":0.000000000.0,"var":0.000000000.0,"sum":0.000000000.0},"relative_timestamp_from_iforward_start":{"num":1,"min":0.000160694,"max":0.000160694,"avg":0.000160694,"var":0.000000000.0,"sum":0.000160694}},"iforward_wait":{"duration":{"num":1,"min":0.000105619,"max":0.000105619,"avg":0.000105619,"var":0.000000000.0,"sum":0.000105619},"relative_timestamp_from_iforward_end":{"num":1,"min":0.000000000.0,"max":0.000000000.0,"avg":0.000000000.0,"var":0.000000000.0,"sum":0.000000000.0}},"set_input":{"duration":{"num":1,"min":0.000028610,"max":0.000028610,"avg":0.000028610,"var":0.000000000.0,"sum":0.000028610},"relative_timestamp_from_iforward_start":{"num":1,"min":0.000005007,"max":0.000005007,"avg":0.000005007,"var":0.000000000.0,"sum":0.000005007}},"get_output":{"duration":{"num":1,"min":0.000000238,"max":0.000000238,"avg":0.000000238,"var":0.000000000.0,"sum":0.000000238},"relative_timestamp_from_wait_end":{"num":1,"min":0.000000238,"max":0.000000238,"avg":0.000000238,"var":0.000000000.0,"sum":0.000000238}}}}},"65535:65535:13614918458553729023:3":{"rpc_id":-4831825615155822593,"provider_id":3,"parent_rpc_id":65535,"parent_provider_id":65535,"name":"yk_coll_create","origin":{"sent to ofi+cxi://0x20531000":{"iforward":{"duration":{"num":1,"min":0.000027895,"max":0.000027895,"avg":0.000027895,"var":0.000000000.0,"sum":0.000027895},"relative_timestamp_from_create":{"num":1,"min":0.000000000.0,"max":0.000000000.0,"avg":0.000000000.0,"var":0.000000000.0,"sum":0.000000000.0}},"forward_cb":{"duration":{"num":1,"min":0.000000238,"max":0.000000238,"avg":0.000000238,"var":0.000000000.0,"sum":0.000000238},"relative_timestamp_from_iforward_start":{"num":1,"min":0.000107050,"max":0.000107050,"avg":0.000107050,"var":0.000000000.0,"sum":0.000107050}},"iforward_wait":{"duration":{"num":1,"min":0.000079870,"max":0.000079870,"avg":0.000079870,"var":0.000000000.0,"sum":0.000079870},"relative_timestamp_from_iforward_end":{"num":1,"min":0.000000000.0,"max":0.000000000.0,"avg":0.000000000.0,"var":0.000000000.0,"sum":0.000000000.0}},"set_input":{"duration":{"num":1,"min":0.000010490,"max":0.000010490,"avg":0.000010490,"var":0.000000000.0,"sum":0.000010490},"relative_timestamp_from_iforward_start":{"num":1,"min":0.000005960,"max":0.000005960,"avg":0.000005960,"var":0.000000000.0,"sum":0.000005960}},"get_output":{"duration":{"num":1,"min":0.000000000.0,"max":0.000000000.0,"avg":0.000000000.0,"var":0.000000000.0,"sum":0.000000000.0},"relative_timestamp_from_wait_end":{"num":1,"min":0.000000238,"max":0.000000238,"avg":0.000000238,"var":0.000000000.0,"sum":0.000000238}}}}}}}