{"address":"","progress_loop":{"progress_with_timeout":{"num":19212,"min":0.000012875,"max":0.115700722,"avg":0.103714422,"var":0.364837293,"sum":1992.561480522},"progress_timeout_value_msec":{"num":19212,"min":100.000000000.0,"max":100.000000000.0,"avg":100.000000000.0,"var":0.000000000.0,"sum":1921200.000000000.0},"progress_without_timeout":{"num":886556,"min":0.000000000.0,"max":0.000028372,"avg":0.000000089,"var":0.000000017,"sum":0.078504086},"trigger":{"num":676,"min":0.000000000.0,"max":0.020889997,"avg":0.001989007,"var":0.014978298,"sum":1.344568729}},"rpcs":{"65535:65535:5386877029230641151:0":{"rpc_id":5386877029230641151,"provider_id":0,"parent_rpc_id":65535,"parent_provider_id":65535,"name":"bedrock_query_config","origin":{"sent to ofi+cxi://0x20531000":{"iforward":{"duration":{"num":1,"min":0.000138044,"max":0.000138044,"avg":0.000138044,"var":0.000000000.0,"sum":0.000138044},"relative_timestamp_from_create":{"num":1,"min":0.000018835,"max":0.000018835,"avg":0.000018835,"var":0.000000000.0,"sum":0.000018835}},"forward_cb":{"duration":{"num":1,"min":0.020889044,"max":0.020889044,"avg":0.020889044,"var":0.000000000.0,"sum":0.020889044},"relative_timestamp_from_iforward_start":{"num":1,"min":0.000739813,"max":0.000739813,"avg":0.000739813,"var":0.000000000.0,"sum":0.000739813}},"iforward_wait":{"duration":{"num":1,"min":0.037221909,"max":0.037221909,"avg":0.037221909,"var":0.000000000.0,"sum":0.037221909},"relative_timestamp_from_iforward_end":{"num":1,"min":0.000087023,"max":0.000087023,"avg":0.000087023,"var":0.000000000.0,"sum":0.000087023}},"set_input":{"duration":{"num":1,"min":0.000055313,"max":0.000055313,"avg":0.000055313,"var":0.000000000.0,"sum":0.000055313},"relative_timestamp_from_iforward_start":{"num":1,"min":0.000053883,"max":0.000053883,"avg":0.000053883,"var":0.000000000.0,"sum":0.000053883}},"get_output":{"duration":{"num":1,"min":0.000010252,"max":0.000010252,"avg":0.000010252,"var":0.000000000.0,"sum":0.000010252},"relative_timestamp_from_wait_end":{"num":1,"min":0.000025272,"max":0.000025272,"avg":0.000025272,"var":0.000000000.0,"sum":0.000025272}}}}},"65535:65535:7940397281847607295:3":{"rpc_id":7940397281847607295,"provider_id":3,"parent_rpc_id":65535,"parent_provider_id":65535,"name":"__identity__","origin":{"sent to ofi+cxi://0x20531000":{"iforward":{"duration":{"num":1,"min":0.000017166,"max":0.000017166,"avg":0.000017166,"var":0.000000000.0,"sum":0.000017166},"relative_timestamp_from_create":{"num":1,"min":0.000000238,"max":0.000000238,"avg":0.000000238,"var":0.000000000.0,"sum":0.000000238}},"forward_cb":{"duration":{"num":1,"min":0.000002384,"max":0.000002384,"avg":0.000002384,"var":0.000000000.0,"sum":0.000002384},"relative_timestamp_from_iforward_start":{"num":1,"min":0.000040293,"max":0.000040293,"avg":0.000040293,"var":0.000000000.0,"sum":0.000040293}},"iforward_wait":{"duration":{"num":1,"min":0.007717133,"max":0.007717133,"avg":0.007717133,"var":0.000000000.0,"sum":0.007717133},"relative_timestamp_from_iforward_end":{"num":1,"min":0.000000238,"max":0.000000238,"avg":0.000000238,"var":0.000000000.0,"sum":0.000000238}},"set_input":{"duration":{"num":0,"min":0.000000000.0,"max":0.000000000.0,"avg":0.000000000.0,"var":0.000000000.0,"sum":0.000000000.0},"relative_timestamp_from_iforward_start":{"num":0,"min":0.000000000.0,"max":0.000000000.0,"avg":0.000000000.0,"var":0.000000000.0,"sum":0.000000000.0}},"get_output":{"duration":{"num":1,"min":0.000015259,"max":0.000015259,"avg":0.000015259,"var":0.000000000.0,"sum":0.000015259},"relative_timestamp_from_wait_end":{"num":1,"min":0.000000000.0,"max":0.000000000.0,"avg":0.000000000.0,"var":0.000000000.0,"sum":0.000000000.0}}}}},"65535:65535:15281833229347258367:3":{"rpc_id":-3164910844362293249,"provider_id":3,"parent_rpc_id":65535,"parent_provider_id":65535,"name":"yk_length_direct","origin":{"sent to ofi+cxi://0x20531000":{"iforward":{"duration":{"num":1,"min":0.000039577,"max":0.000039577,"avg":0.000039577,"var":0.000000000.0,"sum":0.000039577},"relative_timestamp_from_create":{"num":1,"min":0.000000238,"max":0.000000238,"avg":0.000000238,"var":0.000000000.0,"sum":0.000000238}},"forward_cb":{"duration":{"num":1,"min":0.015470505,"max":0.015470505,"avg":0.015470505,"var":0.000000000.0,"sum":0.015470505},"relative_timestamp_from_iforward_start":{"num":1,"min":0.000059605,"max":0.000059605,"avg":0.000059605,"var":0.000000000.0,"sum":0.000059605}},"iforward_wait":{"duration":{"num":1,"min":0.031489611,"max":0.031489611,"avg":0.031489611,"var":0.000000000.0,"sum":0.031489611},"relative_timestamp_from_iforward_end":{"num":1,"min":0.000000238,"max":0.000000238,"avg":0.000000238,"var":0.000000000.0,"sum":0.000000238}},"set_input":{"duration":{"num":1,"min":0.000019073,"max":0.000019073,"avg":0.000019073,"var":0.000000000.0,"sum":0.000019073},"relative_timestamp_from_iforward_start":{"num":1,"min":0.000005960,"max":0.000005960,"avg":0.000005960,"var":0.000000000.0,"sum":0.000005960}},"get_output":{"duration":{"num":1,"min":0.000013828,"max":0.000013828,"avg":0.000013828,"var":0.000000000.0,"sum":0.000013828},"relative_timestamp_from_wait_end":{"num":1,"min":0.000000238,"max":0.000000238,"avg":0.000000238,"var":0.000000000.0,"sum":0.000000238}}}}},"65535:65535:14263933427668549631:3":{"rpc_id":-4182810646041001985,"provider_id":3,"parent_rpc_id":65535,"parent_provider_id":65535,"name":"yk_get","origin":{"sent to ofi+cxi://0x20531000":{"iforward":{"duration":{"num":1,"min":0.000048876,"max":0.000048876,"avg":0.000048876,"var":0.000000000.0,"sum":0.000048876},"relative_timestamp_from_create":{"num":1,"min":0.000000238,"max":0.000000238,"avg":0.000000238,"var":0.000000000.0,"sum":0.000000238}},"forward_cb":{"duration":{"num":1,"min":0.015761614,"max":0.015761614,"avg":0.015761614,"var":0.000000000.0,"sum":0.015761614},"relative_timestamp_from_iforward_start":{"num":1,"min":0.000111103,"max":0.000111103,"avg":0.000111103,"var":0.000000000.0,"sum":0.000111103}},"iforward_wait":{"duration":{"num":1,"min":0.031824112,"max":0.031824112,"avg":0.031824112,"var":0.000000000.0,"sum":0.031824112},"relative_timestamp_from_iforward_end":{"num":1,"min":0.000000238,"max":0.000000238,"avg":0.000000238,"var":0.000000000.0,"sum":0.000000238}},"set_input":{"duration":{"num":1,"min":0.000024796,"max":0.000024796,"avg":0.000024796,"var":0.000000000.0,"sum":0.000024796},"relative_timestamp_from_iforward_start":{"num":1,"min":0.000004292,"max":0.000004292,"avg":0.000004292,"var":0.000000000.0,"sum":0.000004292}},"get_output":{"duration":{"num":1,"min":0.000000238,"max":0.000000238,"avg":0.000000238,"var":0.000000000.0,"sum":0.000000238},"relative_timestamp_from_wait_end":{"num":1,"min":0.000000238,"max":0.000000238,"avg":0.000000238,"var":0.000000000.0,"sum":0.000000238}}}}},"65535:65535:6151631875094937599:3":{"rpc_id":6151631875094937599,"provider_id":3,"parent_rpc_id":65535,"parent_provider_id":65535,"name":"yk_doc_iter","origin":{"sent to ofi+cxi://0x20531000":{"iforward":{"duration":{"num":2,"min":0.000015259,"max":0.000036001,"avg":0.000025630,"var":0.000000000,"sum":0.000051260},"relative_timestamp_from_create":{"num":2,"min":0.000000238,"max":0.000000238,"avg":0.000000238,"var":0.000000000.0,"sum":0.000000477}},"forward_cb":{"duration":{"num":2,"min":0.000000238,"max":0.015961170,"avg":0.007980704,"var":0.000127376,"sum":0.015961409},"relative_timestamp_from_iforward_start":{"num":2,"min":0.000032663,"max":0.047919035,"avg":0.023975849,"var":0.001146552,"sum":0.047951698}},"iforward_wait":{"duration":{"num":2,"min":0.031980276,"max":0.063883543,"avg":0.047931910,"var":0.000508909,"sum":0.095863819},"relative_timestamp_from_iforward_end":{"num":2,"min":0.000000238,"max":0.000000238,"avg":0.000000238,"var":0.000000000.0,"sum":0.000000477}},"set_input":{"duration":{"num":2,"min":0.000000715,"max":0.000010252,"avg":0.000005484,"var":0.000000000,"sum":0.000010967},"relative_timestamp_from_iforward_start":{"num":2,"min":0.000001669,"max":0.000012398,"avg":0.000007033,"var":0.000000000,