{"address":"","progress_loop":{"progress_with_timeout":{"num":254,"min":0.000001431,"max":0.122249603,"avg":0.049326611,"var":0.525673709,"sum":12.528959274},"progress_timeout_value_msec":{"num":254,"min":100.000000000.0,"max":100.000000000.0,"avg":100.000000000.0,"var":0.000000000.0,"sum":25400.000000000.0},"progress_without_timeout":{"num":216244,"min":0.000000000.0,"max":0.016004562,"avg":0.000000163,"var":0.000256145,"sum":0.035163403},"trigger":{"num":112,"min":0.000000238,"max":0.016080379,"avg":0.011599585,"var":0.002826744,"sum":1.299153566}},"rpcs":{"65535:65535:5386877029230641151:0":{"rpc_id":5386877029230641151,"provider_id":0,"parent_rpc_id":65535,"parent_provider_id":65535,"name":"bedrock_query_config","origin":{"sent to ofi+cxi://0x20725c00":{"iforward":{"duration":{"num":1,"min":0.000054598,"max":0.000054598,"avg":0.000054598,"var":0.000000000.0,"sum":0.000054598},"relative_timestamp_from_create":{"num":1,"min":0.000003815,"max":0.000003815,"avg":0.000003815,"var":0.000000000.0,"sum":0.000003815}},"forward_cb":{"duration":{"num":1,"min":0.014454365,"max":0.014454365,"avg":0.014454365,"var":0.000000000.0,"sum":0.014454365},"relative_timestamp_from_iforward_start":{"num":1,"min":0.000691414,"max":0.000691414,"avg":0.000691414,"var":0.000000000.0,"sum":0.000691414}},"iforward_wait":{"duration":{"num":1,"min":0.023003578,"max":0.023003578,"avg":0.023003578,"var":0.000000000.0,"sum":0.023003578},"relative_timestamp_from_iforward_end":{"num":1,"min":0.000019789,"max":0.000019789,"avg":0.000019789,"var":0.000000000.0,"sum":0.000019789}},"set_input":{"duration":{"num":1,"min":0.000011444,"max":0.000011444,"avg":0.000011444,"var":0.000000000.0,"sum":0.000011444},"relative_timestamp_from_iforward_start":{"num":1,"min":0.000014305,"max":0.000014305,"avg":0.000014305,"var":0.000000000.0,"sum":0.000014305}},"get_output":{"duration":{"num":1,"min":0.000002861,"max":0.000002861,"avg":0.000002861,"var":0.000000000.0,"sum":0.000002861},"relative_timestamp_from_wait_end":{"num":1,"min":0.000005007,"max":0.000005007,"avg":0.000005007,"var":0.000000000.0,"sum":0.000005007}}}}},"65535:65535:7940397281847607295:3":{"rpc_id":7940397281847607295,"provider_id":3,"parent_rpc_id":65535,"parent_provider_id":65535,"name":"__identity__","origin":{"sent to ofi+cxi://0x20725c00":{"iforward":{"duration":{"num":1,"min":0.000015736,"max":0.000015736,"avg":0.000015736,"var":0.000000000.0,"sum":0.000015736},"relative_timestamp_from_create":{"num":1,"min":0.000000238,"max":0.000000238,"avg":0.000000238,"var":0.000000000.0,"sum":0.000000238}},"forward_cb":{"duration":{"num":1,"min":0.000002146,"max":0.000002146,"avg":0.000002146,"var":0.000000000.0,"sum":0.000002146},"relative_timestamp_from_iforward_start":{"num":1,"min":0.000060558,"max":0.000060558,"avg":0.000060558,"var":0.000000000.0,"sum":0.000060558}},"iforward_wait":{"duration":{"num":1,"min":0.007836580,"max":0.007836580,"avg":0.007836580,"var":0.000000000.0,"sum":0.007836580},"relative_timestamp_from_iforward_end":{"num":1,"min":0.000000238,"max":0.000000238,"avg":0.000000238,"var":0.000000000.0,"sum":0.000000238}},"set_input":{"duration":{"num":0,"min":0.000000000.0,"max":0.000000000.0,"avg":0.000000000.0,"var":0.000000000.0,"sum":0.000000000.0},"relative_timestamp_from_iforward_start":{"num":0,"min":0.000000000.0,"max":0.000000000.0,"avg":0.000000000.0,"var":0.000000000.0,"sum":0.000000000.0}},"get_output":{"duration":{"num":1,"min":0.000003576,"max":0.000003576,"avg":0.000003576,"var":0.000000000.0,"sum":0.000003576},"relative_timestamp_from_wait_end":{"num":1,"min":0.000000238,"max":0.000000238,"avg":0.000000238,"var":0.000000000.0,"sum":0.000000238}}}}},"65535:65535:15281833229347258367:3":{"rpc_id":-3164910844362293249,"provider_id":3,"parent_rpc_id":65535,"parent_provider_id":65535,"name":"yk_length_direct","origin":{"sent to ofi+cxi://0x20725c00":{"iforward":{"duration":{"num":1,"min":0.000023365,"max":0.000023365,"avg":0.000023365,"var":0.000000000.0,"sum":0.000023365},"relative_timestamp_from_create":{"num":1,"min":0.000000238,"max":0.000000238,"avg":0.000000238,"var":0.000000000.0,"sum":0.000000238}},"forward_cb":{"duration":{"num":1,"min":0.015545368,"max":0.015545368,"avg":0.015545368,"var":0.000000000.0,"sum":0.015545368},"relative_timestamp_from_iforward_start":{"num":1,"min":0.000068665,"max":0.000068665,"avg":0.000068665,"var":0.000000000.0,"sum":0.000068665}},"iforward_wait":{"duration":{"num":1,"min":0.031590939,"max":0.031590939,"avg":0.031590939,"var":0.000000000.0,"sum":0.031590939},"relative_timestamp_from_iforward_end":{"num":1,"min":0.000000238,"max":0.000000238,"avg":0.000000238,"var":0.000000000.0,"sum":0.000000238}},"set_input":{"duration":{"num":1,"min":0.000003576,"max":0.000003576,"avg":0.000003576,"var":0.000000000.0,"sum":0.000003576},"relative_timestamp_from_iforward_start":{"num":1,"min":0.000005484,"max":0.000005484,"avg":0.000005484,"var":0.000000000.0,"sum":0.000005484}},"get_output":{"duration":{"num":1,"min":0.000003099,"max":0.000003099,"avg":0.000003099,"var":0.000000000.0,"sum":0.000003099},"relative_timestamp_from_wait_end":{"num":1,"min":0.000000238,"max":0.000000238,"avg":0.000000238,"var":0.000000000.0,"sum":0.000000238}}}}},"65535:65535:14263933427668549631:3":{"rpc_id":-4182810646041001985,"provider_id":3,"parent_rpc_id":65535,"parent_provider_id":65535,"name":"yk_get","origin":{"sent to ofi+cxi://0x20725c00":{"iforward":{"duration":{"num":1,"min":0.000032663,"max":0.000032663,"avg":0.000032663,"var":0.000000000.0,"sum":0.000032663},"relative_timestamp_from_create":{"num":1,"min":0.000000715,"max":0.000000715,"avg":0.000000715,"var":0.000000000.0,"sum":0.000000715}},"forward_cb":{"duration":{"num":1,"min":0.015743732,"max":0.015743732,"avg":0.015743732,"var":0.000000000.0,"sum":0.015743732},"relative_timestamp_from_iforward_start":{"num":1,"min":0.000154495,"max":0.000154495,"avg":0.000154495,"var":0.000000000.0,"sum":0.000154495}},"iforward_wait":{"duration":{"num":1,"min":0.031866550,"max":0.031866550,"avg":0.031866550,"var":0.000000000.0,"sum":0.031866550},"relative_timestamp_from_iforward_end":{"num":1,"min":0.000000000.0,"max":0.000000000.0,"avg":0.000000000.0,"var":0.000000000.0,"sum":0.000000000.0}},"set_input":{"duration":{"num":1,"min":0.000005484,"max":0.000005484,"avg":0.000005484,"var":0.000000000.0,"sum":0.000005484},"relative_timestamp_from_iforward_start":{"num":1,"min":0.000008106,"max":0.000008106,"avg":0.000008106,"var":0.000000000.0,"sum":0.000008106}},"get_output":{"duration":{"num":1,"min":0.000002623,"max":0.000002623,"avg":0.000002623,"var":0.000000000.0,"sum":0.000002623},"relative_timestamp_from_wait_end":{"num":1,"min":0.000000238,"max":0.000000238,"avg":0.000000238,"var":0.000000000.0,"sum":0.000000238}}}}},"65535:65535:6151631875094937599:3":{"rpc_id":6151631875094937599,"provider_id":3,"parent_rpc_id":65535,"parent_provider_id":65535,"name":"yk_doc_iter","origin":{"sent to ofi+cxi://0x20725c00":{"iforward":{"duration":{"num":2,"min":0.000014305,"max":0.000020504,"avg":0.000017405,"var":0.000000000,"sum":0.000034809},"relative_timestamp_from_create":{"num":2,"min":0.000000238,"max":0.000000238,"avg":0.000000238,"var":0.000000000.0,"sum":0.000000477}},"forward_cb":{"duration":{"num":2,"min":0.000000000.0,"max":0.015938520,"avg":0.007969260,"var":0.000127018,"sum":0.015938520},"relative_timestamp_from_iforward_start":{"num":2,"min":0.000055790,"max":0.087969065,"avg":0.044012427,"var":0.003864372,"sum":0.088024855}},"iforward_wait":{"duration":{"num":2,"min":0.031980753,"max":0.103949547,"avg":0.067965150,"var":0.002589754,"sum":0.135930300},"relative_timestamp_from_iforward_end":{"num":2,"min":0.000000238,"max":0.000000238,"avg":0.000000238,"var":0.000000000.0,"sum":0.000000477}},"set_input":{"duration":{"num":2,"min":0.000000477,"max":0.000002384,"avg":0.000001431,"var":0.000000000,"sum":0.000002861},"relative_timestamp_from_iforward_start":{"num":2,"min":0.000001907,"max":0.000005722,"avg":0.000003815,"var":0.000000000,