{"address":"","progress_loop":{"progress_with_timeout":{"num":9,"min":0.000001431,"max":0.096902847,"avg":0.010834244,"var":0.008333981,"sum":0.097508192},"progress_timeout_value_msec":{"num":9,"min":100.000000000.0,"max":100.000000000.0,"avg":100.000000000.0,"var":0.000000000.0,"sum":900.000000000.0},"progress_without_timeout":{"num":0,"min":0.000000000.0,"max":0.000000000.0,"avg":0.000000000.0,"var":0.000000000.0,"sum":0.000000000.0},"trigger":{"num":4,"min":0.000004530,"max":0.000004768,"avg":0.000004709,"var":0.000000000,"sum":0.000018835}},"rpcs":{"65535:65535:5386877029230641151:0":{"rpc_id":5386877029230641151,"provider_id":0,"parent_rpc_id":65535,"parent_provider_id":65535,"name":"bedrock_query_config","origin":{"sent to ofi+cxi://0x20725c00":{"iforward":{"duration":{"num":1,"min":0.000078678,"max":0.000078678,"avg":0.000078678,"var":0.000000000.0,"sum":0.000078678},"relative_timestamp_from_create":{"num":1,"min":0.000007153,"max":0.000007153,"avg":0.000007153,"var":0.000000000.0,"sum":0.000007153}},"forward_cb":{"duration":{"num":1,"min":0.000001431,"max":0.000001431,"avg":0.000001431,"var":0.000000000.0,"sum":0.000001431},"relative_timestamp_from_iforward_start":{"num":1,"min":0.000647068,"max":0.000647068,"avg":0.000647068,"var":0.000000000.0,"sum":0.000647068}},"iforward_wait":{"duration":{"num":1,"min":0.000542641,"max":0.000542641,"avg":0.000542641,"var":0.000000000.0,"sum":0.000542641},"relative_timestamp_from_iforward_end":{"num":1,"min":0.000033855,"max":0.000033855,"avg":0.000033855,"var":0.000000000.0,"sum":0.000033855}},"set_input":{"duration":{"num":1,"min":0.000024557,"max":0.000024557,"avg":0.000024557,"var":0.000000000.0,"sum":0.000024557},"relative_timestamp_from_iforward_start":{"num":1,"min":0.000026464,"max":0.000026464,"avg":0.000026464,"var":0.000000000.0,"sum":0.000026464}},"get_output":{"duration":{"num":1,"min":0.000005722,"max":0.000005722,"avg":0.000005722,"var":0.000000000.0,"sum":0.000005722},"relative_timestamp_from_wait_end":{"num":1,"min":0.000009060,"max":0.000009060,"avg":0.000009060,"var":0.000000000.0,"sum":0.000009060}}}}},"65535:65535:7940397281847607295:3":{"rpc_id":7940397281847607295,"provider_id":3,"parent_rpc_id":65535,"parent_provider_id":65535,"name":"__identity__","origin":{"sent to ofi+cxi://0x20725c00":{"iforward":{"duration":{"num":1,"min":0.000017166,"max":0.000017166,"avg":0.000017166,"var":0.000000000.0,"sum":0.000017166},"relative_timestamp_from_create":{"num":1,"min":0.000001431,"max":0.000001431,"avg":0.000001431,"var":0.000000000.0,"sum":0.000001431}},"forward_cb":{"duration":{"num":1,"min":0.000001431,"max":0.000001431,"avg":0.000001431,"var":0.000000000.0,"sum":0.000001431},"relative_timestamp_from_iforward_start":{"num":1,"min":0.000058651,"max":0.000058651,"avg":0.000058651,"var":0.000000000.0,"sum":0.000058651}},"iforward_wait":{"duration":{"num":1,"min":0.000047207,"max":0.000047207,"avg":0.000047207,"var":0.000000000.0,"sum":0.000047207},"relative_timestamp_from_iforward_end":{"num":1,"min":0.000001907,"max":0.000001907,"avg":0.000001907,"var":0.000000000.0,"sum":0.000001907}},"set_input":{"duration":{"num":0,"min":0.000000000.0,"max":0.000000000.0,"avg":0.000000000.0,"var":0.000000000.0,"sum":0.000000000.0},"relative_timestamp_from_iforward_start":{"num":0,"min":0.000000000.0,"max":0.000000000.0,"avg":0.000000000.0,"var":0.000000000.0,"sum":0.000000000.0}},"get_output":{"duration":{"num":1,"min":0.000005722,"max":0.000005722,"avg":0.000005722,"var":0.000000000.0,"sum":0.000005722},"relative_timestamp_from_wait_end":{"num":1,"min":0.000001431,"max":0.000001431,"avg":0.000001431,"var":0.000000000.0,"sum":0.000001431}}}}},"65535:65535:1170338683618918399:3":{"rpc_id":1170338683618918399,"provider_id":3,"parent_rpc_id":65535,"parent_provider_id":65535,"name":"yk_put_direct","origin":{"sent to ofi+cxi://0x20725c00":{"iforward":{"duration":{"num":1,"min":0.000045538,"max":0.000045538,"avg":0.000045538,"var":0.000000000.0,"sum":0.000045538},"relative_timestamp_from_create":{"num":1,"min":0.000001431,"max":0.000001431,"avg":0.000001431,"var":0.000000000.0,"sum":0.000001431}},"forward_cb":{"duration":{"num":1,"min":0.000001431,"max":0.000001431,"avg":0.000001431,"var":0.000000000.0,"sum":0.000001431},"relative_timestamp_from_iforward_start":{"num":1,"min":0.000092030,"max":0.000092030,"avg":0.000092030,"var":0.000000000.0,"sum":0.000092030}},"iforward_wait":{"duration":{"num":1,"min":0.000052214,"max":0.000052214,"avg":0.000052214,"var":0.000000000.0,"sum":0.000052214},"relative_timestamp_from_iforward_end":{"num":1,"min":0.000001907,"max":0.000001907,"avg":0.000001907,"var":0.000000000.0,"sum":0.000001907}},"set_input":{"duration":{"num":1,"min":0.000011683,"max":0.000011683,"avg":0.000011683,"var":0.000000000.0,"sum":0.000011683},"relative_timestamp_from_iforward_start":{"num":1,"min":0.000008583,"max":0.000008583,"avg":0.000008583,"var":0.000000000.0,"sum":0.000008583}},"get_output":{"duration":{"num":1,"min":0.000004292,"max":0.000004292,"avg":0.000004292,"var":0.000000000.0,"sum":0.000004292},"relative_timestamp_from_wait_end":{"num":1,"min":0.000001431,"max":0.000001431,"avg":0.000001431,"var":0.000000000.0,"sum":0.000001431}}}}},"65535:65535:13614918458553729023:3":{"rpc_id":-4831825615155822593,"provider_id":3,"parent_rpc_id":65535,"parent_provider_id":65535,"name":"yk_coll_create","origin":{"sent to ofi+cxi://0x20725c00":{"iforward":{"duration":{"num":1,"min":0.000025749,"max":0.000025749,"avg":0.000025749,"var":0.000000000.0,"sum":0.000025749},"relative_timestamp_from_create":{"num":1,"min":0.000001431,"max":0.000001431,"avg":0.000001431,"var":0.000000000.0,"sum":0.000001431}},"forward_cb":{"duration":{"num":1,"min":0.000001431,"max":0.000001431,"avg":0.000001431,"var":0.000000000.0,"sum":0.000001431},"relative_timestamp_from_iforward_start":{"num":1,"min":0.000066757,"max":0.000066757,"avg":0.000066757,"var":0.000000000.0,"sum":0.000066757}},"iforward_wait":{"duration":{"num":1,"min":0.000047207,"max":0.000047207,"avg":0.000047207,"var":0.000000000.0,"sum":0.000047207},"relative_timestamp_from_iforward_end":{"num":1,"min":0.000001431,"max":0.000001431,"avg":0.000001431,"var":0.000000000.0,"sum":0.000001431}},"set_input":{"duration":{"num":1,"min":0.000004768,"max":0.000004768,"avg":0.000004768,"var":0.000000000.0,"sum":0.000004768},"relative_timestamp_from_iforward_start":{"num":1,"min":0.000005722,"max":0.000005722,"avg":0.000005722,"var":0.000000000.0,"sum":0.000005722}},"get_output":{"duration":{"num":1,"min":0.000001907,"max":0.000001907,"avg":0.000001907,"var":0.000000000.0,"sum":0.000001907},"relative_timestamp_from_wait_end":{"num":1,"min":0.000001669,"max":0.000001669,"avg":0.000001669,"var":0.000000000.0,"sum":0.000001669}}}}}}}