{"address":"","progress_loop":{"progress_with_timeout":{"num":11126,"min":0.000000954,"max":0.133393049,"avg":0.102014027,"var":2.058965734,"sum":1135.008061171},"progress_timeout_value_msec":{"num":11126,"min":100.000000000.0,"max":100.000000000.0,"avg":100.000000000.0,"var":0.000000000.0,"sum":1112600.000000000.0},"progress_without_timeout":{"num":168838,"min":0.000000000.0,"max":0.016005278,"avg":0.000000184,"var":0.000256168,"sum":0.031001091},"trigger":{"num":220,"min":0.000000000.0,"max":0.017961740,"avg":0.006626123,"var":0.011591945,"sum":1.457746983}},"rpcs":{"65535:65535:5386877029230641151:0":{"rpc_id":5386877029230641151,"provider_id":0,"parent_rpc_id":65535,"parent_provider_id":65535,"name":"bedrock_query_config","origin":{"sent to ofi+cxi://0x2062d400":{"iforward":{"duration":{"num":1,"min":0.000052929,"max":0.000052929,"avg":0.000052929,"var":0.000000000.0,"sum":0.000052929},"relative_timestamp_from_create":{"num":1,"min":0.000003815,"max":0.000003815,"avg":0.000003815,"var":0.000000000.0,"sum":0.000003815}},"forward_cb":{"duration":{"num":1,"min":0.017961264,"max":0.017961264,"avg":0.017961264,"var":0.000000000.0,"sum":0.017961264},"relative_timestamp_from_iforward_start":{"num":1,"min":0.001188993,"max":0.001188993,"avg":0.001188993,"var":0.000000000.0,"sum":0.001188993}},"iforward_wait":{"duration":{"num":1,"min":0.034914970,"max":0.034914970,"avg":0.034914970,"var":0.000000000.0,"sum":0.034914970},"relative_timestamp_from_iforward_end":{"num":1,"min":0.000016928,"max":0.000016928,"avg":0.000016928,"var":0.000000000.0,"sum":0.000016928}},"set_input":{"duration":{"num":1,"min":0.000010014,"max":0.000010014,"avg":0.000010014,"var":0.000000000.0,"sum":0.000010014},"relative_timestamp_from_iforward_start":{"num":1,"min":0.000014544,"max":0.000014544,"avg":0.000014544,"var":0.000000000.0,"sum":0.000014544}},"get_output":{"duration":{"num":1,"min":0.000003099,"max":0.000003099,"avg":0.000003099,"var":0.000000000.0,"sum":0.000003099},"relative_timestamp_from_wait_end":{"num":1,"min":0.000004768,"max":0.000004768,"avg":0.000004768,"var":0.000000000.0,"sum":0.000004768}}}}},"65535:65535:7940397281847607295:3":{"rpc_id":7940397281847607295,"provider_id":3,"parent_rpc_id":65535,"parent_provider_id":65535,"name":"__identity__","origin":{"sent to ofi+cxi://0x2062d400":{"iforward":{"duration":{"num":1,"min":0.000017881,"max":0.000017881,"avg":0.000017881,"var":0.000000000.0,"sum":0.000017881},"relative_timestamp_from_create":{"num":1,"min":0.000000238,"max":0.000000238,"avg":0.000000238,"var":0.000000000.0,"sum":0.000000238}},"forward_cb":{"duration":{"num":1,"min":0.015860319,"max":0.015860319,"avg":0.015860319,"var":0.000000000.0,"sum":0.015860319},"relative_timestamp_from_iforward_start":{"num":1,"min":0.000042915,"max":0.000042915,"avg":0.000042915,"var":0.000000000.0,"sum":0.000042915}},"iforward_wait":{"duration":{"num":1,"min":0.031886101,"max":0.031886101,"avg":0.031886101,"var":0.000000000.0,"sum":0.031886101},"relative_timestamp_from_iforward_end":{"num":1,"min":0.000000238,"max":0.000000238,"avg":0.000000238,"var":0.000000000.0,"sum":0.000000238}},"set_input":{"duration":{"num":0,"min":0.000000000.0,"max":0.000000000.0,"avg":0.000000000.0,"var":0.000000000.0,"sum":0.000000000.0},"relative_timestamp_from_iforward_start":{"num":0,"min":0.000000000.0,"max":0.000000000.0,"avg":0.000000000.0,"var":0.000000000.0,"sum":0.000000000.0}},"get_output":{"duration":{"num":1,"min":0.000003576,"max":0.000003576,"avg":0.000003576,"var":0.000000000.0,"sum":0.000003576},"relative_timestamp_from_wait_end":{"num":1,"min":0.000000238,"max":0.000000238,"avg":0.000000238,"var":0.000000000.0,"sum":0.000000238}}}}},"65535:65535:15281833229347258367:3":{"rpc_id":-3164910844362293249,"provider_id":3,"parent_rpc_id":65535,"parent_provider_id":65535,"name":"yk_length_direct","origin":{"sent to ofi+cxi://0x2062d400":{"iforward":{"duration":{"num":1,"min":0.000025272,"max":0.000025272,"avg":0.000025272,"var":0.000000000.0,"sum":0.000025272},"relative_timestamp_from_create":{"num":1,"min":0.000000238,"max":0.000000238,"avg":0.000000238,"var":0.000000000.0,"sum":0.000000238}},"forward_cb":{"duration":{"num":1,"min":0.015594006,"max":0.015594006,"avg":0.015594006,"var":0.000000000.0,"sum":0.015594006},"relative_timestamp_from_iforward_start":{"num":1,"min":0.000051975,"max":0.000051975,"avg":0.000051975,"var":0.000000000.0,"sum":0.000051975}},"iforward_wait":{"duration":{"num":1,"min":0.031622410,"max":0.031622410,"avg":0.031622410,"var":0.000000000.0,"sum":0.031622410},"relative_timestamp_from_iforward_end":{"num":1,"min":0.000000238,"max":0.000000238,"avg":0.000000238,"var":0.000000000.0,"sum":0.000000238}},"set_input":{"duration":{"num":1,"min":0.000004053,"max":0.000004053,"avg":0.000004053,"var":0.000000000.0,"sum":0.000004053},"relative_timestamp_from_iforward_start":{"num":1,"min":0.000005960,"max":0.000005960,"avg":0.000005960,"var":0.000000000.0,"sum":0.000005960}},"get_output":{"duration":{"num":1,"min":0.000003338,"max":0.000003338,"avg":0.000003338,"var":0.000000000.0,"sum":0.000003338},"relative_timestamp_from_wait_end":{"num":1,"min":0.000000238,"max":0.000000238,"avg":0.000000238,"var":0.000000000.0,"sum":0.000000238}}}}},"65535:65535:14263933427668549631:3":{"rpc_id":-4182810646041001985,"provider_id":3,"parent_rpc_id":65535,"parent_provider_id":65535,"name":"yk_get","origin":{"sent to ofi+cxi://0x2062d400":{"iforward":{"duration":{"num":1,"min":0.000032425,"max":0.000032425,"avg":0.000032425,"var":0.000000000.0,"sum":0.000032425},"relative_timestamp_from_create":{"num":1,"min":0.000000000.0,"max":0.000000000.0,"avg":0.000000000.0,"var":0.000000000.0,"sum":0.000000000.0}},"forward_cb":{"duration":{"num":1,"min":0.015809059,"max":0.015809059,"avg":0.015809059,"var":0.000000000.0,"sum":0.015809059},"relative_timestamp_from_iforward_start":{"num":1,"min":0.000087261,"max":0.000087261,"avg":0.000087261,"var":0.000000000.0,"sum":0.000087261}},"iforward_wait":{"duration":{"num":1,"min":0.031863213,"max":0.031863213,"avg":0.031863213,"var":0.000000000.0,"sum":0.031863213},"relative_timestamp_from_iforward_end":{"num":1,"min":0.000000238,"max":0.000000238,"avg":0.000000238,"var":0.000000000.0,"sum":0.000000238}},"set_input":{"duration":{"num":1,"min":0.000005245,"max":0.000005245,"avg":0.000005245,"var":0.000000000.0,"sum":0.000005245},"relative_timestamp_from_iforward_start":{"num":1,"min":0.000007391,"max":0.000007391,"avg":0.000007391,"var":0.000000000.0,"sum":0.000007391}},"get_output":{"duration":{"num":1,"min":0.000000238,"max":0.000000238,"avg":0.000000238,"var":0.000000000.0,"sum":0.000000238},"relative_timestamp_from_wait_end":{"num":1,"min":0.000000000.0,"max":0.000000000.0,"avg":0.000000000.0,"var":0.000000000.0,"sum":0.000000000.0}}}}},"65535:65535:6151631875094937599:3":{"rpc_id":6151631875094937599,"provider_id":3,"parent_rpc_id":65535,"parent_provider_id":65535,"name":"yk_doc_iter","origin":{"sent to ofi+cxi://0x2062d400":{"iforward":{"duration":{"num":2,"min":0.000019550,"max":0.032007694,"avg":0.016013622,"var":0.000511621,"sum":0.032027245},"relative_timestamp_from_create":{"num":2,"min":0.000000000.0,"max":0.000000238,"avg":0.000000119,"var":0.000000000,"sum":0.000000238}},"forward_cb":{"duration":{"num":2,"min":0.000000238,"max":0.015963316,"avg":0.007981777,"var":0.000127410,"sum":0.015963554},"relative_timestamp_from_iforward_start":{"num":2,"min":0.032031536,"max":0.047974110,"avg":0.040002823,"var":0.000127083,"sum":0.080005646}},"iforward_wait":{"duration":{"num":2,"min":0.031986952,"max":0.063955784,"avg":0.047971368,"var":0.000511003,"sum":0.095942736},"relative_timestamp_from_iforward_end":{"num":2,"min":0.000000000.0,"max":0.000000238,"avg":0.000000119,"var":0.000000000,"sum":0.000000238}},"set_input":{"duration":{"num":2,"min":0.000000477,"max":0.000002146,"avg":0.000001311,"var":0.000000000,"sum":0.000002623},"relative_timestamp_from_iforward_start":{"num":2,"min":0.000001907,"max":0.000005007,"avg":0.000003457,