{"address":"","progress_loop":{"progress_with_timeout":{"num":11,"min":0.000001907,"max":0.097777367,"avg":0.009020285,"var":0.008665984,"sum":0.099223137},"progress_timeout_value_msec":{"num":11,"min":100.000000000.0,"max":100.000000000.0,"avg":100.000000000.0,"var":0.000000000.0,"sum":1100.000000000.0},"progress_without_timeout":{"num":0,"min":0.000000000.0,"max":0.000000000.0,"avg":0.000000000.0,"var":0.000000000.0,"sum":0.000000000.0},"trigger":{"num":5,"min":0.000003338,"max":0.000004292,"avg":0.000003767,"var":0.000000000,"sum":0.000018835}},"rpcs":{"65535:65535:5386877029230641151:0":{"rpc_id":5386877029230641151,"provider_id":0,"parent_rpc_id":65535,"parent_provider_id":65535,"name":"bedrock_query_config","origin":{"sent to ofi+cxi://0x2062d400":{"iforward":{"duration":{"num":2,"min":0.000018597,"max":0.000097275,"avg":0.000057936,"var":0.000000003,"sum":0.000115871},"relative_timestamp_from_create":{"num":2,"min":0.000000954,"max":0.000007629,"avg":0.000004292,"var":0.000000000,"sum":0.000008583}},"forward_cb":{"duration":{"num":2,"min":0.000000954,"max":0.000001431,"avg":0.000001192,"var":0.000000000,"sum":0.000002384},"relative_timestamp_from_iforward_start":{"num":2,"min":0.000509024,"max":0.000695467,"avg":0.000602245,"var":0.000000017,"sum":0.001204491}},"iforward_wait":{"duration":{"num":2,"min":0.000494242,"max":0.000573397,"avg":0.000533819,"var":0.000000003,"sum":0.001067638},"relative_timestamp_from_iforward_end":{"num":2,"min":0.000001907,"max":0.000031471,"avg":0.000016689,"var":0.000000000,"sum":0.000033379}},"set_input":{"duration":{"num":2,"min":0.000001907,"max":0.000020504,"avg":0.000011206,"var":0.000000000,"sum":0.000022411},"relative_timestamp_from_iforward_start":{"num":2,"min":0.000003815,"max":0.000047207,"avg":0.000025511,"var":0.000000001,"sum":0.000051022}},"get_output":{"duration":{"num":2,"min":0.000001431,"max":0.000005245,"avg":0.000003338,"var":0.000000000,"sum":0.000006676},"relative_timestamp_from_wait_end":{"num":2,"min":0.000001907,"max":0.000008106,"avg":0.000005007,"var":0.000000000,"sum":0.000010014}}}}},"65535:65535:7940397281847607295:3":{"rpc_id":7940397281847607295,"provider_id":3,"parent_rpc_id":65535,"parent_provider_id":65535,"name":"__identity__","origin":{"sent to ofi+cxi://0x2062d400":{"iforward":{"duration":{"num":1,"min":0.000020266,"max":0.000020266,"avg":0.000020266,"var":0.000000000.0,"sum":0.000020266},"relative_timestamp_from_create":{"num":1,"min":0.000001431,"max":0.000001431,"avg":0.000001431,"var":0.000000000.0,"sum":0.000001431}},"forward_cb":{"duration":{"num":1,"min":0.000000954,"max":0.000000954,"avg":0.000000954,"var":0.000000000.0,"sum":0.000000954},"relative_timestamp_from_iforward_start":{"num":1,"min":0.000043631,"max":0.000043631,"avg":0.000043631,"var":0.000000000.0,"sum":0.000043631}},"iforward_wait":{"duration":{"num":1,"min":0.000027657,"max":0.000027657,"avg":0.000027657,"var":0.000000000.0,"sum":0.000027657},"relative_timestamp_from_iforward_end":{"num":1,"min":0.000001669,"max":0.000001669,"avg":0.000001669,"var":0.000000000.0,"sum":0.000001669}},"set_input":{"duration":{"num":0,"min":0.000000000.0,"max":0.000000000.0,"avg":0.000000000.0,"var":0.000000000.0,"sum":0.000000000.0},"relative_timestamp_from_iforward_start":{"num":0,"min":0.000000000.0,"max":0.000000000.0,"avg":0.000000000.0,"var":0.000000000.0,"sum":0.000000000.0}},"get_output":{"duration":{"num":1,"min":0.000005484,"max":0.000005484,"avg":0.000005484,"var":0.000000000.0,"sum":0.000005484},"relative_timestamp_from_wait_end":{"num":1,"min":0.000001192,"max":0.000001192,"avg":0.000001192,"var":0.000000000.0,"sum":0.000001192}}}}},"65535:65535:13994581936748691455:0":{"rpc_id":-4452162136960860161,"provider_id":0,"parent_rpc_id":65535,"parent_provider_id":65535,"name":"bedrock_start_provider","origin":{"sent to ofi+cxi://0x2062d400":{"iforward":{"duration":{"num":1,"min":0.000030756,"max":0.000030756,"avg":0.000030756,"var":0.000000000.0,"sum":0.000030756},"relative_timestamp_from_create":{"num":1,"min":0.000001669,"max":0.000001669,"avg":0.000001669,"var":0.000000000.0,"sum":0.000001669}},"forward_cb":{"duration":{"num":1,"min":0.000001431,"max":0.000001431,"avg":0.000001431,"var":0.000000000.0,"sum":0.000001431},"relative_timestamp_from_iforward_start":{"num":1,"min":0.000285625,"max":0.000285625,"avg":0.000285625,"var":0.000000000.0,"sum":0.000285625}},"iforward_wait":{"duration":{"num":1,"min":0.000259638,"max":0.000259638,"avg":0.000259638,"var":0.000000000.0,"sum":0.000259638},"relative_timestamp_from_iforward_end":{"num":1,"min":0.000001431,"max":0.000001431,"avg":0.000001431,"var":0.000000000.0,"sum":0.000001431}},"set_input":{"duration":{"num":1,"min":0.000001431,"max":0.000001431,"avg":0.000001431,"var":0.000000000.0,"sum":0.000001431},"relative_timestamp_from_iforward_start":{"num":1,"min":0.000005960,"max":0.000005960,"avg":0.000005960,"var":0.000000000.0,"sum":0.000005960}},"get_output":{"duration":{"num":1,"min":0.000000954,"max":0.000000954,"avg":0.000000954,"var":0.000000000.0,"sum":0.000000954},"relative_timestamp_from_wait_end":{"num":1,"min":0.000001431,"max":0.000001431,"avg":0.000001431,"var":0.000000000.0,"sum":0.000001431}}}}},"65535:65535:16409450654956847103:3":{"rpc_id":-2037293418752704513,"provider_id":3,"parent_rpc_id":65535,"parent_provider_id":65535,"name":"yk_doc_store","origin":{"sent to ofi+cxi://0x2062d400":{"iforward":{"duration":{"num":1,"min":0.000037193,"max":0.000037193,"avg":0.000037193,"var":0.000000000.0,"sum":0.000037193},"relative_timestamp_from_create":{"num":1,"min":0.000001907,"max":0.000001907,"avg":0.000001907,"var":0.000000000.0,"sum":0.000001907}},"forward_cb":{"duration":{"num":1,"min":0.000000715,"max":0.000000715,"avg":0.000000715,"var":0.000000000.0,"sum":0.000000715},"relative_timestamp_from_iforward_start":{"num":1,"min":0.000211239,"max":0.000211239,"avg":0.000211239,"var":0.000000000.0,"sum":0.000211239}},"iforward_wait":{"duration":{"num":1,"min":0.000179529,"max":0.000179529,"avg":0.000179529,"var":0.000000000.0,"sum":0.000179529},"relative_timestamp_from_iforward_end":{"num":1,"min":0.000000954,"max":0.000000954,"avg":0.000000954,"var":0.000000000.0,"sum":0.000000954}},"set_input":{"duration":{"num":1,"min":0.000009537,"max":0.000009537,"avg":0.000009537,"var":0.000000000.0,"sum":0.000009537},"relative_timestamp_from_iforward_start":{"num":1,"min":0.000006676,"max":0.000006676,"avg":0.000006676,"var":0.000000000.0,"sum":0.000006676}},"get_output":{"duration":{"num":1,"min":0.000008106,"max":0.000008106,"avg":0.000008106,"var":0.000000000.0,"sum":0.000008106},"relative_timestamp_from_wait_end":{"num":1,"min":0.000000954,"max":0.000000954,"avg":0.000000954,"var":0.000000000.0,"sum":0.000000954}}}}},"65535:65535:65535:65535":{"rpc_id":65535,"provider_id":65535,"parent_rpc_id":65535,"parent_provider_id":65535,"name":"","target":{"received from <unknown>":{"bulk":{"create":{"duration":{"num":1,"min":0.000041962,"max":0.000041962,"avg":0.000041962,"var":0.000000000.0,"sum":0.000041962},"size":{"num":1,"min":104.000000000.0,"max":104.000000000.0,"avg":104.000000000.0,"var":0.000000000.0,"sum":104.000000000.0}}}}}}}}