{"address":"","progress_loop":{"progress_with_timeout":{"num":11,"min":0.000001907,"max":0.098568439,"avg":0.009080172,"var":0.008809407,"sum":0.099881887},"progress_timeout_value_msec":{"num":11,"min":100.000000000.0,"max":100.000000000.0,"avg":100.000000000.0,"var":0.000000000.0,"sum":1100.000000000.0},"progress_without_timeout":{"num":0,"min":0.000000000.0,"max":0.000000000.0,"avg":0.000000000.0,"var":0.000000000.0,"sum":0.000000000.0},"trigger":{"num":5,"min":0.000003338,"max":0.000004053,"avg":0.000003719,"var":0.000000000,"sum":0.000018597}},"rpcs":{"65535:65535:5386877029230641151:0":{"rpc_id":5386877029230641151,"provider_id":0,"parent_rpc_id":65535,"parent_provider_id":65535,"name":"bedrock_query_config","origin":{"sent to ofi+cxi://0x2062d400":{"iforward":{"duration":{"num":2,"min":0.000019073,"max":0.000077724,"avg":0.000048399,"var":0.000000002,"sum":0.000096798},"relative_timestamp_from_create":{"num":2,"min":0.000001431,"max":0.000008583,"avg":0.000005007,"var":0.000000000,"sum":0.000010014}},"forward_cb":{"duration":{"num":2,"min":0.000001431,"max":0.000001431,"avg":0.000001431,"var":0.000000000.0,"sum":0.000002861},"relative_timestamp_from_iforward_start":{"num":2,"min":0.000540495,"max":0.000729799,"avg":0.000635147,"var":0.000000018,"sum":0.001270294}},"iforward_wait":{"duration":{"num":2,"min":0.000526190,"max":0.000626087,"avg":0.000576138,"var":0.000000005,"sum":0.001152277},"relative_timestamp_from_iforward_end":{"num":2,"min":0.000000954,"max":0.000032663,"avg":0.000016809,"var":0.000000001,"sum":0.000033617}},"set_input":{"duration":{"num":2,"min":0.000001431,"max":0.000019550,"avg":0.000010490,"var":0.000000000,"sum":0.000020981},"relative_timestamp_from_iforward_start":{"num":2,"min":0.000003338,"max":0.000024319,"avg":0.000013828,"var":0.000000000,"sum":0.000027657}},"get_output":{"duration":{"num":2,"min":0.000001907,"max":0.000005007,"avg":0.000003457,"var":0.000000000,"sum":0.000006914},"relative_timestamp_from_wait_end":{"num":2,"min":0.000001431,"max":0.000008106,"avg":0.000004768,"var":0.000000000,"sum":0.000009537}}}}},"65535:65535:7940397281847607295:3":{"rpc_id":7940397281847607295,"provider_id":3,"parent_rpc_id":65535,"parent_provider_id":65535,"name":"__identity__","origin":{"sent to ofi+cxi://0x2062d400":{"iforward":{"duration":{"num":1,"min":0.000021935,"max":0.000021935,"avg":0.000021935,"var":0.000000000.0,"sum":0.000021935},"relative_timestamp_from_create":{"num":1,"min":0.000000954,"max":0.000000954,"avg":0.000000954,"var":0.000000000.0,"sum":0.000000954}},"forward_cb":{"duration":{"num":1,"min":0.000001431,"max":0.000001431,"avg":0.000001431,"var":0.000000000.0,"sum":0.000001431},"relative_timestamp_from_iforward_start":{"num":1,"min":0.000051975,"max":0.000051975,"avg":0.000051975,"var":0.000000000.0,"sum":0.000051975}},"iforward_wait":{"duration":{"num":1,"min":0.000035763,"max":0.000035763,"avg":0.000035763,"var":0.000000000.0,"sum":0.000035763},"relative_timestamp_from_iforward_end":{"num":1,"min":0.000000954,"max":0.000000954,"avg":0.000000954,"var":0.000000000.0,"sum":0.000000954}},"set_input":{"duration":{"num":0,"min":0.000000000.0,"max":0.000000000.0,"avg":0.000000000.0,"var":0.000000000.0,"sum":0.000000000.0},"relative_timestamp_from_iforward_start":{"num":0,"min":0.000000000.0,"max":0.000000000.0,"avg":0.000000000.0,"var":0.000000000.0,"sum":0.000000000.0}},"get_output":{"duration":{"num":1,"min":0.000004768,"max":0.000004768,"avg":0.000004768,"var":0.000000000.0,"sum":0.000004768},"relative_timestamp_from_wait_end":{"num":1,"min":0.000001431,"max":0.000001431,"avg":0.000001431,"var":0.000000000.0,"sum":0.000001431}}}}},"65535:65535:13994581936748691455:0":{"rpc_id":-4452162136960860161,"provider_id":0,"parent_rpc_id":65535,"parent_provider_id":65535,"name":"bedrock_start_provider","origin":{"sent to ofi+cxi://0x2062d400":{"iforward":{"duration":{"num":1,"min":0.000031471,"max":0.000031471,"avg":0.000031471,"var":0.000000000.0,"sum":0.000031471},"relative_timestamp_from_create":{"num":1,"min":0.000001431,"max":0.000001431,"avg":0.000001431,"var":0.000000000.0,"sum":0.000001431}},"forward_cb":{"duration":{"num":1,"min":0.000001431,"max":0.000001431,"avg":0.000001431,"var":0.000000000.0,"sum":0.000001431},"relative_timestamp_from_iforward_start":{"num":1,"min":0.000158310,"max":0.000158310,"avg":0.000158310,"var":0.000000000.0,"sum":0.000158310}},"iforward_wait":{"duration":{"num":1,"min":0.000132561,"max":0.000132561,"avg":0.000132561,"var":0.000000000.0,"sum":0.000132561},"relative_timestamp_from_iforward_end":{"num":1,"min":0.000000954,"max":0.000000954,"avg":0.000000954,"var":0.000000000.0,"sum":0.000000954}},"set_input":{"duration":{"num":1,"min":0.000001669,"max":0.000001669,"avg":0.000001669,"var":0.000000000.0,"sum":0.000001669},"relative_timestamp_from_iforward_start":{"num":1,"min":0.000008821,"max":0.000008821,"avg":0.000008821,"var":0.000000000.0,"sum":0.000008821}},"get_output":{"duration":{"num":1,"min":0.000001907,"max":0.000001907,"avg":0.000001907,"var":0.000000000.0,"sum":0.000001907},"relative_timestamp_from_wait_end":{"num":1,"min":0.000001431,"max":0.000001431,"avg":0.000001431,"var":0.000000000.0,"sum":0.000001431}}}}},"65535:65535:16409450654956847103:3":{"rpc_id":-2037293418752704513,"provider_id":3,"parent_rpc_id":65535,"parent_provider_id":65535,"name":"yk_doc_store","origin":{"sent to ofi+cxi://0x2062d400":{"iforward":{"duration":{"num":1,"min":0.000034571,"max":0.000034571,"avg":0.000034571,"var":0.000000000.0,"sum":0.000034571},"relative_timestamp_from_create":{"num":1,"min":0.000001431,"max":0.000001431,"avg":0.000001431,"var":0.000000000.0,"sum":0.000001431}},"forward_cb":{"duration":{"num":1,"min":0.000000715,"max":0.000000715,"avg":0.000000715,"var":0.000000000.0,"sum":0.000000715},"relative_timestamp_from_iforward_start":{"num":1,"min":0.000109911,"max":0.000109911,"avg":0.000109911,"var":0.000000000.0,"sum":0.000109911}},"iforward_wait":{"duration":{"num":1,"min":0.000080824,"max":0.000080824,"avg":0.000080824,"var":0.000000000.0,"sum":0.000080824},"relative_timestamp_from_iforward_end":{"num":1,"min":0.000000954,"max":0.000000954,"avg":0.000000954,"var":0.000000000.0,"sum":0.000000954}},"set_input":{"duration":{"num":1,"min":0.000009537,"max":0.000009537,"avg":0.000009537,"var":0.000000000.0,"sum":0.000009537},"relative_timestamp_from_iforward_start":{"num":1,"min":0.000005722,"max":0.000005722,"avg":0.000005722,"var":0.000000000.0,"sum":0.000005722}},"get_output":{"duration":{"num":1,"min":0.000007868,"max":0.000007868,"avg":0.000007868,"var":0.000000000.0,"sum":0.000007868},"relative_timestamp_from_wait_end":{"num":1,"min":0.000001669,"max":0.000001669,"avg":0.000001669,"var":0.000000000.0,"sum":0.000001669}}}}},"65535:65535:65535:65535":{"rpc_id":65535,"provider_id":65535,"parent_rpc_id":65535,"parent_provider_id":65535,"name":"","target":{"received from <unknown>":{"bulk":{"create":{"duration":{"num":1,"min":0.000043631,"max":0.000043631,"avg":0.000043631,"var":0.000000000.0,"sum":0.000043631},"size":{"num":1,"min":105.000000000.0,"max":105.000000000.0,"avg":105.000000000.0,"var":0.000000000.0,"sum":105.000000000.0}}}}}}}}