{"address":"","progress_loop":{"progress_with_timeout":{"num":26217,"min":0.000001431,"max":0.130571604,"avg":0.099505768,"var":1.175452442,"sum":2608.742730856},"progress_timeout_value_msec":{"num":26217,"min":100.000000000.0,"max":100.000000000.0,"avg":100.000000000.0,"var":0.000000000.0,"sum":2621700.000000000.0},"progress_without_timeout":{"num":159965,"min":0.000000000.0,"max":0.000004292,"avg":0.000000080,"var":0.000000002,"sum":0.012841940},"trigger":{"num":118,"min":0.000000238,"max":0.019910574,"avg":0.010759659,"var":0.003467298,"sum":1.269639730}},"rpcs":{"65535:65535:5386877029230641151:0":{"rpc_id":5386877029230641151,"provider_id":0,"parent_rpc_id":65535,"parent_provider_id":65535,"name":"bedrock_query_config","origin":{"sent to ofi+cxi://0x20831a00":{"iforward":{"duration":{"num":1,"min":0.000136137,"max":0.000136137,"avg":0.000136137,"var":0.000000000.0,"sum":0.000136137},"relative_timestamp_from_create":{"num":1,"min":0.000018835,"max":0.000018835,"avg":0.000018835,"var":0.000000000.0,"sum":0.000018835}},"forward_cb":{"duration":{"num":1,"min":0.016244411,"max":0.016244411,"avg":0.016244411,"var":0.000000000.0,"sum":0.016244411},"relative_timestamp_from_iforward_start":{"num":1,"min":0.000712156,"max":0.000712156,"avg":0.000712156,"var":0.000000000.0,"sum":0.000712156}},"iforward_wait":{"duration":{"num":1,"min":0.032711029,"max":0.032711029,"avg":0.032711029,"var":0.000000000.0,"sum":0.032711029},"relative_timestamp_from_iforward_end":{"num":1,"min":0.000086784,"max":0.000086784,"avg":0.000086784,"var":0.000000000.0,"sum":0.000086784}},"set_input":{"duration":{"num":1,"min":0.000055313,"max":0.000055313,"avg":0.000055313,"var":0.000000000.0,"sum":0.000055313},"relative_timestamp_from_iforward_start":{"num":1,"min":0.000052929,"max":0.000052929,"avg":0.000052929,"var":0.000000000.0,"sum":0.000052929}},"get_output":{"duration":{"num":1,"min":0.000010014,"max":0.000010014,"avg":0.000010014,"var":0.000000000.0,"sum":0.000010014},"relative_timestamp_from_wait_end":{"num":1,"min":0.000025272,"max":0.000025272,"avg":0.000025272,"var":0.000000000.0,"sum":0.000025272}}}}},"65535:65535:7940397281847607295:3":{"rpc_id":7940397281847607295,"provider_id":3,"parent_rpc_id":65535,"parent_provider_id":65535,"name":"__identity__","origin":{"sent to ofi+cxi://0x20831a00":{"iforward":{"duration":{"num":1,"min":0.000016928,"max":0.000016928,"avg":0.000016928,"var":0.000000000.0,"sum":0.000016928},"relative_timestamp_from_create":{"num":1,"min":0.000000238,"max":0.000000238,"avg":0.000000238,"var":0.000000000.0,"sum":0.000000238}},"forward_cb":{"duration":{"num":1,"min":0.015651464,"max":0.015651464,"avg":0.015651464,"var":0.000000000.0,"sum":0.015651464},"relative_timestamp_from_iforward_start":{"num":1,"min":0.000037432,"max":0.000037432,"avg":0.000037432,"var":0.000000000.0,"sum":0.000037432}},"iforward_wait":{"duration":{"num":1,"min":0.031670570,"max":0.031670570,"avg":0.031670570,"var":0.000000000.0,"sum":0.031670570},"relative_timestamp_from_iforward_end":{"num":1,"min":0.000000238,"max":0.000000238,"avg":0.000000238,"var":0.000000000.0,"sum":0.000000238}},"set_input":{"duration":{"num":0,"min":0.000000000.0,"max":0.000000000.0,"avg":0.000000000.0,"var":0.000000000.0,"sum":0.000000000.0},"relative_timestamp_from_iforward_start":{"num":0,"min":0.000000000.0,"max":0.000000000.0,"avg":0.000000000.0,"var":0.000000000.0,"sum":0.000000000.0}},"get_output":{"duration":{"num":1,"min":0.000017881,"max":0.000017881,"avg":0.000017881,"var":0.000000000.0,"sum":0.000017881},"relative_timestamp_from_wait_end":{"num":1,"min":0.000000238,"max":0.000000238,"avg":0.000000238,"var":0.000000000.0,"sum":0.000000238}}}}},"65535:65535:15281833229347258367:3":{"rpc_id":-3164910844362293249,"provider_id":3,"parent_rpc_id":65535,"parent_provider_id":65535,"name":"yk_length_direct","origin":{"sent to ofi+cxi://0x20831a00":{"iforward":{"duration":{"num":1,"min":0.030982018,"max":0.030982018,"avg":0.030982018,"var":0.000000000.0,"sum":0.030982018},"relative_timestamp_from_create":{"num":1,"min":0.000000000.0,"max":0.000000000.0,"avg":0.000000000.0,"var":0.000000000.0,"sum":0.000000000.0}},"forward_cb":{"duration":{"num":1,"min":0.015961885,"max":0.015961885,"avg":0.015961885,"var":0.000000000.0,"sum":0.015961885},"relative_timestamp_from_iforward_start":{"num":1,"min":0.031003237,"max":0.031003237,"avg":0.031003237,"var":0.000000000.0,"sum":0.031003237}},"iforward_wait":{"duration":{"num":1,"min":0.031983852,"max":0.031983852,"avg":0.031983852,"var":0.000000000.0,"sum":0.031983852},"relative_timestamp_from_iforward_end":{"num":1,"min":0.000000238,"max":0.000000238,"avg":0.000000238,"var":0.000000000.0,"sum":0.000000238}},"set_input":{"duration":{"num":1,"min":0.000018358,"max":0.000018358,"avg":0.000018358,"var":0.000000000.0,"sum":0.000018358},"relative_timestamp_from_iforward_start":{"num":1,"min":0.000005722,"max":0.000005722,"avg":0.000005722,"var":0.000000000.0,"sum":0.000005722}},"get_output":{"duration":{"num":1,"min":0.000013828,"max":0.000013828,"avg":0.000013828,"var":0.000000000.0,"sum":0.000013828},"relative_timestamp_from_wait_end":{"num":1,"min":0.000000477,"max":0.000000477,"avg":0.000000477,"var":0.000000000.0,"sum":0.000000477}}}}},"65535:65535:14263933427668549631:3":{"rpc_id":-4182810646041001985,"provider_id":3,"parent_rpc_id":65535,"parent_provider_id":65535,"name":"yk_get","origin":{"sent to ofi+cxi://0x20831a00":{"iforward":{"duration":{"num":1,"min":0.000052214,"max":0.000052214,"avg":0.000052214,"var":0.000000000.0,"sum":0.000052214},"relative_timestamp_from_create":{"num":1,"min":0.000000000.0,"max":0.000000000.0,"avg":0.000000000.0,"var":0.000000000.0,"sum":0.000000000.0}},"forward_cb":{"duration":{"num":1,"min":0.015760422,"max":0.015760422,"avg":0.015760422,"var":0.000000000.0,"sum":0.015760422},"relative_timestamp_from_iforward_start":{"num":1,"min":0.000115395,"max":0.000115395,"avg":0.000115395,"var":0.000000000.0,"sum":0.000115395}},"iforward_wait":{"duration":{"num":1,"min":0.031822920,"max":0.031822920,"avg":0.031822920,"var":0.000000000.0,"sum":0.031822920},"relative_timestamp_from_iforward_end":{"num":1,"min":0.000000238,"max":0.000000238,"avg":0.000000238,"var":0.000000000.0,"sum":0.000000238}},"set_input":{"duration":{"num":1,"min":0.000023365,"max":0.000023365,"avg":0.000023365,"var":0.000000000.0,"sum":0.000023365},"relative_timestamp_from_iforward_start":{"num":1,"min":0.000008821,"max":0.000008821,"avg":0.000008821,"var":0.000000000.0,"sum":0.000008821}},"get_output":{"duration":{"num":1,"min":0.000000238,"max":0.000000238,"avg":0.000000238,"var":0.000000000.0,"sum":0.000000238},"relative_timestamp_from_wait_end":{"num":1,"min":0.000000238,"max":0.000000238,"avg":0.000000238,"var":0.000000000.0,"sum":0.000000238}}}}},"65535:65535:6151631875094937599:3":{"rpc_id":6151631875094937599,"provider_id":3,"parent_rpc_id":65535,"parent_provider_id":65535,"name":"yk_doc_iter","origin":{"sent to ofi+cxi://0x20831a00":{"iforward":{"duration":{"num":2,"min":0.000014067,"max":0.000028610,"avg":0.000021338,"var":0.000000000,"sum":0.000042677},"relative_timestamp_from_create":{"num":2,"min":0.000000000.0,"max":0.000000238,"avg":0.000000119,"var":0.000000000,"sum":0.000000238}},"forward_cb":{"duration":{"num":2,"min":0.000000000.0,"max":0.015964746,"avg":0.007982373,"var":0.000127437,"sum":0.015964746},"relative_timestamp_from_iforward_start":{"num":2,"min":0.000030279,"max":0.047918558,"avg":0.023974419,"var":0.001146644,"sum":0.047948837}},"iforward_wait":{"duration":{"num":2,"min":0.031981707,"max":0.063888788,"avg":0.047935247,"var":0.000509031,"sum":0.095870495},"relative_timestamp_from_iforward_end":{"num":2,"min":0.000000238,"max":0.000000238,"avg":0.000000238,"var":0.000000000.0,"sum":0.000000477}},"set_input":{"duration":{"num":2,"min":0.000000238,"max":0.000010014,"avg":0.000005126,"var":0.000000000,"sum":0.000010252},"relative_timestamp_from_iforward_start":{"num":2,"min":0.000001907,"max":0.000005722,"avg":0.000003815,